customer_id,monthly_charges,tenure_months,contract_type,churn_probability,risk_tier,predicted_churn,actual_churn
0,29.85,1,Month-to-month,0.6717,"High Risk
(60–100%)",1,0
1,56.95,34,One year,0.0407,"Low Risk
(0–30%)",0,0
2,53.85,2,Month-to-month,0.2911,"Low Risk
(0–30%)",0,1
3,42.3,45,One year,0.0422,"Low Risk
(0–30%)",0,0
4,70.7,2,Month-to-month,0.6544,"High Risk
(60–100%)",1,1
5,99.65,8,Month-to-month,0.8296,"High Risk
(60–100%)",1,1
6,89.1,22,Month-to-month,0.4203,"Medium Risk
(30–60%)",0,0
7,29.75,10,Month-to-month,0.206,"Low Risk
(0–30%)",0,0
8,104.8,28,Month-to-month,0.5808,"Medium Risk
(30–60%)",1,1
9,56.15,62,One year,0.0293,"Low Risk
(0–30%)",0,0
10,49.95,13,Month-to-month,0.1775,"Low Risk
(0–30%)",0,0
11,18.95,16,Two year,0.0196,"Low Risk
(0–30%)",0,0
12,100.35,58,One year,0.2263,"Low Risk
(0–30%)",0,0
13,103.7,49,Month-to-month,0.4454,"Medium Risk
(30–60%)",0,1
14,105.5,25,Month-to-month,0.5009,"Medium Risk
(30–60%)",1,0
15,113.25,69,Two year,0.0489,"Low Risk
(0–30%)",0,0
16,20.65,52,One year,0.0318,"Low Risk
(0–30%)",0,0
17,106.7,71,Two year,0.0972,"Low Risk
(0–30%)",0,0
18,55.2,10,Month-to-month,0.1807,"Low Risk
(0–30%)",0,1
19,90.05,21,Month-to-month,0.473,"Medium Risk
(30–60%)",0,0
20,39.65,1,Month-to-month,0.7595,"High Risk
(60–100%)",1,1
21,19.8,12,One year,0.0412,"Low Risk
(0–30%)",0,0
22,20.15,1,Month-to-month,0.3366,"Medium Risk
(30–60%)",0,1
23,59.9,58,Two year,0.0332,"Low Risk
(0–30%)",0,0
24,59.6,49,Month-to-month,0.0817,"Low Risk
(0–30%)",0,0
25,55.3,30,Month-to-month,0.1362,"Low Risk
(0–30%)",0,0
26,99.35,47,Month-to-month,0.5077,"Medium Risk
(30–60%)",1,1
27,30.2,1,Month-to-month,0.5189,"Medium Risk
(30–60%)",1,1
28,90.25,72,Two year,0.0183,"Low Risk
(0–30%)",0,0
29,64.7,17,Month-to-month,0.2445,"Low Risk
(0–30%)",0,1
30,96.35,71,Two year,0.0252,"Low Risk
(0–30%)",0,0
31,95.5,2,Month-to-month,0.7687,"High Risk
(60–100%)",1,0
32,66.15,27,One year,0.0337,"Low Risk
(0–30%)",0,0
33,20.2,1,Month-to-month,0.3083,"Medium Risk
(30–60%)",0,0
34,45.25,1,Month-to-month,0.5717,"Medium Risk
(30–60%)",1,0
35,99.9,72,Two year,0.0198,"Low Risk
(0–30%)",0,0
36,69.7,5,Month-to-month,0.6334,"High Risk
(60–100%)",1,1
37,74.8,46,Month-to-month,0.2608,"Low Risk
(0–30%)",0,0
38,106.35,34,Month-to-month,0.5389,"Medium Risk
(30–60%)",1,1
39,97.85,11,Month-to-month,0.729,"High Risk
(60–100%)",1,1
40,49.55,10,One year,0.08,"Low Risk
(0–30%)",0,0
41,69.2,70,Two year,0.0292,"Low Risk
(0–30%)",0,0
42,20.75,17,One year,0.0323,"Low Risk
(0–30%)",0,0
43,79.85,63,Two year,0.0219,"Low Risk
(0–30%)",0,0
44,76.2,13,Month-to-month,0.247,"Low Risk
(0–30%)",0,0
45,84.5,49,Month-to-month,0.4641,"Medium Risk
(30–60%)",0,0
46,49.25,2,Month-to-month,0.3623,"Medium Risk
(30–60%)",0,0
47,80.65,2,Month-to-month,0.7371,"High Risk
(60–100%)",1,1
48,79.75,52,Two year,0.0377,"Low Risk
(0–30%)",0,0
49,64.15,69,Two year,0.0214,"Low Risk
(0–30%)",0,0
50,90.25,43,Month-to-month,0.4903,"Medium Risk
(30–60%)",0,0
51,99.1,15,Month-to-month,0.5004,"Medium Risk
(30–60%)",1,1
52,69.5,25,Month-to-month,0.141,"Low Risk
(0–30%)",0,0
53,80.65,8,Month-to-month,0.654,"High Risk
(60–100%)",1,1
54,74.85,60,One year,0.0485,"Low Risk
(0–30%)",0,0
55,95.45,18,Month-to-month,0.6595,"High Risk
(60–100%)",1,1
56,99.65,63,One year,0.1326,"Low Risk
(0–30%)",0,0
57,108.45,66,One year,0.2162,"Low Risk
(0–30%)",0,0
58,24.95,34,Two year,0.0176,"Low Risk
(0–30%)",0,0
59,107.5,72,Two year,0.0824,"Low Risk
(0–30%)",0,0
60,100.5,47,Month-to-month,0.5626,"Medium Risk
(30–60%)",1,0
61,89.9,60,Month-to-month,0.2711,"Low Risk
(0–30%)",0,0
62,42.1,72,Two year,0.0218,"Low Risk
(0–30%)",0,0
63,54.4,18,One year,0.0803,"Low Risk
(0–30%)",0,0
64,94.4,9,Month-to-month,0.6947,"High Risk
(60–100%)",1,1
65,75.3,3,Month-to-month,0.3688,"Medium Risk
(30–60%)",0,0
66,78.9,47,One year,0.1731,"Low Risk
(0–30%)",0,0
67,79.2,31,Two year,0.0448,"Low Risk
(0–30%)",0,0
68,20.15,50,Two year,0.0176,"Low Risk
(0–30%)",0,0
69,79.85,10,Month-to-month,0.415,"Medium Risk
(30–60%)",0,0
70,49.05,1,Month-to-month,0.3853,"Medium Risk
(30–60%)",0,0
71,20.4,52,One year,0.0411,"Low Risk
(0–30%)",0,0
72,111.6,64,Two year,0.1072,"Low Risk
(0–30%)",0,0
73,24.25,62,Two year,0.0138,"Low Risk
(0–30%)",0,0
74,64.5,3,Month-to-month,0.2311,"Low Risk
(0–30%)",0,0
75,110.5,56,One year,0.2196,"Low Risk
(0–30%)",0,0
76,55.65,46,One year,0.1112,"Low Risk
(0–30%)",0,0
77,54.65,8,Month-to-month,0.143,"Low Risk
(0–30%)",0,0
78,74.75,30,Month-to-month,0.2101,"Low Risk
(0–30%)",0,0
79,25.9,45,One year,0.0351,"Low Risk
(0–30%)",0,0
80,79.35,1,Month-to-month,0.8453,"High Risk
(60–100%)",1,1
81,50.55,11,Month-to-month,0.2663,"Low Risk
(0–30%)",0,0
82,75.15,7,Month-to-month,0.5374,"Medium Risk
(30–60%)",1,1
83,103.8,42,Month-to-month,0.3723,"Medium Risk
(30–60%)",0,0
84,20.15,49,Two year,0.0211,"Low Risk
(0–30%)",0,0
85,99.3,9,Month-to-month,0.7544,"High Risk
(60–100%)",1,0
86,62.15,35,One year,0.0622,"Low Risk
(0–30%)",0,0
87,20.65,48,Two year,0.0162,"Low Risk
(0–30%)",0,0
88,19.95,46,Two year,0.0181,"Low Risk
(0–30%)",0,0
89,33.75,29,Month-to-month,0.1901,"Low Risk
(0–30%)",0,0
90,82.05,30,Month-to-month,0.2615,"Low Risk
(0–30%)",0,0
91,74.7,1,Month-to-month,0.62,"High Risk
(60–100%)",1,0
92,84.0,66,Two year,0.0276,"Low Risk
(0–30%)",0,0
93,111.05,65,Month-to-month,0.2999,"Low Risk
(0–30%)",0,0
94,100.9,72,Two year,0.1013,"Low Risk
(0–30%)",0,0
95,78.95,12,Month-to-month,0.5579,"Medium Risk
(30–60%)",1,1
96,66.85,71,One year,0.0235,"Low Risk
(0–30%)",0,0
97,21.05,5,Month-to-month,0.1309,"Low Risk
(0–30%)",0,1
98,21.0,52,Two year,0.0211,"Low Risk
(0–30%)",0,0
99,98.5,25,Month-to-month,0.5604,"Medium Risk
(30–60%)",1,1
100,20.2,1,Month-to-month,0.3187,"Medium Risk
(30–60%)",0,0
101,19.45,1,Month-to-month,0.2968,"Low Risk
(0–30%)",0,0
102,95.0,38,One year,0.1256,"Low Risk
(0–30%)",0,0
103,45.55,66,One year,0.0744,"Low Risk
(0–30%)",0,0
104,110.0,68,Two year,0.1402,"Low Risk
(0–30%)",0,1
105,24.3,5,Month-to-month,0.3704,"Medium Risk
(30–60%)",0,0
106,104.15,72,One year,0.1188,"Low Risk
(0–30%)",0,0
107,30.15,32,One year,0.0526,"Low Risk
(0–30%)",0,0
108,94.35,43,One year,0.2049,"Low Risk
(0–30%)",0,0
109,19.4,72,Two year,0.01,"Low Risk
(0–30%)",0,0
110,96.75,55,Month-to-month,0.3568,"Medium Risk
(30–60%)",0,1
111,57.95,52,One year,0.0362,"Low Risk
(0–30%)",0,0
112,91.65,43,Month-to-month,0.4023,"Medium Risk
(30–60%)",0,0
113,76.5,37,Month-to-month,0.499,"Medium Risk
(30–60%)",0,1
114,54.6,64,Two year,0.0507,"Low Risk
(0–30%)",0,0
115,89.85,3,Month-to-month,0.3875,"Medium Risk
(30–60%)",0,0
116,31.05,36,Two year,0.036,"Low Risk
(0–30%)",0,0
117,100.25,10,Month-to-month,0.7257,"High Risk
(60–100%)",1,1
118,20.65,41,Two year,0.0185,"Low Risk
(0–30%)",0,0
119,85.2,27,Month-to-month,0.2898,"Low Risk
(0–30%)",0,0
120,99.8,56,One year,0.2024,"Low Risk
(0–30%)",0,0
121,20.7,6,Month-to-month,0.1288,"Low Risk
(0–30%)",0,0
122,74.4,3,Month-to-month,0.7589,"High Risk
(60–100%)",1,1
123,50.7,7,Month-to-month,0.1835,"Low Risk
(0–30%)",0,0
124,20.85,4,Month-to-month,0.1576,"Low Risk
(0–30%)",0,0
125,88.95,33,Two year,0.055,"Low Risk
(0–30%)",0,0
126,78.05,27,Month-to-month,0.5223,"Medium Risk
(30–60%)",1,1
127,23.55,72,Two year,0.0133,"Low Risk
(0–30%)",0,0
128,19.75,1,Month-to-month,0.3222,"Medium Risk
(30–60%)",0,0
129,56.45,71,One year,0.0807,"Low Risk
(0–30%)",0,0
130,85.95,13,Month-to-month,0.6597,"High Risk
(60–100%)",1,0
131,58.6,25,Month-to-month,0.1786,"Low Risk
(0–30%)",0,1
132,50.55,67,Two year,0.0339,"Low Risk
(0–30%)",0,0
133,35.45,1,Month-to-month,0.727,"High Risk
(60–100%)",1,1
134,44.35,2,Month-to-month,0.4618,"Medium Risk
(30–60%)",0,1
135,25.7,43,Two year,0.0231,"Low Risk
(0–30%)",0,0
136,75.0,23,Month-to-month,0.2714,"Low Risk
(0–30%)",0,0
137,20.2,64,Two year,0.0127,"Low Risk
(0–30%)",0,0
138,19.6,57,Two year,0.0168,"Low Risk
(0–30%)",0,0
139,70.45,1,Month-to-month,0.7631,"High Risk
(60–100%)",1,1
140,88.05,72,Two year,0.0177,"Low Risk
(0–30%)",0,0
141,71.15,8,Month-to-month,0.2223,"Low Risk
(0–30%)",0,1
142,101.05,61,Two year,0.1036,"Low Risk
(0–30%)",0,0
143,84.3,64,One year,0.0494,"Low Risk
(0–30%)",0,0
144,23.95,71,Two year,0.0138,"Low Risk
(0–30%)",0,0
145,99.05,65,Two year,0.034,"Low Risk
(0–30%)",0,0
146,19.6,3,One year,0.0435,"Low Risk
(0–30%)",0,0
147,45.65,1,Month-to-month,0.6418,"High Risk
(60–100%)",1,1
148,64.5,30,One year,0.0666,"Low Risk
(0–30%)",0,0
149,69.5,15,Month-to-month,0.1841,"Low Risk
(0–30%)",0,0
150,68.55,8,Month-to-month,0.3109,"Medium Risk
(30–60%)",0,0
151,95.0,7,Month-to-month,0.6634,"High Risk
(60–100%)",1,1
152,108.15,70,One year,0.1263,"Low Risk
(0–30%)",0,0
153,86.1,62,Two year,0.0237,"Low Risk
(0–30%)",0,0
154,19.7,6,Month-to-month,0.1177,"Low Risk
(0–30%)",0,0
155,80.9,14,Month-to-month,0.4369,"Medium Risk
(30–60%)",0,0
156,84.15,22,Month-to-month,0.4513,"Medium Risk
(30–60%)",0,0
157,20.15,22,One year,0.0316,"Low Risk
(0–30%)",0,0
158,64.25,16,Two year,0.0369,"Low Risk
(0–30%)",0,0
159,25.7,10,Two year,0.0264,"Low Risk
(0–30%)",0,0
160,56.0,13,Month-to-month,0.2141,"Low Risk
(0–30%)",0,0
161,82.4,20,Month-to-month,0.3947,"Medium Risk
(30–60%)",0,1
162,69.7,2,Month-to-month,0.6544,"High Risk
(60–100%)",1,0
163,73.9,53,Two year,0.0465,"Low Risk
(0–30%)",0,0
164,20.6,11,One year,0.042,"Low Risk
(0–30%)",0,0
165,19.9,69,Two year,0.0146,"Low Risk
(0–30%)",0,0
166,70.9,4,Month-to-month,0.5879,"Medium Risk
(30–60%)",1,1
167,89.05,72,Two year,0.0182,"Low Risk
(0–30%)",0,0
168,45.3,58,Month-to-month,0.2762,"Low Risk
(0–30%)",0,1
169,20.4,16,Month-to-month,0.1209,"Low Risk
(0–30%)",0,0
170,84.25,43,One year,0.0605,"Low Risk
(0–30%)",0,0
171,104.4,2,Month-to-month,0.8234,"High Risk
(60–100%)",1,1
172,81.95,14,Two year,0.0576,"Low Risk
(0–30%)",0,0
173,94.85,53,One year,0.2437,"Low Risk
(0–30%)",0,1
174,20.55,32,One year,0.0316,"Low Risk
(0–30%)",0,0
175,24.7,34,Month-to-month,0.1105,"Low Risk
(0–30%)",0,0
176,74.45,15,Month-to-month,0.4741,"Medium Risk
(30–60%)",0,1
177,76.45,7,Month-to-month,0.4018,"Medium Risk
(30–60%)",0,1
178,105.35,15,Month-to-month,0.5487,"Medium Risk
(30–60%)",1,0
179,20.55,61,One year,0.0253,"Low Risk
(0–30%)",0,0
180,29.95,1,Month-to-month,0.5056,"Medium Risk
(30–60%)",1,1
181,45.3,1,Month-to-month,0.504,"Medium Risk
(30–60%)",1,0
182,84.5,8,Month-to-month,0.597,"Medium Risk
(30–60%)",1,1
183,74.75,33,One year,0.084,"Low Risk
(0–30%)",0,0
184,79.25,13,Month-to-month,0.5375,"Medium Risk
(30–60%)",1,1
185,24.8,1,Month-to-month,0.7043,"High Risk
(60–100%)",1,1
186,51.8,20,Month-to-month,0.2103,"Low Risk
(0–30%)",0,0
187,30.4,3,Month-to-month,0.3834,"Medium Risk
(30–60%)",0,0
188,19.65,13,One year,0.0496,"Low Risk
(0–30%)",0,0
189,56.6,40,Month-to-month,0.1815,"Low Risk
(0–30%)",0,0
190,71.9,43,One year,0.0715,"Low Risk
(0–30%)",0,0
191,91.0,6,Month-to-month,0.68,"High Risk
(60–100%)",1,1
192,19.75,69,Two year,0.0137,"Low Risk
(0–30%)",0,0
193,109.7,72,Two year,0.047,"Low Risk
(0–30%)",0,0
194,19.3,59,Two year,0.0137,"Low Risk
(0–30%)",0,0
195,96.55,20,Month-to-month,0.4319,"Medium Risk
(30–60%)",0,0
196,24.1,24,Two year,0.0211,"Low Risk
(0–30%)",0,0
197,111.35,59,Month-to-month,0.4271,"Medium Risk
(30–60%)",0,0
198,112.25,72,Two year,0.0496,"Low Risk
(0–30%)",0,0
199,20.75,1,Month-to-month,0.309,"Medium Risk
(30–60%)",0,0
200,101.9,27,One year,0.2351,"Low Risk
(0–30%)",0,0
201,80.05,14,Month-to-month,0.3953,"Medium Risk
(30–60%)",0,0
202,105.55,71,Two year,0.0994,"Low Risk
(0–30%)",0,0
203,78.3,13,Month-to-month,0.4428,"Medium Risk
(30–60%)",0,0
204,68.85,44,Month-to-month,0.2441,"Low Risk
(0–30%)",0,0
205,79.95,33,One year,0.0897,"Low Risk
(0–30%)",0,0
206,55.45,72,Two year,0.0215,"Low Risk
(0–30%)",0,0
207,79.9,1,Month-to-month,0.8141,"High Risk
(60–100%)",1,1
208,106.6,19,Month-to-month,0.5507,"Medium Risk
(30–60%)",1,1
209,102.45,64,One year,0.199,"Low Risk
(0–30%)",0,0
210,46.0,2,Month-to-month,0.5131,"Medium Risk
(30–60%)",1,1
211,25.25,1,Month-to-month,0.6009,"High Risk
(60–100%)",1,0
212,19.75,61,Two year,0.0146,"Low Risk
(0–30%)",0,0
213,20.0,29,One year,0.0326,"Low Risk
(0–30%)",0,0
214,86.8,23,Month-to-month,0.4731,"Medium Risk
(30–60%)",0,0
215,58.75,57,Month-to-month,0.1335,"Low Risk
(0–30%)",0,0
216,45.25,72,Two year,0.0134,"Low Risk
(0–30%)",0,0
217,56.6,66,Two year,0.0211,"Low Risk
(0–30%)",0,0
218,84.2,65,Two year,0.0351,"Low Risk
(0–30%)",0,0
219,80.0,8,Month-to-month,0.5933,"Medium Risk
(30–60%)",1,0
220,70.15,4,Month-to-month,0.6334,"High Risk
(60–100%)",1,1
221,24.75,71,Two year,0.0164,"Low Risk
(0–30%)",0,0
222,20.2,1,One year,0.0995,"Low Risk
(0–30%)",0,0
223,50.05,4,Month-to-month,0.2584,"Low Risk
(0–30%)",0,1
224,19.35,12,One year,0.0497,"Low Risk
(0–30%)",0,0
225,50.6,24,One year,0.1033,"Low Risk
(0–30%)",0,0
226,81.15,31,One year,0.0781,"Low Risk
(0–30%)",0,0
227,55.2,1,Month-to-month,0.5322,"Medium Risk
(30–60%)",1,1
228,89.9,30,Month-to-month,0.3189,"Medium Risk
(30–60%)",0,0
229,85.3,47,Two year,0.0298,"Low Risk
(0–30%)",0,0
230,108.0,54,Two year,0.1391,"Low Risk
(0–30%)",0,0
231,93.5,50,Month-to-month,0.2171,"Low Risk
(0–30%)",0,0
232,84.6,1,Month-to-month,0.7122,"High Risk
(60–100%)",1,1
233,20.25,72,Two year,0.0159,"Low Risk
(0–30%)",0,0
234,25.15,29,Month-to-month,0.1136,"Low Risk
(0–30%)",0,0
235,54.4,2,Month-to-month,0.5375,"Medium Risk
(30–60%)",1,1
236,29.6,10,Two year,0.076,"Low Risk
(0–30%)",0,0
237,73.15,18,Month-to-month,0.5505,"Medium Risk
(30–60%)",1,0
238,95.0,11,Month-to-month,0.6473,"High Risk
(60–100%)",1,1
239,19.75,16,Two year,0.0221,"Low Risk
(0–30%)",0,0
240,86.6,72,Two year,0.029,"Low Risk
(0–30%)",0,0
241,109.2,72,Two year,0.0534,"Low Risk
(0–30%)",0,0
242,74.7,41,One year,0.0759,"Low Risk
(0–30%)",0,0
243,94.4,65,Month-to-month,0.201,"Low Risk
(0–30%)",0,0
244,54.8,13,Month-to-month,0.3343,"Medium Risk
(30–60%)",0,0
245,75.35,4,Month-to-month,0.4446,"Medium Risk
(30–60%)",0,0
246,65.0,41,One year,0.1319,"Low Risk
(0–30%)",0,0
247,74.4,15,Month-to-month,0.5055,"Medium Risk
(30–60%)",1,1
248,48.55,1,Month-to-month,0.444,"Medium Risk
(30–60%)",0,1
249,99.0,42,One year,0.19,"Low Risk
(0–30%)",0,0
250,93.5,51,One year,0.1212,"Low Risk
(0–30%)",0,0
251,70.4,2,Month-to-month,0.5529,"Medium Risk
(30–60%)",1,1
252,40.2,1,Month-to-month,0.6386,"High Risk
(60–100%)",1,1
253,83.7,32,One year,0.1126,"Low Risk
(0–30%)",0,0
254,19.85,10,Month-to-month,0.1227,"Low Risk
(0–30%)",0,0
255,59.55,67,Two year,0.0534,"Low Risk
(0–30%)",0,0
256,115.1,61,Two year,0.0616,"Low Risk
(0–30%)",0,0
257,114.35,50,One year,0.2084,"Low Risk
(0–30%)",0,0
258,44.6,2,Month-to-month,0.5135,"Medium Risk
(30–60%)",1,1
259,45.0,29,Month-to-month,0.2761,"Low Risk
(0–30%)",0,0
260,41.15,3,Month-to-month,0.6386,"High Risk
(60–100%)",1,1
261,106.9,13,Month-to-month,0.747,"High Risk
(60–100%)",1,1
262,89.85,57,Month-to-month,0.3691,"Medium Risk
(30–60%)",0,0
263,49.85,31,Two year,0.027,"Low Risk
(0–30%)",0,0
264,113.3,45,One year,0.2124,"Low Risk
(0–30%)",0,0
265,88.1,61,Two year,0.0196,"Low Risk
(0–30%)",0,0
266,24.9,50,Two year,0.0208,"Low Risk
(0–30%)",0,0
267,105.0,19,Month-to-month,0.4479,"Medium Risk
(30–60%)",0,0
268,19.35,59,Two year,0.0168,"Low Risk
(0–30%)",0,1
269,24.25,71,Two year,0.0125,"Low Risk
(0–30%)",0,0
270,94.45,16,Month-to-month,0.5666,"Medium Risk
(30–60%)",1,1
271,59.75,57,Two year,0.0265,"Low Risk
(0–30%)",0,0
272,24.8,1,Month-to-month,0.5133,"Medium Risk
(30–60%)",1,1
273,107.05,20,Month-to-month,0.5114,"Medium Risk
(30–60%)",1,0
274,70.6,1,Month-to-month,0.7094,"High Risk
(60–100%)",1,1
275,85.4,5,Month-to-month,0.6979,"High Risk
(60–100%)",1,1
276,105.05,52,Month-to-month,0.5144,"Medium Risk
(30–60%)",1,1
277,64.95,21,Month-to-month,0.1887,"Low Risk
(0–30%)",0,0
278,55.0,14,Month-to-month,0.3791,"Medium Risk
(30–60%)",0,0
279,50.55,5,Month-to-month,0.294,"Low Risk
(0–30%)",0,0
280,55.15,6,Month-to-month,0.1747,"Low Risk
(0–30%)",0,0
281,51.2,10,Month-to-month,0.256,"Low Risk
(0–30%)",0,0
282,25.4,1,Month-to-month,0.2605,"Low Risk
(0–30%)",0,0
283,54.45,68,Month-to-month,0.1111,"Low Risk
(0–30%)",0,0
284,95.15,18,Month-to-month,0.3478,"Medium Risk
(30–60%)",0,1
285,76.0,22,One year,0.1215,"Low Risk
(0–30%)",0,0
286,44.35,20,Month-to-month,0.3225,"Medium Risk
(30–60%)",0,0
287,70.0,1,Month-to-month,0.749,"High Risk
(60–100%)",1,1
288,74.5,8,Month-to-month,0.5899,"Medium Risk
(30–60%)",1,1
289,44.85,10,Month-to-month,0.2776,"Low Risk
(0–30%)",0,1
290,76.1,24,Month-to-month,0.5458,"Medium Risk
(30–60%)",1,1
291,61.2,35,One year,0.0409,"Low Risk
(0–30%)",0,0
292,86.8,23,One year,0.0715,"Low Risk
(0–30%)",0,0
293,89.35,6,Month-to-month,0.7144,"High Risk
(60–100%)",1,0
294,19.7,12,Month-to-month,0.1115,"Low Risk
(0–30%)",0,0
295,20.25,1,Month-to-month,0.3107,"Medium Risk
(30–60%)",0,0
296,76.05,71,Two year,0.058,"Low Risk
(0–30%)",0,0
297,100.8,35,Month-to-month,0.5863,"Medium Risk
(30–60%)",1,0
298,74.55,40,Month-to-month,0.3547,"Medium Risk
(30–60%)",0,0
299,73.6,1,Month-to-month,0.6499,"High Risk
(60–100%)",1,1
300,64.9,23,One year,0.1413,"Low Risk
(0–30%)",0,0
301,95.45,4,Month-to-month,0.8397,"High Risk
(60–100%)",1,1
302,90.4,4,Month-to-month,0.643,"High Risk
(60–100%)",1,0
303,60.3,68,Two year,0.0298,"Low Risk
(0–30%)",0,0
304,81.85,38,Month-to-month,0.3261,"Medium Risk
(30–60%)",0,0
305,24.8,52,Two year,0.0159,"Low Risk
(0–30%)",0,0
306,74.9,32,Month-to-month,0.5055,"Medium Risk
(30–60%)",1,1
307,75.55,29,Two year,0.0417,"Low Risk
(0–30%)",0,0
308,101.15,38,Month-to-month,0.3735,"Medium Risk
(30–60%)",0,0
309,78.75,48,One year,0.1006,"Low Risk
(0–30%)",0,0
310,19.25,1,Month-to-month,0.3247,"Medium Risk
(30–60%)",0,0
311,89.05,22,Month-to-month,0.3129,"Medium Risk
(30–60%)",0,0
312,115.05,43,Two year,0.1086,"Low Risk
(0–30%)",0,0
313,69.35,5,Month-to-month,0.6384,"High Risk
(60–100%)",1,0
314,80.6,5,Month-to-month,0.6969,"High Risk
(60–100%)",1,1
315,110.05,51,One year,0.1513,"Low Risk
(0–30%)",0,0
316,19.9,71,Two year,0.0133,"Low Risk
(0–30%)",0,0
317,80.3,38,One year,0.067,"Low Risk
(0–30%)",0,1
318,93.15,24,Month-to-month,0.5288,"Medium Risk
(30–60%)",1,1
319,91.5,35,Month-to-month,0.3055,"Medium Risk
(30–60%)",0,0
320,82.45,54,One year,0.0906,"Low Risk
(0–30%)",0,1
321,60.0,72,Two year,0.042,"Low Risk
(0–30%)",0,0
322,44.8,1,Month-to-month,0.6029,"High Risk
(60–100%)",1,0
323,48.6,9,One year,0.0544,"Low Risk
(0–30%)",0,0
324,60.05,69,Two year,0.0257,"Low Risk
(0–30%)",0,0
325,102.7,52,Month-to-month,0.3469,"Medium Risk
(30–60%)",0,0
326,82.9,11,Month-to-month,0.6026,"High Risk
(60–100%)",1,0
327,70.35,2,Month-to-month,0.6653,"High Risk
(60–100%)",1,1
328,35.9,28,Month-to-month,0.3526,"Medium Risk
(30–60%)",0,0
329,82.65,17,Month-to-month,0.4377,"Medium Risk
(30–60%)",0,0
330,19.85,35,Two year,0.0176,"Low Risk
(0–30%)",0,0
331,19.2,8,One year,0.0455,"Low Risk
(0–30%)",0,0
332,94.9,46,One year,0.1675,"Low Risk
(0–30%)",0,0
333,73.85,7,Month-to-month,0.7235,"High Risk
(60–100%)",1,1
334,80.6,2,Month-to-month,0.6875,"High Risk
(60–100%)",1,1
335,75.8,68,One year,0.0853,"Low Risk
(0–30%)",0,1
336,104.6,43,Two year,0.2572,"Low Risk
(0–30%)",0,1
337,88.15,68,Two year,0.0396,"Low Risk
(0–30%)",0,0
338,94.8,36,Month-to-month,0.3547,"Medium Risk
(30–60%)",0,0
339,103.4,63,Month-to-month,0.4754,"Medium Risk
(30–60%)",0,1
340,54.65,32,Month-to-month,0.1317,"Low Risk
(0–30%)",0,0
341,85.75,71,Two year,0.0176,"Low Risk
(0–30%)",0,0
342,67.45,66,Month-to-month,0.1001,"Low Risk
(0–30%)",0,0
343,20.5,63,One year,0.0255,"Low Risk
(0–30%)",0,0
344,20.25,41,One year,0.0322,"Low Risk
(0–30%)",0,0
345,72.1,1,Month-to-month,0.8511,"High Risk
(60–100%)",1,0
346,90.4,2,Month-to-month,0.751,"High Risk
(60–100%)",1,1
347,19.45,70,Two year,0.0151,"Low Risk
(0–30%)",0,0
348,44.95,23,Month-to-month,0.4384,"Medium Risk
(30–60%)",0,0
349,97.0,64,One year,0.0886,"Low Risk
(0–30%)",0,0
350,62.8,37,Two year,0.0298,"Low Risk
(0–30%)",0,0
351,44.6,17,One year,0.073,"Low Risk
(0–30%)",0,0
352,89.15,7,Month-to-month,0.7082,"High Risk
(60–100%)",1,0
353,84.8,4,Month-to-month,0.7308,"High Risk
(60–100%)",1,1
354,41.9,21,Month-to-month,0.3957,"Medium Risk
(30–60%)",0,1
355,80.25,10,Month-to-month,0.5631,"Medium Risk
(30–60%)",1,1
356,54.1,16,Month-to-month,0.3563,"Medium Risk
(30–60%)",0,0
357,105.25,64,Two year,0.1566,"Low Risk
(0–30%)",0,0
358,30.75,27,Month-to-month,0.1868,"Low Risk
(0–30%)",0,1
359,97.1,42,One year,0.1786,"Low Risk
(0–30%)",0,0
360,20.2,5,Month-to-month,0.1244,"Low Risk
(0–30%)",0,0
361,98.8,41,Two year,0.086,"Low Risk
(0–30%)",0,0
362,50.3,58,One year,0.0559,"Low Risk
(0–30%)",0,0
363,20.55,47,Two year,0.0201,"Low Risk
(0–30%)",0,0
364,75.9,18,Month-to-month,0.2851,"Low Risk
(0–30%)",0,0
365,96.5,5,Month-to-month,0.6457,"High Risk
(60–100%)",1,1
366,59.95,23,Month-to-month,0.1667,"Low Risk
(0–30%)",0,0
367,19.15,1,Month-to-month,0.2511,"Low Risk
(0–30%)",0,0
368,98.65,71,One year,0.1612,"Low Risk
(0–30%)",0,0
369,112.6,72,Two year,0.0355,"Low Risk
(0–30%)",0,0
370,20.6,33,One year,0.0282,"Low Risk
(0–30%)",0,0
371,85.65,2,Month-to-month,0.8242,"High Risk
(60–100%)",1,1
372,35.75,24,Two year,0.0257,"Low Risk
(0–30%)",0,0
373,99.75,56,One year,0.138,"Low Risk
(0–30%)",0,0
374,96.1,37,Month-to-month,0.3718,"Medium Risk
(30–60%)",0,0
375,85.1,43,One year,0.1164,"Low Risk
(0–30%)",0,0
376,25.35,1,Month-to-month,0.5133,"Medium Risk
(30–60%)",1,0
377,104.95,25,Month-to-month,0.5025,"Medium Risk
(30–60%)",1,1
378,89.65,61,Two year,0.0325,"Low Risk
(0–30%)",0,0
379,86.75,17,One year,0.151,"Low Risk
(0–30%)",0,0
380,86.2,41,One year,0.09,"Low Risk
(0–30%)",0,0
381,50.65,1,Month-to-month,0.5009,"Medium Risk
(30–60%)",1,1
382,64.8,72,Two year,0.0177,"Low Risk
(0–30%)",0,0
383,90.85,1,Month-to-month,0.852,"High Risk
(60–100%)",1,1
384,108.1,48,Two year,0.2162,"Low Risk
(0–30%)",0,0
385,19.95,11,Month-to-month,0.126,"Low Risk
(0–30%)",0,1
386,85.45,55,Month-to-month,0.3747,"Medium Risk
(30–60%)",0,1
387,54.75,42,One year,0.0853,"Low Risk
(0–30%)",0,0
388,90.4,44,Month-to-month,0.3602,"Medium Risk
(30–60%)",0,0
389,44.0,1,Month-to-month,0.518,"Medium Risk
(30–60%)",1,0
390,95.6,27,Month-to-month,0.4944,"Medium Risk
(30–60%)",0,0
391,84.8,27,Month-to-month,0.2451,"Low Risk
(0–30%)",0,0
392,44.3,2,Month-to-month,0.5706,"Medium Risk
(30–60%)",1,0
393,19.9,19,Month-to-month,0.0985,"Low Risk
(0–30%)",0,0
394,95.05,42,Month-to-month,0.5461,"Medium Risk
(30–60%)",1,0
395,90.05,66,Two year,0.0274,"Low Risk
(0–30%)",0,0
396,109.9,33,Month-to-month,0.3948,"Medium Risk
(30–60%)",0,0
397,73.95,34,Month-to-month,0.3025,"Medium Risk
(30–60%)",0,1
398,54.6,33,Month-to-month,0.2636,"Low Risk
(0–30%)",0,0
399,20.05,23,One year,0.0309,"Low Risk
(0–30%)",0,0
400,19.75,32,One year,0.0316,"Low Risk
(0–30%)",0,0
401,20.05,11,One year,0.0411,"Low Risk
(0–30%)",0,0
402,99.45,69,Month-to-month,0.3768,"Medium Risk
(30–60%)",0,1
403,55.9,68,One year,0.0309,"Low Risk
(0–30%)",0,0
404,19.7,20,Two year,0.0225,"Low Risk
(0–30%)",0,0
405,19.8,72,Two year,0.0175,"Low Risk
(0–30%)",0,0
406,95.4,60,One year,0.087,"Low Risk
(0–30%)",0,0
407,93.95,32,Month-to-month,0.4006,"Medium Risk
(30–60%)",0,0
408,19.9,1,Month-to-month,0.3946,"Medium Risk
(30–60%)",0,1
409,19.6,1,Month-to-month,0.3629,"Medium Risk
(30–60%)",0,1
410,81.35,3,Month-to-month,0.7879,"High Risk
(60–100%)",1,1
411,24.45,46,One year,0.0424,"Low Risk
(0–30%)",0,0
412,74.95,29,Month-to-month,0.4772,"Medium Risk
(30–60%)",0,0
413,87.35,51,Month-to-month,0.3352,"Medium Risk
(30–60%)",0,0
414,70.65,48,Month-to-month,0.2484,"Low Risk
(0–30%)",0,0
415,73.25,16,Month-to-month,0.281,"Low Risk
(0–30%)",0,0
416,98.7,70,Two year,0.0617,"Low Risk
(0–30%)",0,0
417,24.8,40,Two year,0.0199,"Low Risk
(0–30%)",0,0
418,83.3,22,Month-to-month,0.3613,"Medium Risk
(30–60%)",0,1
419,75.3,1,Month-to-month,0.7654,"High Risk
(60–100%)",1,1
420,24.3,5,Month-to-month,0.162,"Low Risk
(0–30%)",0,0
421,69.85,7,Month-to-month,0.503,"Medium Risk
(30–60%)",1,0
422,100.55,29,One year,0.1817,"Low Risk
(0–30%)",0,0
423,25.7,44,One year,0.0314,"Low Risk
(0–30%)",0,0
424,40.7,10,Month-to-month,0.1747,"Low Risk
(0–30%)",0,0
425,51.65,55,Month-to-month,0.1683,"Low Risk
(0–30%)",0,0
426,105.1,52,One year,0.287,"Low Risk
(0–30%)",0,0
427,85.95,10,Month-to-month,0.6112,"High Risk
(60–100%)",1,0
428,75.6,18,Month-to-month,0.3931,"Medium Risk
(30–60%)",0,0
429,58.25,68,One year,0.032,"Low Risk
(0–30%)",0,0
430,19.4,61,Month-to-month,0.065,"Low Risk
(0–30%)",0,1
431,65.2,72,Two year,0.0164,"Low Risk
(0–30%)",0,0
432,53.45,2,Month-to-month,0.2974,"Low Risk
(0–30%)",0,0
433,45.4,12,Month-to-month,0.2493,"Low Risk
(0–30%)",0,1
434,19.75,41,Two year,0.0268,"Low Risk
(0–30%)",0,0
435,44.45,26,Month-to-month,0.1511,"Low Risk
(0–30%)",0,0
436,20.85,36,One year,0.0328,"Low Risk
(0–30%)",0,0
437,114.05,72,Two year,0.0498,"Low Risk
(0–30%)",0,0
438,89.85,35,Month-to-month,0.3064,"Medium Risk
(30–60%)",0,0
439,55.05,1,Month-to-month,0.3874,"Medium Risk
(30–60%)",0,0
440,112.95,16,Month-to-month,0.5478,"Medium Risk
(30–60%)",1,0
441,101.55,49,Month-to-month,0.3642,"Medium Risk
(30–60%)",0,0
442,114.65,54,One year,0.2304,"Low Risk
(0–30%)",0,0
443,64.8,18,Month-to-month,0.244,"Low Risk
(0–30%)",0,0
444,80.4,36,Month-to-month,0.3273,"Medium Risk
(30–60%)",0,0
445,105.9,60,Month-to-month,0.449,"Medium Risk
(30–60%)",0,1
446,69.55,1,Month-to-month,0.717,"High Risk
(60–100%)",1,1
447,25.05,52,Two year,0.0183,"Low Risk
(0–30%)",0,0
448,94.75,8,Month-to-month,0.6863,"High Risk
(60–100%)",1,0
449,105.5,72,Two year,0.0343,"Low Risk
(0–30%)",0,0
450,24.7,64,One year,0.0279,"Low Risk
(0–30%)",0,0
451,69.75,22,Month-to-month,0.1424,"Low Risk
(0–30%)",0,0
452,60.2,60,Month-to-month,0.1122,"Low Risk
(0–30%)",0,0
453,81.05,28,Month-to-month,0.4348,"Medium Risk
(30–60%)",0,1
454,24.4,61,Two year,0.015,"Low Risk
(0–30%)",0,0
455,104.15,24,Month-to-month,0.6549,"High Risk
(60–100%)",1,0
456,92.9,28,One year,0.0865,"Low Risk
(0–30%)",0,0
457,80.8,30,Two year,0.0396,"Low Risk
(0–30%)",0,0
458,20.0,2,Month-to-month,0.188,"Low Risk
(0–30%)",0,0
459,75.1,1,Month-to-month,0.8462,"High Risk
(60–100%)",1,0
460,19.65,6,Month-to-month,0.1124,"Low Risk
(0–30%)",0,0
461,69.45,24,Month-to-month,0.2163,"Low Risk
(0–30%)",0,0
462,101.15,4,Month-to-month,0.7268,"High Risk
(60–100%)",1,1
463,99.8,7,Month-to-month,0.819,"High Risk
(60–100%)",1,1
464,116.05,72,Two year,0.0474,"Low Risk
(0–30%)",0,0
465,40.05,70,Two year,0.0497,"Low Risk
(0–30%)",0,0
466,102.1,64,Two year,0.135,"Low Risk
(0–30%)",0,0
467,89.7,72,One year,0.132,"Low Risk
(0–30%)",0,0
468,19.9,44,Two year,0.0168,"Low Risk
(0–30%)",0,0
469,55.95,13,Month-to-month,0.2603,"Low Risk
(0–30%)",0,1
470,20.65,17,One year,0.047,"Low Risk
(0–30%)",0,0
471,55.0,1,Month-to-month,0.6747,"High Risk
(60–100%)",1,1
472,70.05,9,Month-to-month,0.3129,"Medium Risk
(30–60%)",0,0
473,53.6,24,Month-to-month,0.0998,"Low Risk
(0–30%)",0,0
474,74.7,1,Month-to-month,0.7781,"High Risk
(60–100%)",1,1
475,80.25,24,Month-to-month,0.5178,"Medium Risk
(30–60%)",1,1
476,76.05,35,Month-to-month,0.2175,"Low Risk
(0–30%)",0,0
477,75.7,7,Month-to-month,0.191,"Low Risk
(0–30%)",0,0
478,96.1,5,Month-to-month,0.6914,"High Risk
(60–100%)",1,1
479,69.0,15,Month-to-month,0.2999,"Low Risk
(0–30%)",0,1
480,19.65,11,Two year,0.0227,"Low Risk
(0–30%)",0,0
481,45.3,48,Month-to-month,0.1795,"Low Risk
(0–30%)",0,1
482,81.45,20,Month-to-month,0.4838,"Medium Risk
(30–60%)",0,0
483,108.5,72,One year,0.1687,"Low Risk
(0–30%)",0,0
484,83.55,8,Month-to-month,0.6402,"High Risk
(60–100%)",1,1
485,84.5,72,Two year,0.0508,"Low Risk
(0–30%)",0,0
486,100.15,15,Month-to-month,0.723,"High Risk
(60–100%)",1,0
487,88.6,72,Two year,0.0336,"Low Risk
(0–30%)",0,0
488,52.55,0,Two year,0.0309,"Low Risk
(0–30%)",0,0
489,74.35,1,Month-to-month,0.8288,"High Risk
(60–100%)",1,1
490,104.8,63,Two year,0.1245,"Low Risk
(0–30%)",0,0
491,59.0,2,Month-to-month,0.5467,"Medium Risk
(30–60%)",1,0
492,74.4,2,Month-to-month,0.5153,"Medium Risk
(30–60%)",1,1
493,64.05,61,One year,0.0907,"Low Risk
(0–30%)",0,0
494,20.4,1,Month-to-month,0.3107,"Medium Risk
(30–60%)",0,0
495,43.75,22,One year,0.1821,"Low Risk
(0–30%)",0,1
496,60.9,28,Month-to-month,0.0857,"Low Risk
(0–30%)",0,0
497,19.8,70,Two year,0.0148,"Low Risk
(0–30%)",0,0
498,28.45,5,Month-to-month,0.4424,"Medium Risk
(30–60%)",0,1
499,99.7,12,Month-to-month,0.5779,"Medium Risk
(30–60%)",1,1
500,116.25,34,One year,0.2124,"Low Risk
(0–30%)",0,0
501,80.7,71,Two year,0.029,"Low Risk
(0–30%)",0,0
502,65.2,70,One year,0.0526,"Low Risk
(0–30%)",0,0
503,84.05,52,Month-to-month,0.1733,"Low Risk
(0–30%)",0,0
504,79.45,69,Two year,0.0235,"Low Risk
(0–30%)",0,0
505,94.1,20,Month-to-month,0.5904,"Medium Risk
(30–60%)",1,1
506,78.0,11,Month-to-month,0.5188,"Medium Risk
(30–60%)",1,0
507,94.2,2,Month-to-month,0.6943,"High Risk
(60–100%)",1,1
508,80.5,6,Month-to-month,0.6557,"High Risk
(60–100%)",1,1
509,19.85,1,Month-to-month,0.3421,"Medium Risk
(30–60%)",0,0
510,94.3,20,One year,0.147,"Low Risk
(0–30%)",0,0
511,106.45,61,Month-to-month,0.4411,"Medium Risk
(30–60%)",0,0
512,74.35,5,Month-to-month,0.7617,"High Risk
(60–100%)",1,1
513,105.45,56,Month-to-month,0.3502,"Medium Risk
(30–60%)",0,0
514,95.0,30,Month-to-month,0.2879,"Low Risk
(0–30%)",0,0
515,104.8,40,Month-to-month,0.3592,"Medium Risk
(30–60%)",0,1
516,54.3,28,One year,0.036,"Low Risk
(0–30%)",0,0
517,70.05,5,Month-to-month,0.5632,"Medium Risk
(30–60%)",1,0
518,75.2,27,Month-to-month,0.274,"Low Risk
(0–30%)",0,1
519,20.05,12,Month-to-month,0.1011,"Low Risk
(0–30%)",0,0
520,105.4,67,One year,0.2592,"Low Risk
(0–30%)",0,0
521,51.6,29,Month-to-month,0.3599,"Medium Risk
(30–60%)",0,0
522,85.5,55,Month-to-month,0.2271,"Low Risk
(0–30%)",0,0
523,75.6,23,Month-to-month,0.3029,"Medium Risk
(30–60%)",0,1
524,100.05,34,Month-to-month,0.5859,"Medium Risk
(30–60%)",1,1
525,91.25,52,One year,0.0849,"Low Risk
(0–30%)",0,0
526,115.75,72,Two year,0.0378,"Low Risk
(0–30%)",0,0
527,94.7,58,One year,0.0965,"Low Risk
(0–30%)",0,0
528,19.6,35,Two year,0.0162,"Low Risk
(0–30%)",0,0
529,99.9,56,Two year,0.081,"Low Risk
(0–30%)",0,0
530,21.1,24,Two year,0.0197,"Low Risk
(0–30%)",0,0
531,20.05,70,Two year,0.0132,"Low Risk
(0–30%)",0,0
532,79.95,2,Month-to-month,0.7241,"High Risk
(60–100%)",1,0
533,107.15,68,One year,0.1992,"Low Risk
(0–30%)",0,0
534,85.0,1,Month-to-month,0.8861,"High Risk
(60–100%)",1,1
535,89.55,12,Month-to-month,0.7332,"High Risk
(60–100%)",1,0
536,81.55,63,Month-to-month,0.2238,"Low Risk
(0–30%)",0,0
537,58.45,33,One year,0.0487,"Low Risk
(0–30%)",0,0
538,95.65,69,One year,0.1668,"Low Risk
(0–30%)",0,0
539,80.6,60,Two year,0.0294,"Low Risk
(0–30%)",0,0
540,113.1,72,Two year,0.0314,"Low Risk
(0–30%)",0,0
541,58.95,11,Month-to-month,0.3288,"Medium Risk
(30–60%)",0,0
542,19.55,1,Month-to-month,0.3238,"Medium Risk
(30–60%)",0,0
543,86.05,10,Month-to-month,0.6805,"High Risk
(60–100%)",1,1
544,45.55,13,Month-to-month,0.1705,"Low Risk
(0–30%)",0,1
545,78.95,34,One year,0.1654,"Low Risk
(0–30%)",0,0
546,86.3,39,Month-to-month,0.3253,"Medium Risk
(30–60%)",0,1
547,105.05,65,One year,0.2066,"Low Risk
(0–30%)",0,0
548,101.9,50,One year,0.1414,"Low Risk
(0–30%)",0,0
549,19.75,15,Month-to-month,0.0992,"Low Risk
(0–30%)",0,0
550,110.3,72,Two year,0.0539,"Low Risk
(0–30%)",0,0
551,115.6,72,Two year,0.0301,"Low Risk
(0–30%)",0,0
552,19.35,55,Two year,0.0152,"Low Risk
(0–30%)",0,0
553,25.6,23,Two year,0.0218,"Low Risk
(0–30%)",0,0
554,80.35,32,Month-to-month,0.3692,"Medium Risk
(30–60%)",0,1
555,68.75,56,One year,0.0617,"Low Risk
(0–30%)",0,0
556,19.9,1,Month-to-month,0.3218,"Medium Risk
(30–60%)",0,0
557,70.6,38,One year,0.0449,"Low Risk
(0–30%)",0,0
558,70.2,11,Month-to-month,0.447,"Medium Risk
(30–60%)",0,0
559,49.3,1,Month-to-month,0.5167,"Medium Risk
(30–60%)",1,0
560,107.25,56,One year,0.3202,"Medium Risk
(30–60%)",0,0
561,23.6,3,Month-to-month,0.1807,"Low Risk
(0–30%)",0,0
562,69.7,7,Month-to-month,0.1875,"Low Risk
(0–30%)",0,0
563,99.5,59,Two year,0.098,"Low Risk
(0–30%)",0,0
564,64.3,7,Month-to-month,0.2102,"Low Risk
(0–30%)",0,0
565,70.85,71,Two year,0.0187,"Low Risk
(0–30%)",0,0
566,101.9,15,One year,0.2192,"Low Risk
(0–30%)",0,0
567,73.5,71,Two year,0.0174,"Low Risk
(0–30%)",0,0
568,100.25,35,Month-to-month,0.5859,"Medium Risk
(30–60%)",1,1
569,40.4,11,One year,0.1121,"Low Risk
(0–30%)",0,0
570,19.25,60,Two year,0.0152,"Low Risk
(0–30%)",0,0
571,59.6,47,Two year,0.0507,"Low Risk
(0–30%)",0,0
572,64.9,11,One year,0.114,"Low Risk
(0–30%)",0,0
573,100.3,56,One year,0.2126,"Low Risk
(0–30%)",0,1
574,110.85,28,Month-to-month,0.53,"Medium Risk
(30–60%)",1,0
575,81.05,61,Two year,0.023,"Low Risk
(0–30%)",0,0
576,98.05,31,One year,0.1262,"Low Risk
(0–30%)",0,0
577,70.5,9,Month-to-month,0.5885,"Medium Risk
(30–60%)",1,0
578,94.55,35,Month-to-month,0.3639,"Medium Risk
(30–60%)",0,0
579,19.65,2,Month-to-month,0.1989,"Low Risk
(0–30%)",0,0
580,19.0,12,Month-to-month,0.0828,"Low Risk
(0–30%)",0,1
581,75.3,1,Month-to-month,0.5992,"Medium Risk
(30–60%)",1,1
582,89.2,4,Month-to-month,0.8178,"High Risk
(60–100%)",1,1
583,19.0,1,Month-to-month,0.3078,"Medium Risk
(30–60%)",0,0
584,20.0,3,Month-to-month,0.1629,"Low Risk
(0–30%)",0,0
585,85.7,1,Month-to-month,0.8923,"High Risk
(60–100%)",1,1
586,63.25,52,Two year,0.0352,"Low Risk
(0–30%)",0,0
587,20.1,5,One year,0.0406,"Low Risk
(0–30%)",0,0
588,99.15,72,Two year,0.0613,"Low Risk
(0–30%)",0,0
589,90.4,71,Two year,0.027,"Low Risk
(0–30%)",0,0
590,111.9,72,Two year,0.0661,"Low Risk
(0–30%)",0,0
591,24.9,46,One year,0.0368,"Low Risk
(0–30%)",0,0
592,83.5,63,Two year,0.0315,"Low Risk
(0–30%)",0,0
593,84.3,30,Month-to-month,0.2543,"Low Risk
(0–30%)",0,0
594,45.6,1,Month-to-month,0.504,"Medium Risk
(30–60%)",1,0
595,61.65,12,Month-to-month,0.1753,"Low Risk
(0–30%)",0,1
596,54.85,16,Two year,0.0292,"Low Risk
(0–30%)",0,0
597,65.55,4,Month-to-month,0.3006,"Medium Risk
(30–60%)",0,0
598,90.35,51,One year,0.1485,"Low Risk
(0–30%)",0,0
599,20.4,65,Two year,0.017,"Low Risk
(0–30%)",0,0
600,74.55,16,Month-to-month,0.3336,"Medium Risk
(30–60%)",0,0
601,19.95,2,One year,0.0426,"Low Risk
(0–30%)",0,0
602,74.25,66,One year,0.0669,"Low Risk
(0–30%)",0,0
603,108.65,46,Two year,0.1739,"Low Risk
(0–30%)",0,0
604,109.55,32,One year,0.2594,"Low Risk
(0–30%)",0,0
605,86.65,72,Two year,0.0201,"Low Risk
(0–30%)",0,0
606,81.0,38,Two year,0.0299,"Low Risk
(0–30%)",0,0
607,47.85,51,One year,0.0605,"Low Risk
(0–30%)",0,0
608,114.55,72,Two year,0.0317,"Low Risk
(0–30%)",0,0
609,105.25,65,Month-to-month,0.3474,"Medium Risk
(30–60%)",0,1
610,29.95,9,Month-to-month,0.4005,"Medium Risk
(30–60%)",0,1
611,65.0,9,Month-to-month,0.1192,"Low Risk
(0–30%)",0,1
612,20.55,66,Two year,0.0139,"Low Risk
(0–30%)",0,0
613,109.8,44,One year,0.2577,"Low Risk
(0–30%)",0,0
614,69.5,50,Two year,0.0504,"Low Risk
(0–30%)",0,0
615,48.85,15,Month-to-month,0.2099,"Low Risk
(0–30%)",0,0
616,25.25,8,Month-to-month,0.3519,"Medium Risk
(30–60%)",0,0
617,102.85,66,One year,0.2025,"Low Risk
(0–30%)",0,0
618,87.55,57,Month-to-month,0.1527,"Low Risk
(0–30%)",0,0
619,78.55,7,Month-to-month,0.6422,"High Risk
(60–100%)",1,0
620,34.55,10,Month-to-month,0.3548,"Medium Risk
(30–60%)",0,0
621,92.05,62,One year,0.0705,"Low Risk
(0–30%)",0,0
622,85.05,40,One year,0.1779,"Low Risk
(0–30%)",0,0
623,19.7,20,Two year,0.0202,"Low Risk
(0–30%)",0,0
624,20.0,7,Month-to-month,0.1233,"Low Risk
(0–30%)",0,1
625,95.15,25,Month-to-month,0.4512,"Medium Risk
(30–60%)",0,0
626,84.25,23,Month-to-month,0.4203,"Medium Risk
(30–60%)",0,0
627,104.6,66,One year,0.2058,"Low Risk
(0–30%)",0,0
628,111.65,72,Two year,0.0602,"Low Risk
(0–30%)",0,0
629,90.05,49,Month-to-month,0.2794,"Low Risk
(0–30%)",0,1
630,110.75,43,Month-to-month,0.3597,"Medium Risk
(30–60%)",0,1
631,55.0,46,Month-to-month,0.155,"Low Risk
(0–30%)",0,0
632,89.85,72,Two year,0.0148,"Low Risk
(0–30%)",0,0
633,20.35,10,One year,0.0412,"Low Risk
(0–30%)",0,0
634,54.55,40,One year,0.0809,"Low Risk
(0–30%)",0,0
635,105.5,65,Month-to-month,0.4001,"Medium Risk
(30–60%)",0,1
636,99.45,31,Two year,0.0862,"Low Risk
(0–30%)",0,0
637,70.9,68,Two year,0.0208,"Low Risk
(0–30%)",0,0
638,104.55,56,One year,0.2213,"Low Risk
(0–30%)",0,1
639,85.25,10,Month-to-month,0.7477,"High Risk
(60–100%)",1,1
640,25.4,68,Two year,0.0138,"Low Risk
(0–30%)",0,0
641,56.15,43,Month-to-month,0.2277,"Low Risk
(0–30%)",0,1
642,89.55,1,Month-to-month,0.8571,"High Risk
(60–100%)",1,1
643,89.85,49,One year,0.1538,"Low Risk
(0–30%)",0,0
644,25.25,15,Month-to-month,0.1704,"Low Risk
(0–30%)",0,0
645,94.55,20,Month-to-month,0.6595,"High Risk
(60–100%)",1,1
646,45.7,1,Month-to-month,0.5636,"Medium Risk
(30–60%)",1,1
647,69.65,50,One year,0.1088,"Low Risk
(0–30%)",0,0
648,89.5,2,Month-to-month,0.7363,"High Risk
(60–100%)",1,1
649,70.0,24,Month-to-month,0.2747,"Low Risk
(0–30%)",0,0
650,69.55,3,Month-to-month,0.5879,"Medium Risk
(30–60%)",1,1
651,74.6,1,Month-to-month,0.7554,"High Risk
(60–100%)",1,1
652,20.1,35,Two year,0.016,"Low Risk
(0–30%)",0,0
653,24.8,17,Month-to-month,0.1126,"Low Risk
(0–30%)",0,0
654,19.65,8,Month-to-month,0.1562,"Low Risk
(0–30%)",0,1
655,95.1,10,Month-to-month,0.5748,"Medium Risk
(30–60%)",1,0
656,88.85,68,Two year,0.0232,"Low Risk
(0–30%)",0,0
657,78.8,45,One year,0.0809,"Low Risk
(0–30%)",0,0
658,19.85,2,One year,0.044,"Low Risk
(0–30%)",0,1
659,20.35,37,Month-to-month,0.0827,"Low Risk
(0–30%)",0,0
660,24.25,4,Month-to-month,0.4668,"Medium Risk
(30–60%)",0,1
661,45.25,10,Month-to-month,0.231,"Low Risk
(0–30%)",0,0
662,20.05,1,Month-to-month,0.3366,"Medium Risk
(30–60%)",0,0
663,69.55,65,Two year,0.0297,"Low Risk
(0–30%)",0,0
664,19.5,57,Two year,0.0153,"Low Risk
(0–30%)",0,0
665,74.75,3,Month-to-month,0.5993,"Medium Risk
(30–60%)",1,0
666,69.65,2,Month-to-month,0.5539,"Medium Risk
(30–60%)",1,1
667,30.2,49,Month-to-month,0.2104,"Low Risk
(0–30%)",0,0
668,45.65,4,Month-to-month,0.3182,"Medium Risk
(30–60%)",0,1
669,57.8,70,Two year,0.0348,"Low Risk
(0–30%)",0,0
670,19.85,53,One year,0.0341,"Low Risk
(0–30%)",0,0
671,25.55,53,Two year,0.0166,"Low Risk
(0–30%)",0,0
672,75.05,1,Month-to-month,0.7951,"High Risk
(60–100%)",1,1
673,24.85,22,Month-to-month,0.1205,"Low Risk
(0–30%)",0,0
674,49.15,52,Month-to-month,0.352,"Medium Risk
(30–60%)",0,1
675,110.35,65,Two year,0.1758,"Low Risk
(0–30%)",0,0
676,24.55,48,One year,0.0383,"Low Risk
(0–30%)",0,0
677,34.7,2,Month-to-month,0.7049,"High Risk
(60–100%)",1,1
678,107.95,3,Month-to-month,0.7108,"High Risk
(60–100%)",1,0
679,81.4,45,Month-to-month,0.2576,"Low Risk
(0–30%)",0,0
680,80.0,1,Month-to-month,0.8068,"High Risk
(60–100%)",1,1
681,73.8,61,Two year,0.0343,"Low Risk
(0–30%)",0,0
682,64.4,3,Month-to-month,0.2236,"Low Risk
(0–30%)",0,0
683,103.75,40,One year,0.3154,"Medium Risk
(30–60%)",0,0
684,71.1,1,Month-to-month,0.7094,"High Risk
(60–100%)",1,0
685,49.9,1,Month-to-month,0.5357,"Medium Risk
(30–60%)",1,0
686,24.6,51,One year,0.0369,"Low Risk
(0–30%)",0,0
687,49.25,2,Month-to-month,0.4425,"Medium Risk
(30–60%)",0,1
688,30.1,52,One year,0.0585,"Low Risk
(0–30%)",0,0
689,83.4,51,Month-to-month,0.2823,"Low Risk
(0–30%)",0,0
690,20.45,1,Month-to-month,0.3532,"Medium Risk
(30–60%)",0,0
691,75.25,31,One year,0.0741,"Low Risk
(0–30%)",0,0
692,20.55,47,One year,0.0292,"Low Risk
(0–30%)",0,0
693,75.1,3,Month-to-month,0.6743,"High Risk
(60–100%)",1,1
694,20.05,22,One year,0.0435,"Low Risk
(0–30%)",0,0
695,20.65,1,Month-to-month,0.3653,"Medium Risk
(30–60%)",0,0
696,85.15,72,Two year,0.0447,"Low Risk
(0–30%)",0,0
697,50.15,3,Month-to-month,0.4566,"Medium Risk
(30–60%)",0,1
698,84.95,47,One year,0.1175,"Low Risk
(0–30%)",0,0
699,66.5,72,Two year,0.016,"Low Risk
(0–30%)",0,0
700,63.3,66,Two year,0.0507,"Low Risk
(0–30%)",0,0
701,83.15,35,Month-to-month,0.419,"Medium Risk
(30–60%)",0,0
702,84.9,29,Month-to-month,0.5386,"Medium Risk
(30–60%)",1,0
703,20.55,2,Month-to-month,0.2605,"Low Risk
(0–30%)",0,0
704,49.25,4,Month-to-month,0.294,"Low Risk
(0–30%)",0,0
705,79.85,25,Month-to-month,0.266,"Low Risk
(0–30%)",0,1
706,59.6,65,Two year,0.019,"Low Risk
(0–30%)",0,0
707,104.65,27,One year,0.3086,"Medium Risk
(30–60%)",0,0
708,75.3,29,Month-to-month,0.3132,"Medium Risk
(30–60%)",0,0
709,80.1,29,Month-to-month,0.2106,"Low Risk
(0–30%)",0,0
710,19.55,1,Month-to-month,0.3124,"Medium Risk
(30–60%)",0,1
711,81.0,20,Month-to-month,0.2878,"Low Risk
(0–30%)",0,0
712,24.7,58,Two year,0.0178,"Low Risk
(0–30%)",0,0
713,86.0,14,Month-to-month,0.3398,"Medium Risk
(30–60%)",0,0
714,25.4,72,Two year,0.0129,"Low Risk
(0–30%)",0,0
715,89.15,46,Month-to-month,0.2825,"Low Risk
(0–30%)",0,0
716,58.25,71,Two year,0.0238,"Low Risk
(0–30%)",0,0
717,85.65,32,Month-to-month,0.4088,"Medium Risk
(30–60%)",0,0
718,50.35,26,Month-to-month,0.2333,"Low Risk
(0–30%)",0,0
719,80.35,68,Month-to-month,0.2463,"Low Risk
(0–30%)",0,0
720,20.2,2,One year,0.0467,"Low Risk
(0–30%)",0,0
721,20.55,61,Two year,0.0123,"Low Risk
(0–30%)",0,0
722,85.95,4,Month-to-month,0.7764,"High Risk
(60–100%)",1,1
723,45.35,3,Month-to-month,0.4619,"Medium Risk
(30–60%)",0,1
724,94.5,33,Month-to-month,0.5596,"Medium Risk
(30–60%)",1,1
725,21.25,9,Month-to-month,0.1412,"Low Risk
(0–30%)",0,0
726,26.25,22,Two year,0.0228,"Low Risk
(0–30%)",0,0
727,80.85,5,Month-to-month,0.7015,"High Risk
(60–100%)",1,0
728,91.7,30,Month-to-month,0.3108,"Medium Risk
(30–60%)",0,1
729,74.2,65,Two year,0.0391,"Low Risk
(0–30%)",0,0
730,87.25,45,Month-to-month,0.3948,"Medium Risk
(30–60%)",0,1
731,20.35,5,Month-to-month,0.1284,"Low Risk
(0–30%)",0,0
732,75.5,25,Month-to-month,0.3771,"Medium Risk
(30–60%)",0,0
733,79.05,72,Two year,0.0231,"Low Risk
(0–30%)",0,0
734,90.15,27,Month-to-month,0.3611,"Medium Risk
(30–60%)",0,0
735,50.6,32,Month-to-month,0.1749,"Low Risk
(0–30%)",0,0
736,110.45,30,One year,0.2361,"Low Risk
(0–30%)",0,0
737,101.0,70,Two year,0.0444,"Low Risk
(0–30%)",0,0
738,79.35,42,Month-to-month,0.3448,"Medium Risk
(30–60%)",0,0
739,89.85,72,Two year,0.0276,"Low Risk
(0–30%)",0,0
740,65.0,47,Two year,0.0311,"Low Risk
(0–30%)",0,0
741,80.45,2,Month-to-month,0.5372,"Medium Risk
(30–60%)",1,0
742,98.55,10,Month-to-month,0.695,"High Risk
(60–100%)",1,1
743,24.1,61,Two year,0.0151,"Low Risk
(0–30%)",0,0
744,44.05,5,Month-to-month,0.3747,"Medium Risk
(30–60%)",0,0
745,110.8,72,Two year,0.0522,"Low Risk
(0–30%)",0,0
746,114.95,72,Two year,0.0371,"Low Risk
(0–30%)",0,0
747,75.05,3,Month-to-month,0.5583,"Medium Risk
(30–60%)",1,0
748,19.25,48,Two year,0.0175,"Low Risk
(0–30%)",0,0
749,90.05,63,One year,0.0761,"Low Risk
(0–30%)",0,0
750,56.7,27,Month-to-month,0.1326,"Low Risk
(0–30%)",0,0
751,80.15,70,Two year,0.033,"Low Risk
(0–30%)",0,0
752,71.35,7,Month-to-month,0.1528,"Low Risk
(0–30%)",0,0
753,20.25,0,Two year,0.0155,"Low Risk
(0–30%)",0,0
754,90.35,2,Month-to-month,0.4189,"Medium Risk
(30–60%)",0,0
755,98.55,20,Month-to-month,0.7136,"High Risk
(60–100%)",1,1
756,19.7,66,Two year,0.0143,"Low Risk
(0–30%)",0,0
757,19.85,3,Month-to-month,0.1572,"Low Risk
(0–30%)",0,0
758,85.9,15,Month-to-month,0.4305,"Medium Risk
(30–60%)",0,1
759,90.35,72,Two year,0.0148,"Low Risk
(0–30%)",0,0
760,20.8,1,Month-to-month,0.3107,"Medium Risk
(30–60%)",0,0
761,89.25,22,Month-to-month,0.4218,"Medium Risk
(30–60%)",0,1
762,70.3,3,Month-to-month,0.6393,"High Risk
(60–100%)",1,1
763,66.85,72,Two year,0.0145,"Low Risk
(0–30%)",0,0
764,19.9,65,Two year,0.0136,"Low Risk
(0–30%)",0,0
765,35.8,11,Month-to-month,0.3305,"Medium Risk
(30–60%)",0,0
766,78.85,22,Month-to-month,0.3907,"Medium Risk
(30–60%)",0,0
767,20.4,14,One year,0.0383,"Low Risk
(0–30%)",0,0
768,74.25,41,Month-to-month,0.3238,"Medium Risk
(30–60%)",0,0
769,64.8,17,One year,0.0741,"Low Risk
(0–30%)",0,0
770,20.45,11,Month-to-month,0.1227,"Low Risk
(0–30%)",0,0
771,93.35,15,Month-to-month,0.6827,"High Risk
(60–100%)",1,1
772,19.9,1,Month-to-month,0.3421,"Medium Risk
(30–60%)",0,1
773,88.9,5,Month-to-month,0.4962,"Medium Risk
(30–60%)",0,1
774,95.8,33,One year,0.2949,"Low Risk
(0–30%)",0,1
775,110.65,72,Two year,0.0567,"Low Risk
(0–30%)",0,0
776,40.3,3,Month-to-month,0.3897,"Medium Risk
(30–60%)",0,0
777,82.0,2,Month-to-month,0.7849,"High Risk
(60–100%)",1,1
778,107.0,59,One year,0.1588,"Low Risk
(0–30%)",0,0
779,45.35,2,Month-to-month,0.4379,"Medium Risk
(30–60%)",0,1
780,73.35,71,Two year,0.0288,"Low Risk
(0–30%)",0,0
781,44.8,5,Month-to-month,0.2942,"Low Risk
(0–30%)",0,0
782,54.75,27,Month-to-month,0.1306,"Low Risk
(0–30%)",0,0
783,52.2,1,Month-to-month,0.532,"Medium Risk
(30–60%)",1,1
784,40.6,63,One year,0.0293,"Low Risk
(0–30%)",0,0
785,110.0,46,One year,0.2899,"Low Risk
(0–30%)",0,1
786,55.3,72,Two year,0.0199,"Low Risk
(0–30%)",0,0
787,60.85,34,Month-to-month,0.1152,"Low Risk
(0–30%)",0,0
788,78.4,24,One year,0.0936,"Low Risk
(0–30%)",0,0
789,69.65,72,Two year,0.014,"Low Risk
(0–30%)",0,0
790,59.85,60,Two year,0.0214,"Low Risk
(0–30%)",0,0
791,76.9,68,One year,0.0684,"Low Risk
(0–30%)",0,0
792,19.85,8,Two year,0.0257,"Low Risk
(0–30%)",0,0
793,67.65,34,Two year,0.0261,"Low Risk
(0–30%)",0,0
794,45.0,6,Month-to-month,0.3393,"Medium Risk
(30–60%)",0,0
795,64.2,2,Month-to-month,0.3486,"Medium Risk
(30–60%)",0,0
796,81.7,31,One year,0.0806,"Low Risk
(0–30%)",0,0
797,25.55,20,Month-to-month,0.1041,"Low Risk
(0–30%)",0,0
798,20.0,1,Month-to-month,0.3465,"Medium Risk
(30–60%)",0,0
799,96.75,62,One year,0.2869,"Low Risk
(0–30%)",0,1
800,75.65,70,Two year,0.057,"Low Risk
(0–30%)",0,0
801,98.5,10,Month-to-month,0.7804,"High Risk
(60–100%)",1,1
802,23.8,39,Two year,0.0191,"Low Risk
(0–30%)",0,0
803,64.2,46,Two year,0.0422,"Low Risk
(0–30%)",0,0
804,85.35,6,Month-to-month,0.692,"High Risk
(60–100%)",1,1
805,76.8,72,Two year,0.0482,"Low Risk
(0–30%)",0,0
806,55.2,18,Month-to-month,0.1345,"Low Risk
(0–30%)",0,0
807,108.55,71,Two year,0.1042,"Low Risk
(0–30%)",0,0
808,101.3,40,Month-to-month,0.5336,"Medium Risk
(30–60%)",1,1
809,69.55,1,Month-to-month,0.8035,"High Risk
(60–100%)",1,1
810,103.25,58,One year,0.2619,"Low Risk
(0–30%)",0,1
811,104.0,70,Two year,0.1369,"Low Risk
(0–30%)",0,1
812,25.25,42,Two year,0.0291,"Low Risk
(0–30%)",0,0
813,30.4,34,One year,0.0488,"Low Risk
(0–30%)",0,0
814,20.05,5,Month-to-month,0.1514,"Low Risk
(0–30%)",0,0
815,84.6,25,Month-to-month,0.4333,"Medium Risk
(30–60%)",0,0
816,86.2,2,Month-to-month,0.7033,"High Risk
(60–100%)",1,1
817,103.7,55,One year,0.1628,"Low Risk
(0–30%)",0,0
818,111.2,21,Month-to-month,0.5778,"Medium Risk
(30–60%)",1,1
819,88.0,70,Two year,0.0233,"Low Risk
(0–30%)",0,0
820,106.35,61,Month-to-month,0.4405,"Medium Risk
(30–60%)",0,0
821,79.15,43,Two year,0.0326,"Low Risk
(0–30%)",0,0
822,103.1,47,One year,0.3612,"Medium Risk
(30–60%)",0,0
823,63.95,5,Month-to-month,0.2908,"Low Risk
(0–30%)",0,0
824,25.8,62,Two year,0.0171,"Low Risk
(0–30%)",0,0
825,89.45,16,Month-to-month,0.4321,"Medium Risk
(30–60%)",0,1
826,95.6,7,Month-to-month,0.7755,"High Risk
(60–100%)",1,1
827,25.55,14,Month-to-month,0.0989,"Low Risk
(0–30%)",0,0
828,90.95,60,One year,0.1057,"Low Risk
(0–30%)",0,1
829,44.85,34,Month-to-month,0.2103,"Low Risk
(0–30%)",0,0
830,108.55,50,One year,0.2279,"Low Risk
(0–30%)",0,1
831,25.05,38,Two year,0.0181,"Low Risk
(0–30%)",0,0
832,74.1,70,One year,0.0501,"Low Risk
(0–30%)",0,0
833,88.8,37,Month-to-month,0.4362,"Medium Risk
(30–60%)",0,0
834,78.85,4,Month-to-month,0.7169,"High Risk
(60–100%)",1,1
835,93.25,60,Month-to-month,0.2243,"Low Risk
(0–30%)",0,0
836,71.4,62,One year,0.0422,"Low Risk
(0–30%)",0,0
837,44.4,1,Month-to-month,0.4807,"Medium Risk
(30–60%)",0,1
838,79.2,36,Month-to-month,0.1401,"Low Risk
(0–30%)",0,0
839,20.4,44,Two year,0.0185,"Low Risk
(0–30%)",0,0
840,100.0,55,One year,0.3453,"Medium Risk
(30–60%)",0,1
841,105.0,72,Two year,0.0771,"Low Risk
(0–30%)",0,0
842,19.8,12,One year,0.042,"Low Risk
(0–30%)",0,1
843,30.85,13,Month-to-month,0.2242,"Low Risk
(0–30%)",0,0
844,89.9,1,Month-to-month,0.8571,"High Risk
(60–100%)",1,1
845,20.55,15,One year,0.0365,"Low Risk
(0–30%)",0,0
846,84.85,65,Two year,0.0246,"Low Risk
(0–30%)",0,0
847,33.15,12,One year,0.0486,"Low Risk
(0–30%)",0,0
848,92.0,72,Two year,0.0265,"Low Risk
(0–30%)",0,0
849,89.8,72,Two year,0.0139,"Low Risk
(0–30%)",0,0
850,115.8,72,Two year,0.0314,"Low Risk
(0–30%)",0,0
851,85.15,52,Two year,0.0245,"Low Risk
(0–30%)",0,0
852,24.85,2,Month-to-month,0.1664,"Low Risk
(0–30%)",0,0
853,64.35,5,Month-to-month,0.245,"Low Risk
(0–30%)",0,0
854,20.5,68,Two year,0.0158,"Low Risk
(0–30%)",0,0
855,100.15,62,One year,0.2704,"Low Risk
(0–30%)",0,1
856,86.05,72,Two year,0.0181,"Low Risk
(0–30%)",0,0
857,50.8,1,Month-to-month,0.5575,"Medium Risk
(30–60%)",1,1
858,89.0,66,One year,0.0559,"Low Risk
(0–30%)",0,0
859,64.8,72,Two year,0.0162,"Low Risk
(0–30%)",0,0
860,19.8,26,One year,0.0323,"Low Risk
(0–30%)",0,0
861,93.4,64,Two year,0.0435,"Low Risk
(0–30%)",0,0
862,73.65,20,Month-to-month,0.4539,"Medium Risk
(30–60%)",0,1
863,95.1,3,Month-to-month,0.7177,"High Risk
(60–100%)",1,1
864,94.65,22,Month-to-month,0.5,"Medium Risk
(30–60%)",1,1
865,80.6,4,Month-to-month,0.6076,"High Risk
(60–100%)",1,1
866,39.0,62,Two year,0.0398,"Low Risk
(0–30%)",0,0
867,20.5,5,Month-to-month,0.158,"Low Risk
(0–30%)",0,0
868,85.55,59,One year,0.1603,"Low Risk
(0–30%)",0,1
869,26.4,3,Two year,0.0294,"Low Risk
(0–30%)",0,0
870,98.2,72,Two year,0.0309,"Low Risk
(0–30%)",0,0
871,97.55,57,One year,0.1679,"Low Risk
(0–30%)",0,0
872,19.95,66,Two year,0.0126,"Low Risk
(0–30%)",0,0
873,50.8,60,Month-to-month,0.2703,"Low Risk
(0–30%)",0,1
874,99.7,45,Two year,0.1038,"Low Risk
(0–30%)",0,0
875,34.8,3,Month-to-month,0.489,"Medium Risk
(30–60%)",0,0
876,105.1,15,Month-to-month,0.5287,"Medium Risk
(30–60%)",1,1
877,60.15,51,One year,0.0602,"Low Risk
(0–30%)",0,0
878,64.75,60,One year,0.0481,"Low Risk
(0–30%)",0,0
879,54.65,33,Month-to-month,0.2088,"Low Risk
(0–30%)",0,0
880,110.1,10,Month-to-month,0.5611,"Medium Risk
(30–60%)",1,1
881,19.3,26,One year,0.0357,"Low Risk
(0–30%)",0,0
882,83.9,6,Month-to-month,0.6046,"High Risk
(60–100%)",1,1
883,111.25,67,One year,0.2357,"Low Risk
(0–30%)",0,0
884,35.8,49,One year,0.0345,"Low Risk
(0–30%)",0,0
885,20.05,1,Month-to-month,0.3888,"Medium Risk
(30–60%)",0,0
886,84.35,7,Month-to-month,0.6919,"High Risk
(60–100%)",1,0
887,110.5,27,One year,0.3126,"Medium Risk
(30–60%)",0,0
888,91.2,37,One year,0.1471,"Low Risk
(0–30%)",0,0
889,100.55,63,Month-to-month,0.2933,"Low Risk
(0–30%)",0,1
890,89.3,31,Month-to-month,0.2449,"Low Risk
(0–30%)",0,0
891,103.85,50,Month-to-month,0.4238,"Medium Risk
(30–60%)",0,1
892,81.1,32,Month-to-month,0.3905,"Medium Risk
(30–60%)",0,0
893,24.6,1,Month-to-month,0.6009,"High Risk
(60–100%)",1,1
894,81.2,63,One year,0.0616,"Low Risk
(0–30%)",0,0
895,94.3,30,Month-to-month,0.3685,"Medium Risk
(30–60%)",0,0
896,116.1,71,Two year,0.0508,"Low Risk
(0–30%)",0,0
897,105.55,53,Two year,0.1751,"Low Risk
(0–30%)",0,0
898,98.9,12,Month-to-month,0.6006,"High Risk
(60–100%)",1,1
899,94.4,50,Month-to-month,0.2694,"Low Risk
(0–30%)",0,0
900,19.5,2,Month-to-month,0.2293,"Low Risk
(0–30%)",0,0
901,98.3,9,Month-to-month,0.6855,"High Risk
(60–100%)",1,1
902,93.85,17,Month-to-month,0.4381,"Medium Risk
(30–60%)",0,1
903,105.6,56,One year,0.2062,"Low Risk
(0–30%)",0,0
904,81.35,67,Two year,0.0289,"Low Risk
(0–30%)",0,0
905,100.5,9,Month-to-month,0.8298,"High Risk
(60–100%)",1,1
906,56.4,4,Month-to-month,0.4758,"Medium Risk
(30–60%)",0,0
907,65.35,19,One year,0.1125,"Low Risk
(0–30%)",0,0
908,19.95,8,Month-to-month,0.1017,"Low Risk
(0–30%)",0,0
909,111.25,71,Two year,0.0819,"Low Risk
(0–30%)",0,0
910,72.85,10,Month-to-month,0.5824,"Medium Risk
(30–60%)",1,1
911,89.0,15,Month-to-month,0.4352,"Medium Risk
(30–60%)",0,0
912,106.1,72,One year,0.1601,"Low Risk
(0–30%)",0,0
913,20.05,12,One year,0.039,"Low Risk
(0–30%)",0,0
914,25.2,72,Two year,0.0115,"Low Risk
(0–30%)",0,0
915,73.55,1,Month-to-month,0.8541,"High Risk
(60–100%)",1,1
916,75.4,23,Month-to-month,0.2927,"Low Risk
(0–30%)",0,0
917,65.55,72,Two year,0.0186,"Low Risk
(0–30%)",0,0
918,80.7,26,Month-to-month,0.5434,"Medium Risk
(30–60%)",1,0
919,104.55,21,One year,0.2817,"Low Risk
(0–30%)",0,0
920,24.15,60,One year,0.026,"Low Risk
(0–30%)",0,0
921,20.45,12,Month-to-month,0.1011,"Low Risk
(0–30%)",0,0
922,75.4,16,Month-to-month,0.6016,"High Risk
(60–100%)",1,0
923,79.7,63,One year,0.0775,"Low Risk
(0–30%)",0,0
924,81.7,22,Month-to-month,0.2927,"Low Risk
(0–30%)",0,0
925,76.3,32,Month-to-month,0.1077,"Low Risk
(0–30%)",0,0
926,79.4,3,Month-to-month,0.7883,"High Risk
(60–100%)",1,1
927,81.15,13,Month-to-month,0.5823,"Medium Risk
(30–60%)",1,1
928,103.75,68,Two year,0.0767,"Low Risk
(0–30%)",0,0
929,86.45,30,One year,0.1622,"Low Risk
(0–30%)",0,0
930,75.1,16,Month-to-month,0.2899,"Low Risk
(0–30%)",0,0
931,80.6,33,Two year,0.0415,"Low Risk
(0–30%)",0,0
932,19.3,72,Two year,0.0117,"Low Risk
(0–30%)",0,0
933,84.6,4,Month-to-month,0.8097,"High Risk
(60–100%)",1,1
934,33.6,12,One year,0.0678,"Low Risk
(0–30%)",0,0
935,83.25,4,Month-to-month,0.8178,"High Risk
(60–100%)",1,0
936,80.85,0,Two year,0.0389,"Low Risk
(0–30%)",0,0
937,79.05,6,Month-to-month,0.6093,"High Risk
(60–100%)",1,1
938,108.05,65,One year,0.1977,"Low Risk
(0–30%)",0,0
939,19.9,15,Month-to-month,0.104,"Low Risk
(0–30%)",0,0
940,21.05,24,One year,0.0311,"Low Risk
(0–30%)",0,0
941,30.15,13,Month-to-month,0.2452,"Low Risk
(0–30%)",0,0
942,79.85,24,Month-to-month,0.3419,"Medium Risk
(30–60%)",0,0
943,65.5,72,Two year,0.0219,"Low Risk
(0–30%)",0,0
944,104.1,54,Month-to-month,0.2905,"Low Risk
(0–30%)",0,0
945,74.4,3,Month-to-month,0.5883,"Medium Risk
(30–60%)",1,1
946,20.5,4,Month-to-month,0.1491,"Low Risk
(0–30%)",0,0
947,91.35,32,Month-to-month,0.421,"Medium Risk
(30–60%)",0,0
948,99.05,35,Month-to-month,0.6045,"High Risk
(60–100%)",1,1
949,20.5,35,Two year,0.0167,"Low Risk
(0–30%)",0,0
950,44.95,2,Month-to-month,0.4977,"Medium Risk
(30–60%)",0,1
951,75.6,8,Month-to-month,0.4714,"Medium Risk
(30–60%)",0,0
952,55.1,22,Month-to-month,0.1018,"Low Risk
(0–30%)",0,0
953,58.95,15,Month-to-month,0.1833,"Low Risk
(0–30%)",0,0
954,95.1,22,Month-to-month,0.6322,"High Risk
(60–100%)",1,0
955,44.7,1,Month-to-month,0.4746,"Medium Risk
(30–60%)",0,1
956,25.45,71,Two year,0.01,"Low Risk
(0–30%)",0,0
957,56.75,4,Month-to-month,0.244,"Low Risk
(0–30%)",0,0
958,81.75,25,Month-to-month,0.1238,"Low Risk
(0–30%)",0,0
959,86.1,32,Month-to-month,0.4221,"Medium Risk
(30–60%)",0,0
960,29.8,7,Month-to-month,0.2648,"Low Risk
(0–30%)",0,0
961,20.5,17,One year,0.0421,"Low Risk
(0–30%)",0,0
962,60.9,8,Month-to-month,0.2224,"Low Risk
(0–30%)",0,0
963,73.25,56,Two year,0.0297,"Low Risk
(0–30%)",0,0
964,45.7,1,Month-to-month,0.5636,"Medium Risk
(30–60%)",1,1
965,100.3,8,Month-to-month,0.5447,"Medium Risk
(30–60%)",1,1
966,19.25,7,Month-to-month,0.1287,"Low Risk
(0–30%)",0,1
967,20.85,3,Month-to-month,0.1508,"Low Risk
(0–30%)",0,0
968,77.35,71,Two year,0.0166,"Low Risk
(0–30%)",0,0
969,96.0,2,Month-to-month,0.8521,"High Risk
(60–100%)",1,1
970,90.55,1,Month-to-month,0.8269,"High Risk
(60–100%)",1,1
971,93.85,49,Month-to-month,0.2977,"Low Risk
(0–30%)",0,0
972,70.1,58,Two year,0.0286,"Low Risk
(0–30%)",0,0
973,30.35,44,Month-to-month,0.332,"Medium Risk
(30–60%)",0,1
974,75.95,59,Two year,0.0314,"Low Risk
(0–30%)",0,0
975,108.05,71,Two year,0.1396,"Low Risk
(0–30%)",0,1
976,69.9,1,Month-to-month,0.7976,"High Risk
(60–100%)",1,1
977,75.25,11,Month-to-month,0.5632,"Medium Risk
(30–60%)",1,0
978,103.75,62,One year,0.2993,"Low Risk
(0–30%)",0,1
979,54.95,35,One year,0.0417,"Low Risk
(0–30%)",0,0
980,19.5,20,Month-to-month,0.1001,"Low Risk
(0–30%)",0,0
981,19.6,40,Two year,0.0168,"Low Risk
(0–30%)",0,0
982,47.85,39,One year,0.0643,"Low Risk
(0–30%)",0,0
983,86.6,1,Month-to-month,0.8846,"High Risk
(60–100%)",1,1
984,23.75,72,Two year,0.0097,"Low Risk
(0–30%)",0,0
985,80.6,33,Month-to-month,0.3869,"Medium Risk
(30–60%)",0,1
986,43.8,12,Month-to-month,0.1807,"Low Risk
(0–30%)",0,0
987,19.75,1,Month-to-month,0.3026,"Medium Risk
(30–60%)",0,0
988,19.15,27,Month-to-month,0.0614,"Low Risk
(0–30%)",0,0
989,19.6,34,One year,0.0282,"Low Risk
(0–30%)",0,0
990,80.3,56,Two year,0.0277,"Low Risk
(0–30%)",0,0
991,24.35,58,Two year,0.0164,"Low Risk
(0–30%)",0,0
992,25.25,22,Two year,0.0199,"Low Risk
(0–30%)",0,0
993,26.1,10,Two year,0.0234,"Low Risk
(0–30%)",0,0
994,20.0,13,Two year,0.0221,"Low Risk
(0–30%)",0,0
995,85.3,35,Month-to-month,0.2483,"Low Risk
(0–30%)",0,1
996,70.0,34,Month-to-month,0.2938,"Low Risk
(0–30%)",0,1
997,94.3,4,Month-to-month,0.8397,"High Risk
(60–100%)",1,1
998,20.7,72,Two year,0.0108,"Low Risk
(0–30%)",0,0
999,70.3,2,Month-to-month,0.392,"Medium Risk
(30–60%)",0,0
1000,95.35,7,Month-to-month,0.7193,"High Risk
(60–100%)",1,1
1001,75.5,27,Month-to-month,0.4999,"Medium Risk
(30–60%)",0,1
1002,69.55,4,Month-to-month,0.5891,"Medium Risk
(30–60%)",1,0
1003,19.85,37,Two year,0.0185,"Low Risk
(0–30%)",0,0
1004,20.0,21,Month-to-month,0.0869,"Low Risk
(0–30%)",0,0
1005,95.85,53,One year,0.2814,"Low Risk
(0–30%)",0,0
1006,90.1,18,Month-to-month,0.5324,"Medium Risk
(30–60%)",1,1
1007,68.95,2,Month-to-month,0.6009,"High Risk
(60–100%)",1,1
1008,99.55,32,Month-to-month,0.4326,"Medium Risk
(30–60%)",0,1
1009,20.75,23,One year,0.0515,"Low Risk
(0–30%)",0,0
1010,50.15,3,Month-to-month,0.256,"Low Risk
(0–30%)",0,0
1011,58.65,71,Two year,0.0142,"Low Risk
(0–30%)",0,0
1012,95.9,9,Month-to-month,0.5909,"Medium Risk
(30–60%)",1,0
1013,49.5,1,Month-to-month,0.544,"Medium Risk
(30–60%)",1,0
1014,57.45,18,Month-to-month,0.2479,"Low Risk
(0–30%)",0,1
1015,53.65,12,One year,0.1161,"Low Risk
(0–30%)",0,1
1016,80.1,71,Two year,0.0206,"Low Risk
(0–30%)",0,0
1017,24.4,64,One year,0.0294,"Low Risk
(0–30%)",0,0
1018,40.05,4,Month-to-month,0.4696,"Medium Risk
(30–60%)",0,0
1019,19.5,23,Month-to-month,0.0948,"Low Risk
(0–30%)",0,0
1020,51.05,39,Month-to-month,0.12,"Low Risk
(0–30%)",0,0
1021,54.35,28,One year,0.036,"Low Risk
(0–30%)",0,0
1022,84.7,5,Month-to-month,0.7059,"High Risk
(60–100%)",1,0
1023,86.1,45,Month-to-month,0.3947,"Medium Risk
(30–60%)",0,0
1024,70.35,37,Month-to-month,0.2989,"Low Risk
(0–30%)",0,0
1025,110.0,60,Two year,0.0868,"Low Risk
(0–30%)",0,0
1026,100.6,8,Month-to-month,0.8298,"High Risk
(60–100%)",1,1
1027,94.9,47,One year,0.1163,"Low Risk
(0–30%)",0,0
1028,83.75,26,Month-to-month,0.5324,"Medium Risk
(30–60%)",1,1
1029,88.3,3,Month-to-month,0.482,"Medium Risk
(30–60%)",0,1
1030,69.75,50,Month-to-month,0.2233,"Low Risk
(0–30%)",0,0
1031,71.6,27,Month-to-month,0.1235,"Low Risk
(0–30%)",0,0
1032,92.1,8,Month-to-month,0.6972,"High Risk
(60–100%)",1,1
1033,23.65,62,Two year,0.0149,"Low Risk
(0–30%)",0,0
1034,81.85,71,Two year,0.0189,"Low Risk
(0–30%)",0,0
1035,25.1,66,Two year,0.0168,"Low Risk
(0–30%)",0,0
1036,114.7,68,Two year,0.0681,"Low Risk
(0–30%)",0,0
1037,49.15,13,Month-to-month,0.3691,"Medium Risk
(30–60%)",0,0
1038,80.9,56,One year,0.1437,"Low Risk
(0–30%)",0,0
1039,79.45,38,Month-to-month,0.2775,"Low Risk
(0–30%)",0,1
1040,90.45,14,Month-to-month,0.4381,"Medium Risk
(30–60%)",0,1
1041,19.3,16,One year,0.038,"Low Risk
(0–30%)",0,0
1042,70.2,14,Month-to-month,0.3914,"Medium Risk
(30–60%)",0,0
1043,69.75,32,Month-to-month,0.3036,"Medium Risk
(30–60%)",0,1
1044,54.25,8,One year,0.0531,"Low Risk
(0–30%)",0,0
1045,99.3,43,Month-to-month,0.4629,"Medium Risk
(30–60%)",0,0
1046,74.0,52,One year,0.0442,"Low Risk
(0–30%)",0,0
1047,50.25,3,Month-to-month,0.3467,"Medium Risk
(30–60%)",0,0
1048,19.8,29,One year,0.0349,"Low Risk
(0–30%)",0,0
1049,19.65,1,Month-to-month,0.3238,"Medium Risk
(30–60%)",0,1
1050,43.65,12,Month-to-month,0.3939,"Medium Risk
(30–60%)",0,1
1051,35.5,16,Month-to-month,0.2779,"Low Risk
(0–30%)",0,0
1052,80.75,40,One year,0.1344,"Low Risk
(0–30%)",0,0
1053,39.5,5,Month-to-month,0.4591,"Medium Risk
(30–60%)",0,1
1054,97.1,40,Month-to-month,0.4384,"Medium Risk
(30–60%)",0,1
1055,19.55,36,One year,0.0307,"Low Risk
(0–30%)",0,0
1056,80.0,5,Month-to-month,0.6816,"High Risk
(60–100%)",1,1
1057,84.7,10,Month-to-month,0.4687,"Medium Risk
(30–60%)",0,1
1058,89.55,2,Month-to-month,0.7217,"High Risk
(60–100%)",1,1
1059,90.6,23,Month-to-month,0.5002,"Medium Risk
(30–60%)",1,1
1060,20.05,26,One year,0.0326,"Low Risk
(0–30%)",0,0
1061,112.4,72,Two year,0.0666,"Low Risk
(0–30%)",0,0
1062,50.2,34,Month-to-month,0.1132,"Low Risk
(0–30%)",0,0
1063,62.25,10,Month-to-month,0.1407,"Low Risk
(0–30%)",0,0
1064,55.7,14,One year,0.0494,"Low Risk
(0–30%)",0,0
1065,90.05,23,Month-to-month,0.3683,"Medium Risk
(30–60%)",0,1
1066,19.65,47,Two year,0.0176,"Low Risk
(0–30%)",0,0
1067,89.25,24,Month-to-month,0.2998,"Low Risk
(0–30%)",0,0
1068,99.05,49,Month-to-month,0.4642,"Medium Risk
(30–60%)",0,1
1069,54.0,20,One year,0.0565,"Low Risk
(0–30%)",0,0
1070,69.75,2,Month-to-month,0.5257,"Medium Risk
(30–60%)",1,1
1071,49.05,2,Month-to-month,0.5033,"Medium Risk
(30–60%)",1,1
1072,56.75,22,Two year,0.0501,"Low Risk
(0–30%)",0,0
1073,98.05,7,Month-to-month,0.7849,"High Risk
(60–100%)",1,1
1074,21.1,1,Month-to-month,0.3107,"Medium Risk
(30–60%)",0,0
1075,96.65,59,Month-to-month,0.2208,"Low Risk
(0–30%)",0,0
1076,24.5,58,One year,0.0246,"Low Risk
(0–30%)",0,0
1077,114.5,41,Month-to-month,0.33,"Medium Risk
(30–60%)",0,1
1078,79.2,59,Two year,0.0554,"Low Risk
(0–30%)",0,0
1079,69.55,3,Month-to-month,0.6384,"High Risk
(60–100%)",1,0
1080,20.05,32,Two year,0.0197,"Low Risk
(0–30%)",0,0
1081,98.85,46,Month-to-month,0.5925,"Medium Risk
(30–60%)",1,0
1082,25.75,0,Two year,0.0157,"Low Risk
(0–30%)",0,0
1083,80.95,2,Month-to-month,0.7189,"High Risk
(60–100%)",1,1
1084,19.6,52,One year,0.0285,"Low Risk
(0–30%)",0,0
1085,74.3,13,Month-to-month,0.5726,"Medium Risk
(30–60%)",1,1
1086,89.7,11,Month-to-month,0.5593,"Medium Risk
(30–60%)",1,1
1087,87.65,32,Month-to-month,0.2061,"Low Risk
(0–30%)",0,0
1088,100.45,17,Month-to-month,0.6249,"High Risk
(60–100%)",1,1
1089,74.75,16,Month-to-month,0.4391,"Medium Risk
(30–60%)",0,0
1090,107.45,51,One year,0.2092,"Low Risk
(0–30%)",0,0
1091,75.35,29,One year,0.1233,"Low Risk
(0–30%)",0,0
1092,64.95,70,Two year,0.019,"Low Risk
(0–30%)",0,0
1093,100.45,71,Two year,0.0331,"Low Risk
(0–30%)",0,0
1094,68.5,41,One year,0.0851,"Low Risk
(0–30%)",0,0
1095,80.55,1,Month-to-month,0.8514,"High Risk
(60–100%)",1,0
1096,81.25,7,Month-to-month,0.1917,"Low Risk
(0–30%)",0,0
1097,90.4,25,One year,0.2501,"Low Risk
(0–30%)",0,1
1098,89.55,67,One year,0.0456,"Low Risk
(0–30%)",0,0
1099,55.7,5,Month-to-month,0.3314,"Medium Risk
(30–60%)",0,0
1100,24.8,15,Month-to-month,0.1592,"Low Risk
(0–30%)",0,0
1101,20.0,20,Month-to-month,0.1014,"Low Risk
(0–30%)",0,0
1102,56.15,3,Month-to-month,0.4229,"Medium Risk
(30–60%)",0,1
1103,105.2,54,One year,0.2455,"Low Risk
(0–30%)",0,0
1104,19.55,42,One year,0.0355,"Low Risk
(0–30%)",0,0
1105,79.75,9,Month-to-month,0.6409,"High Risk
(60–100%)",1,0
1106,97.45,63,Two year,0.0829,"Low Risk
(0–30%)",0,0
1107,24.25,69,Two year,0.0161,"Low Risk
(0–30%)",0,0
1108,24.6,69,Two year,0.0163,"Low Risk
(0–30%)",0,0
1109,50.15,40,Month-to-month,0.1859,"Low Risk
(0–30%)",0,0
1110,39.6,60,Two year,0.0259,"Low Risk
(0–30%)",0,0
1111,94.4,4,Month-to-month,0.5415,"Medium Risk
(30–60%)",1,1
1112,89.85,71,Two year,0.0211,"Low Risk
(0–30%)",0,0
1113,78.95,37,Month-to-month,0.3542,"Medium Risk
(30–60%)",0,1
1114,98.85,32,Month-to-month,0.4756,"Medium Risk
(30–60%)",0,0
1115,53.85,39,Two year,0.0549,"Low Risk
(0–30%)",0,0
1116,24.25,38,One year,0.052,"Low Risk
(0–30%)",0,0
1117,89.45,52,Two year,0.0746,"Low Risk
(0–30%)",0,0
1118,105.25,48,Month-to-month,0.3419,"Medium Risk
(30–60%)",0,0
1119,59.5,70,Two year,0.0239,"Low Risk
(0–30%)",0,0
1120,70.55,20,Month-to-month,0.2574,"Low Risk
(0–30%)",0,0
1121,82.5,50,One year,0.0787,"Low Risk
(0–30%)",0,0
1122,44.85,19,One year,0.1932,"Low Risk
(0–30%)",0,1
1123,61.6,25,One year,0.0517,"Low Risk
(0–30%)",0,0
1124,49.05,12,Month-to-month,0.2254,"Low Risk
(0–30%)",0,0
1125,105.65,39,Month-to-month,0.5493,"Medium Risk
(30–60%)",1,1
1126,74.65,7,Month-to-month,0.4383,"Medium Risk
(30–60%)",0,1
1127,66.25,23,One year,0.0417,"Low Risk
(0–30%)",0,0
1128,19.4,27,Month-to-month,0.1111,"Low Risk
(0–30%)",0,0
1129,86.05,47,Month-to-month,0.3885,"Medium Risk
(30–60%)",0,0
1130,19.15,26,Two year,0.0163,"Low Risk
(0–30%)",0,0
1131,64.7,14,Month-to-month,0.2338,"Low Risk
(0–30%)",0,1
1132,104.05,11,Month-to-month,0.6984,"High Risk
(60–100%)",1,1
1133,19.25,2,Month-to-month,0.1329,"Low Risk
(0–30%)",0,0
1134,81.95,26,Month-to-month,0.2347,"Low Risk
(0–30%)",0,0
1135,114.65,72,Two year,0.041,"Low Risk
(0–30%)",0,0
1136,20.0,63,Two year,0.0133,"Low Risk
(0–30%)",0,0
1137,19.8,71,Two year,0.0099,"Low Risk
(0–30%)",0,0
1138,65.15,11,Month-to-month,0.2253,"Low Risk
(0–30%)",0,0
1139,19.65,14,One year,0.0527,"Low Risk
(0–30%)",0,0
1140,88.95,13,Two year,0.0323,"Low Risk
(0–30%)",0,0
1141,20.2,6,Month-to-month,0.1327,"Low Risk
(0–30%)",0,0
1142,75.2,11,Month-to-month,0.5338,"Medium Risk
(30–60%)",1,0
1143,56.8,18,Month-to-month,0.1823,"Low Risk
(0–30%)",0,0
1144,35.55,1,Month-to-month,0.727,"High Risk
(60–100%)",1,1
1145,75.5,32,Month-to-month,0.2522,"Low Risk
(0–30%)",0,0
1146,35.6,29,One year,0.0439,"Low Risk
(0–30%)",0,0
1147,60.25,3,Month-to-month,0.6512,"High Risk
(60–100%)",1,0
1148,95.15,2,Month-to-month,0.8435,"High Risk
(60–100%)",1,1
1149,96.65,13,Month-to-month,0.5723,"Medium Risk
(30–60%)",1,1
1150,40.35,41,Month-to-month,0.3113,"Medium Risk
(30–60%)",0,0
1151,18.85,1,Month-to-month,0.2628,"Low Risk
(0–30%)",0,0
1152,54.85,7,Month-to-month,0.2705,"Low Risk
(0–30%)",0,0
1153,64.3,52,One year,0.058,"Low Risk
(0–30%)",0,0
1154,24.65,45,Two year,0.0209,"Low Risk
(0–30%)",0,0
1155,76.1,70,Two year,0.0367,"Low Risk
(0–30%)",0,0
1156,18.7,53,Two year,0.0201,"Low Risk
(0–30%)",0,0
1157,97.95,62,One year,0.1239,"Low Risk
(0–30%)",0,0
1158,94.1,60,Month-to-month,0.2407,"Low Risk
(0–30%)",0,0
1159,80.4,3,Month-to-month,0.7197,"High Risk
(60–100%)",1,1
1160,95.1,23,Month-to-month,0.4978,"Medium Risk
(30–60%)",0,0
1161,31.35,1,Month-to-month,0.5991,"Medium Risk
(30–60%)",1,1
1162,72.35,67,One year,0.0553,"Low Risk
(0–30%)",0,0
1163,89.75,12,Month-to-month,0.6271,"High Risk
(60–100%)",1,1
1164,82.7,71,Two year,0.0196,"Low Risk
(0–30%)",0,0
1165,19.9,25,One year,0.0327,"Low Risk
(0–30%)",0,0
1166,53.8,5,Month-to-month,0.4035,"Medium Risk
(30–60%)",0,0
1167,51.55,26,One year,0.0966,"Low Risk
(0–30%)",0,0
1168,19.65,1,One year,0.0712,"Low Risk
(0–30%)",0,0
1169,44.05,70,One year,0.084,"Low Risk
(0–30%)",0,0
1170,114.0,72,Two year,0.0407,"Low Risk
(0–30%)",0,0
1171,94.4,60,One year,0.2156,"Low Risk
(0–30%)",0,1
1172,100.4,32,Month-to-month,0.5149,"Medium Risk
(30–60%)",1,0
1173,19.85,1,Month-to-month,0.4072,"Medium Risk
(30–60%)",0,1
1174,54.25,14,One year,0.1256,"Low Risk
(0–30%)",0,0
1175,80.0,13,Month-to-month,0.4067,"Medium Risk
(30–60%)",0,0
1176,109.9,6,Month-to-month,0.6976,"High Risk
(60–100%)",1,1
1177,79.2,46,Two year,0.0459,"Low Risk
(0–30%)",0,0
1178,101.35,15,Month-to-month,0.6021,"High Risk
(60–100%)",1,1
1179,94.3,43,Month-to-month,0.4316,"Medium Risk
(30–60%)",0,0
1180,49.8,39,Two year,0.0487,"Low Risk
(0–30%)",0,0
1181,60.05,21,Month-to-month,0.2476,"Low Risk
(0–30%)",0,1
1182,53.75,57,Month-to-month,0.2124,"Low Risk
(0–30%)",0,0
1183,93.45,53,One year,0.2229,"Low Risk
(0–30%)",0,0
1184,87.9,18,Month-to-month,0.3283,"Medium Risk
(30–60%)",0,0
1185,60.15,1,Month-to-month,0.7764,"High Risk
(60–100%)",1,1
1186,61.05,58,One year,0.0347,"Low Risk
(0–30%)",0,0
1187,104.05,71,Two year,0.0908,"Low Risk
(0–30%)",0,0
1188,99.25,35,One year,0.2818,"Low Risk
(0–30%)",0,0
1189,85.7,3,Month-to-month,0.6127,"High Risk
(60–100%)",1,0
1190,104.85,38,One year,0.2855,"Low Risk
(0–30%)",0,0
1191,69.15,35,Two year,0.0256,"Low Risk
(0–30%)",0,0
1192,90.45,7,Month-to-month,0.7917,"High Risk
(60–100%)",1,1
1193,74.45,47,Two year,0.0472,"Low Risk
(0–30%)",0,0
1194,50.45,14,Month-to-month,0.2302,"Low Risk
(0–30%)",0,0
1195,60.0,20,Month-to-month,0.3164,"Medium Risk
(30–60%)",0,0
1196,85.25,66,Two year,0.0342,"Low Risk
(0–30%)",0,0
1197,19.45,15,Month-to-month,0.1102,"Low Risk
(0–30%)",0,0
1198,20.75,42,Two year,0.0211,"Low Risk
(0–30%)",0,0
1199,78.9,17,Month-to-month,0.3872,"Medium Risk
(30–60%)",0,0
1200,104.5,37,One year,0.2822,"Low Risk
(0–30%)",0,0
1201,49.4,12,Month-to-month,0.3206,"Medium Risk
(30–60%)",0,0
1202,94.25,53,One year,0.2224,"Low Risk
(0–30%)",0,1
1203,25.0,60,Two year,0.0157,"Low Risk
(0–30%)",0,0
1204,25.55,18,Month-to-month,0.1815,"Low Risk
(0–30%)",0,0
1205,74.9,1,Month-to-month,0.8462,"High Risk
(60–100%)",1,1
1206,70.15,3,Month-to-month,0.6393,"High Risk
(60–100%)",1,0
1207,69.4,9,Month-to-month,0.2256,"Low Risk
(0–30%)",0,0
1208,80.25,1,Month-to-month,0.8514,"High Risk
(60–100%)",1,1
1209,93.15,56,One year,0.076,"Low Risk
(0–30%)",0,0
1210,69.0,17,Month-to-month,0.4564,"Medium Risk
(30–60%)",0,1
1211,66.35,11,Month-to-month,0.3347,"Medium Risk
(30–60%)",0,1
1212,69.55,7,Month-to-month,0.5885,"Medium Risk
(30–60%)",1,0
1213,20.2,69,Two year,0.0137,"Low Risk
(0–30%)",0,0
1214,86.0,19,Month-to-month,0.4546,"Medium Risk
(30–60%)",0,1
1215,80.3,3,Month-to-month,0.6963,"High Risk
(60–100%)",1,1
1216,20.4,54,Two year,0.0196,"Low Risk
(0–30%)",0,0
1217,23.75,62,One year,0.0273,"Low Risk
(0–30%)",0,0
1218,90.55,24,Month-to-month,0.4452,"Medium Risk
(30–60%)",0,1
1219,70.45,62,Month-to-month,0.1532,"Low Risk
(0–30%)",0,0
1220,65.75,17,Month-to-month,0.1894,"Low Risk
(0–30%)",0,0
1221,24.6,9,Month-to-month,0.353,"Medium Risk
(30–60%)",0,0
1222,69.25,64,Two year,0.0205,"Low Risk
(0–30%)",0,0
1223,75.9,2,Month-to-month,0.7828,"High Risk
(60–100%)",1,1
1224,45.85,1,Month-to-month,0.5596,"Medium Risk
(30–60%)",1,1
1225,49.95,16,Month-to-month,0.3916,"Medium Risk
(30–60%)",0,1
1226,24.65,72,Two year,0.0164,"Low Risk
(0–30%)",0,0
1227,90.4,30,One year,0.0654,"Low Risk
(0–30%)",0,0
1228,100.85,49,Month-to-month,0.4142,"Medium Risk
(30–60%)",0,0
1229,75.35,61,Two year,0.0243,"Low Risk
(0–30%)",0,0
1230,87.2,47,Month-to-month,0.3232,"Medium Risk
(30–60%)",0,0
1231,64.4,20,Month-to-month,0.1495,"Low Risk
(0–30%)",0,0
1232,78.3,34,Month-to-month,0.3348,"Medium Risk
(30–60%)",0,1
1233,24.7,70,Two year,0.0136,"Low Risk
(0–30%)",0,0
1234,105.85,54,One year,0.166,"Low Risk
(0–30%)",0,0
1235,98.3,61,One year,0.11,"Low Risk
(0–30%)",0,0
1236,76.95,3,Month-to-month,0.778,"High Risk
(60–100%)",1,1
1237,19.45,13,One year,0.0383,"Low Risk
(0–30%)",0,0
1238,96.15,16,Month-to-month,0.7236,"High Risk
(60–100%)",1,1
1239,58.7,3,Month-to-month,0.4315,"Medium Risk
(30–60%)",0,0
1240,20.15,25,Month-to-month,0.0911,"Low Risk
(0–30%)",0,0
1241,64.5,30,Month-to-month,0.1741,"Low Risk
(0–30%)",0,0
1242,28.5,21,Month-to-month,0.2733,"Low Risk
(0–30%)",0,0
1243,45.3,1,Month-to-month,0.5757,"Medium Risk
(30–60%)",1,1
1244,19.4,15,Month-to-month,0.104,"Low Risk
(0–30%)",0,1
1245,90.45,23,Month-to-month,0.5143,"Medium Risk
(30–60%)",1,0
1246,105.15,45,Month-to-month,0.3779,"Medium Risk
(30–60%)",0,0
1247,83.15,24,One year,0.0933,"Low Risk
(0–30%)",0,0
1248,90.15,11,Month-to-month,0.5906,"Medium Risk
(30–60%)",1,1
1249,45.05,1,Month-to-month,0.504,"Medium Risk
(30–60%)",1,1
1250,103.2,56,Two year,0.0913,"Low Risk
(0–30%)",0,0
1251,75.8,1,Month-to-month,0.7339,"High Risk
(60–100%)",1,1
1252,19.45,1,Month-to-month,0.2974,"Low Risk
(0–30%)",0,0
1253,79.3,7,Month-to-month,0.6635,"High Risk
(60–100%)",1,1
1254,88.8,55,Two year,0.044,"Low Risk
(0–30%)",0,0
1255,30.9,2,Month-to-month,0.5781,"Medium Risk
(30–60%)",1,1
1256,85.9,72,Two year,0.0182,"Low Risk
(0–30%)",0,0
1257,34.2,45,One year,0.1873,"Low Risk
(0–30%)",0,0
1258,20.15,47,Two year,0.0176,"Low Risk
(0–30%)",0,0
1259,95.25,46,One year,0.1875,"Low Risk
(0–30%)",0,1
1260,50.3,2,Month-to-month,0.5033,"Medium Risk
(30–60%)",1,0
1261,80.15,2,Month-to-month,0.4534,"Medium Risk
(30–60%)",0,0
1262,51.25,12,Month-to-month,0.3202,"Medium Risk
(30–60%)",0,0
1263,89.6,68,Month-to-month,0.2626,"Low Risk
(0–30%)",0,1
1264,95.2,69,Two year,0.0703,"Low Risk
(0–30%)",0,0
1265,94.8,56,One year,0.1203,"Low Risk
(0–30%)",0,0
1266,80.25,4,Month-to-month,0.6236,"High Risk
(60–100%)",1,0
1267,76.1,64,Two year,0.0322,"Low Risk
(0–30%)",0,0
1268,110.15,59,One year,0.2349,"Low Risk
(0–30%)",0,1
1269,115.55,62,Two year,0.0717,"Low Risk
(0–30%)",0,0
1270,24.65,63,Two year,0.0135,"Low Risk
(0–30%)",0,0
1271,53.6,53,One year,0.0678,"Low Risk
(0–30%)",0,0
1272,19.45,5,Month-to-month,0.1205,"Low Risk
(0–30%)",0,0
1273,88.2,49,Month-to-month,0.31,"Medium Risk
(30–60%)",0,0
1274,101.15,62,Two year,0.0732,"Low Risk
(0–30%)",0,0
1275,56.8,55,Two year,0.0181,"Low Risk
(0–30%)",0,0
1276,99.4,71,Two year,0.0349,"Low Risk
(0–30%)",0,0
1277,20.1,72,Two year,0.0113,"Low Risk
(0–30%)",0,0
1278,60.7,36,One year,0.0676,"Low Risk
(0–30%)",0,0
1279,20.95,25,One year,0.0396,"Low Risk
(0–30%)",0,0
1280,114.85,72,Two year,0.0392,"Low Risk
(0–30%)",0,0
1281,19.25,36,One year,0.0343,"Low Risk
(0–30%)",0,0
1282,62.8,1,Month-to-month,0.6334,"High Risk
(60–100%)",1,0
1283,105.5,72,Two year,0.1032,"Low Risk
(0–30%)",0,0
1284,19.85,59,Two year,0.0145,"Low Risk
(0–30%)",0,0
1285,89.5,7,Month-to-month,0.6972,"High Risk
(60–100%)",1,1
1286,74.1,1,One year,0.1701,"Low Risk
(0–30%)",0,0
1287,107.5,30,Month-to-month,0.4186,"Medium Risk
(30–60%)",0,0
1288,19.55,64,Two year,0.0144,"Low Risk
(0–30%)",0,0
1289,68.8,63,One year,0.0297,"Low Risk
(0–30%)",0,0
1290,84.45,72,Two year,0.032,"Low Risk
(0–30%)",0,0
1291,75.0,8,Month-to-month,0.4142,"Medium Risk
(30–60%)",0,1
1292,84.5,62,Two year,0.0369,"Low Risk
(0–30%)",0,0
1293,111.2,67,Two year,0.1034,"Low Risk
(0–30%)",0,0
1294,44.75,6,Month-to-month,0.3216,"Medium Risk
(30–60%)",0,1
1295,80.6,70,Two year,0.0289,"Low Risk
(0–30%)",0,0
1296,80.7,20,Month-to-month,0.3388,"Medium Risk
(30–60%)",0,0
1297,75.6,5,Month-to-month,0.633,"High Risk
(60–100%)",1,0
1298,57.6,24,One year,0.0921,"Low Risk
(0–30%)",0,0
1299,44.05,11,Month-to-month,0.3458,"Medium Risk
(30–60%)",0,1
1300,110.6,72,Two year,0.0631,"Low Risk
(0–30%)",0,0
1301,58.2,66,Two year,0.018,"Low Risk
(0–30%)",0,0
1302,81.0,45,Two year,0.0321,"Low Risk
(0–30%)",0,0
1303,19.7,69,Two year,0.0133,"Low Risk
(0–30%)",0,0
1304,85.6,15,Month-to-month,0.5433,"Medium Risk
(30–60%)",1,1
1305,59.55,28,Month-to-month,0.1895,"Low Risk
(0–30%)",0,0
1306,115.55,70,One year,0.1665,"Low Risk
(0–30%)",0,1
1307,75.55,36,One year,0.0741,"Low Risk
(0–30%)",0,0
1308,86.6,16,Month-to-month,0.6767,"High Risk
(60–100%)",1,1
1309,85.2,18,Month-to-month,0.6146,"High Risk
(60–100%)",1,1
1310,97.65,34,Month-to-month,0.6014,"High Risk
(60–100%)",1,1
1311,45.1,42,One year,0.1408,"Low Risk
(0–30%)",0,0
1312,70.95,48,One year,0.0677,"Low Risk
(0–30%)",0,0
1313,109.55,47,Month-to-month,0.4612,"Medium Risk
(30–60%)",0,1
1314,89.55,39,One year,0.1335,"Low Risk
(0–30%)",0,1
1315,20.9,11,Two year,0.0228,"Low Risk
(0–30%)",0,0
1316,19.95,7,Month-to-month,0.1284,"Low Risk
(0–30%)",0,0
1317,24.6,3,Month-to-month,0.1537,"Low Risk
(0–30%)",0,0
1318,66.7,8,Month-to-month,0.2805,"Low Risk
(0–30%)",0,0
1319,19.45,1,Month-to-month,0.3281,"Medium Risk
(30–60%)",0,1
1320,94.8,32,One year,0.1096,"Low Risk
(0–30%)",0,0
1321,65.85,60,One year,0.0276,"Low Risk
(0–30%)",0,0
1322,19.95,10,Month-to-month,0.1284,"Low Risk
(0–30%)",0,0
1323,24.65,71,Two year,0.0136,"Low Risk
(0–30%)",0,0
1324,20.35,4,Month-to-month,0.1326,"Low Risk
(0–30%)",0,1
1325,69.25,1,Month-to-month,0.8159,"High Risk
(60–100%)",1,1
1326,51.25,43,One year,0.0448,"Low Risk
(0–30%)",0,0
1327,99.5,59,One year,0.2215,"Low Risk
(0–30%)",0,1
1328,54.25,23,Month-to-month,0.1706,"Low Risk
(0–30%)",0,0
1329,19.4,72,Two year,0.0154,"Low Risk
(0–30%)",0,0
1330,56.25,22,One year,0.045,"Low Risk
(0–30%)",0,0
1331,25.15,1,Month-to-month,0.6026,"High Risk
(60–100%)",1,0
1332,23.95,69,Two year,0.016,"Low Risk
(0–30%)",0,0
1333,35.4,50,One year,0.0413,"Low Risk
(0–30%)",0,0
1334,25.2,1,Month-to-month,0.7385,"High Risk
(60–100%)",1,1
1335,45.0,2,Month-to-month,0.4631,"Medium Risk
(30–60%)",0,1
1336,75.35,15,Month-to-month,0.2922,"Low Risk
(0–30%)",0,0
1337,20.4,31,Two year,0.0193,"Low Risk
(0–30%)",0,0
1338,20.15,1,Month-to-month,0.3366,"Medium Risk
(30–60%)",0,1
1339,105.0,66,Month-to-month,0.4071,"Medium Risk
(30–60%)",0,1
1340,56.05,0,Two year,0.0244,"Low Risk
(0–30%)",0,0
1341,54.7,3,Month-to-month,0.4446,"Medium Risk
(30–60%)",0,1
1342,20.0,8,Two year,0.0248,"Low Risk
(0–30%)",0,0
1343,73.05,64,One year,0.0635,"Low Risk
(0–30%)",0,0
1344,20.5,28,Month-to-month,0.0791,"Low Risk
(0–30%)",0,0
1345,100.75,57,One year,0.2406,"Low Risk
(0–30%)",0,0
1346,87.25,14,Month-to-month,0.6176,"High Risk
(60–100%)",1,1
1347,19.95,19,Two year,0.0233,"Low Risk
(0–30%)",0,0
1348,79.95,10,Month-to-month,0.6448,"High Risk
(60–100%)",1,1
1349,49.65,51,Month-to-month,0.3271,"Medium Risk
(30–60%)",0,0
1350,65.65,67,Two year,0.0259,"Low Risk
(0–30%)",0,0
1351,20.45,11,Month-to-month,0.1427,"Low Risk
(0–30%)",0,0
1352,60.95,72,Two year,0.0237,"Low Risk
(0–30%)",0,0
1353,20.35,66,One year,0.029,"Low Risk
(0–30%)",0,0
1354,88.35,18,Month-to-month,0.5434,"Medium Risk
(30–60%)",1,1
1355,19.5,9,Month-to-month,0.1675,"Low Risk
(0–30%)",0,0
1356,75.2,9,Month-to-month,0.5701,"Medium Risk
(30–60%)",1,0
1357,111.45,48,Month-to-month,0.3627,"Medium Risk
(30–60%)",0,0
1358,70.15,10,Month-to-month,0.4012,"Medium Risk
(30–60%)",0,0
1359,94.75,9,Month-to-month,0.7938,"High Risk
(60–100%)",1,1
1360,95.05,13,Month-to-month,0.7332,"High Risk
(60–100%)",1,1
1361,78.45,4,Month-to-month,0.6355,"High Risk
(60–100%)",1,1
1362,70.2,4,Month-to-month,0.6334,"High Risk
(60–100%)",1,1
1363,92.0,72,Two year,0.0167,"Low Risk
(0–30%)",0,0
1364,85.5,51,Two year,0.0221,"Low Risk
(0–30%)",0,0
1365,41.05,59,Month-to-month,0.17,"Low Risk
(0–30%)",0,1
1366,85.6,10,Month-to-month,0.7673,"High Risk
(60–100%)",1,1
1367,82.15,61,Month-to-month,0.3363,"Medium Risk
(30–60%)",0,0
1368,84.4,54,One year,0.0733,"Low Risk
(0–30%)",0,0
1369,60.9,33,Month-to-month,0.1521,"Low Risk
(0–30%)",0,0
1370,20.25,27,Two year,0.0203,"Low Risk
(0–30%)",0,0
1371,79.2,1,Month-to-month,0.8562,"High Risk
(60–100%)",1,1
1372,95.3,23,Month-to-month,0.3438,"Medium Risk
(30–60%)",0,0
1373,19.85,1,Month-to-month,0.3287,"Medium Risk
(30–60%)",0,0
1374,84.35,45,Two year,0.0269,"Low Risk
(0–30%)",0,0
1375,19.85,39,Two year,0.0187,"Low Risk
(0–30%)",0,0
1376,70.0,5,One year,0.2083,"Low Risk
(0–30%)",0,1
1377,82.3,72,Two year,0.0129,"Low Risk
(0–30%)",0,0
1378,66.8,58,Month-to-month,0.1451,"Low Risk
(0–30%)",0,0
1379,44.6,70,Two year,0.0204,"Low Risk
(0–30%)",0,0
1380,98.45,61,One year,0.1394,"Low Risk
(0–30%)",0,0
1381,70.7,2,Month-to-month,0.5895,"Medium Risk
(30–60%)",1,0
1382,24.95,46,One year,0.0314,"Low Risk
(0–30%)",0,0
1383,49.95,1,Month-to-month,0.6336,"High Risk
(60–100%)",1,1
1384,69.25,22,Month-to-month,0.4421,"Medium Risk
(30–60%)",0,1
1385,102.5,48,Two year,0.0856,"Low Risk
(0–30%)",0,0
1386,86.55,64,Two year,0.0426,"Low Risk
(0–30%)",0,0
1387,24.3,72,Two year,0.011,"Low Risk
(0–30%)",0,0
1388,58.35,12,Month-to-month,0.2389,"Low Risk
(0–30%)",0,0
1389,94.25,34,Month-to-month,0.483,"Medium Risk
(30–60%)",0,1
1390,68.75,72,Two year,0.0185,"Low Risk
(0–30%)",0,0
1391,85.8,29,Month-to-month,0.4986,"Medium Risk
(30–60%)",0,0
1392,20.1,33,One year,0.0277,"Low Risk
(0–30%)",0,0
1393,20.35,1,Month-to-month,0.322,"Medium Risk
(30–60%)",0,0
1394,110.8,62,One year,0.1883,"Low Risk
(0–30%)",0,0
1395,73.0,41,One year,0.2476,"Low Risk
(0–30%)",0,1
1396,100.05,64,One year,0.2177,"Low Risk
(0–30%)",0,1
1397,82.85,4,Month-to-month,0.6787,"High Risk
(60–100%)",1,0
1398,84.35,24,Month-to-month,0.3629,"Medium Risk
(30–60%)",0,0
1399,19.55,14,One year,0.0365,"Low Risk
(0–30%)",0,0
1400,19.95,3,Month-to-month,0.1479,"Low Risk
(0–30%)",0,0
1401,99.8,4,Month-to-month,0.7614,"High Risk
(60–100%)",1,1
1402,35.0,18,Month-to-month,0.4143,"Medium Risk
(30–60%)",0,1
1403,66.25,8,Month-to-month,0.4098,"Medium Risk
(30–60%)",0,0
1404,23.3,35,Two year,0.02,"Low Risk
(0–30%)",0,0
1405,76.0,1,Month-to-month,0.8156,"High Risk
(60–100%)",1,1
1406,25.3,66,Two year,0.0153,"Low Risk
(0–30%)",0,0
1407,44.55,8,Two year,0.0375,"Low Risk
(0–30%)",0,0
1408,104.1,71,One year,0.1348,"Low Risk
(0–30%)",0,0
1409,92.55,43,Month-to-month,0.3544,"Medium Risk
(30–60%)",0,0
1410,93.85,2,Month-to-month,0.8514,"High Risk
(60–100%)",1,1
1411,101.45,29,Month-to-month,0.4511,"Medium Risk
(30–60%)",0,0
1412,84.3,15,Month-to-month,0.5703,"Medium Risk
(30–60%)",1,1
1413,94.55,65,Two year,0.0284,"Low Risk
(0–30%)",0,0
1414,95.5,35,Month-to-month,0.3578,"Medium Risk
(30–60%)",0,0
1415,100.3,64,One year,0.1523,"Low Risk
(0–30%)",0,0
1416,55.5,58,Two year,0.0389,"Low Risk
(0–30%)",0,0
1417,49.85,18,Month-to-month,0.2256,"Low Risk
(0–30%)",0,0
1418,89.55,67,Month-to-month,0.2379,"Low Risk
(0–30%)",0,0
1419,19.15,63,Two year,0.0147,"Low Risk
(0–30%)",0,0
1420,99.8,60,Month-to-month,0.4543,"Medium Risk
(30–60%)",0,0
1421,84.4,9,Month-to-month,0.6906,"High Risk
(60–100%)",1,1
1422,113.05,70,Two year,0.0593,"Low Risk
(0–30%)",0,0
1423,101.1,15,Month-to-month,0.7333,"High Risk
(60–100%)",1,1
1424,19.95,48,One year,0.0284,"Low Risk
(0–30%)",0,0
1425,74.15,12,Month-to-month,0.3094,"Medium Risk
(30–60%)",0,0
1426,92.0,71,One year,0.048,"Low Risk
(0–30%)",0,0
1427,73.85,44,Month-to-month,0.3121,"Medium Risk
(30–60%)",0,0
1428,50.45,1,Month-to-month,0.728,"High Risk
(60–100%)",1,1
1429,24.45,45,Two year,0.0181,"Low Risk
(0–30%)",0,0
1430,24.8,23,One year,0.0386,"Low Risk
(0–30%)",0,0
1431,64.85,43,One year,0.081,"Low Risk
(0–30%)",0,0
1432,20.75,35,Month-to-month,0.0819,"Low Risk
(0–30%)",0,0
1433,68.95,9,Month-to-month,0.1428,"Low Risk
(0–30%)",0,0
1434,99.95,12,Month-to-month,0.6658,"High Risk
(60–100%)",1,1
1435,109.4,65,Month-to-month,0.2975,"Low Risk
(0–30%)",0,0
1436,91.4,2,Month-to-month,0.8286,"High Risk
(60–100%)",1,1
1437,49.0,27,Month-to-month,0.165,"Low Risk
(0–30%)",0,0
1438,50.25,40,One year,0.0872,"Low Risk
(0–30%)",0,0
1439,75.55,5,Month-to-month,0.6159,"High Risk
(60–100%)",1,1
1440,19.9,8,One year,0.0374,"Low Risk
(0–30%)",0,0
1441,97.8,58,One year,0.2257,"Low Risk
(0–30%)",0,0
1442,100.3,52,One year,0.1579,"Low Risk
(0–30%)",0,0
1443,55.8,3,Month-to-month,0.3467,"Medium Risk
(30–60%)",0,0
1444,111.15,41,Two year,0.0975,"Low Risk
(0–30%)",0,0
1445,98.55,20,Month-to-month,0.4975,"Medium Risk
(30–60%)",0,0
1446,50.05,1,Month-to-month,0.6911,"High Risk
(60–100%)",1,0
1447,80.8,4,Month-to-month,0.574,"Medium Risk
(30–60%)",1,1
1448,20.85,23,Month-to-month,0.1101,"Low Risk
(0–30%)",0,0
1449,19.5,6,Month-to-month,0.1519,"Low Risk
(0–30%)",0,0
1450,19.35,8,Month-to-month,0.1121,"Low Risk
(0–30%)",0,0
1451,69.5,18,Month-to-month,0.182,"Low Risk
(0–30%)",0,0
1452,48.8,52,Month-to-month,0.2134,"Low Risk
(0–30%)",0,0
1453,94.5,31,Month-to-month,0.4425,"Medium Risk
(30–60%)",0,0
1454,20.65,29,Month-to-month,0.0805,"Low Risk
(0–30%)",0,0
1455,106.05,36,Two year,0.1172,"Low Risk
(0–30%)",0,0
1456,100.0,16,Month-to-month,0.7087,"High Risk
(60–100%)",1,1
1457,108.3,42,One year,0.3893,"Medium Risk
(30–60%)",0,0
1458,20.55,1,Month-to-month,0.3335,"Medium Risk
(30–60%)",0,1
1459,99.65,60,Two year,0.1186,"Low Risk
(0–30%)",0,0
1460,85.3,5,Month-to-month,0.765,"High Risk
(60–100%)",1,1
1461,95.9,22,Month-to-month,0.3501,"Medium Risk
(30–60%)",0,0
1462,20.0,36,One year,0.0311,"Low Risk
(0–30%)",0,0
1463,70.4,4,Month-to-month,0.5383,"Medium Risk
(30–60%)",1,1
1464,64.95,9,Month-to-month,0.1371,"Low Risk
(0–30%)",0,0
1465,74.6,1,Month-to-month,0.6805,"High Risk
(60–100%)",1,0
1466,49.2,12,Month-to-month,0.2476,"Low Risk
(0–30%)",0,0
1467,73.75,23,One year,0.1178,"Low Risk
(0–30%)",0,0
1468,92.3,62,One year,0.0739,"Low Risk
(0–30%)",0,0
1469,98.8,37,Month-to-month,0.3485,"Medium Risk
(30–60%)",0,1
1470,19.2,8,Month-to-month,0.0957,"Low Risk
(0–30%)",0,0
1471,88.65,31,Month-to-month,0.3362,"Medium Risk
(30–60%)",0,0
1472,74.4,13,Month-to-month,0.4803,"Medium Risk
(30–60%)",0,1
1473,98.75,24,Month-to-month,0.7031,"High Risk
(60–100%)",1,1
1474,95.95,45,Month-to-month,0.3549,"Medium Risk
(30–60%)",0,0
1475,105.4,69,Two year,0.1035,"Low Risk
(0–30%)",0,0
1476,20.25,2,Month-to-month,0.188,"Low Risk
(0–30%)",0,0
1477,106.0,61,One year,0.1695,"Low Risk
(0–30%)",0,1
1478,104.7,41,Month-to-month,0.5389,"Medium Risk
(30–60%)",1,1
1479,49.05,44,One year,0.245,"Low Risk
(0–30%)",0,0
1480,35.55,39,One year,0.0629,"Low Risk
(0–30%)",0,0
1481,65.1,72,Two year,0.0162,"Low Risk
(0–30%)",0,0
1482,96.85,13,Month-to-month,0.6809,"High Risk
(60–100%)",1,0
1483,69.75,51,One year,0.0542,"Low Risk
(0–30%)",0,0
1484,99.2,71,Two year,0.0992,"Low Risk
(0–30%)",0,0
1485,96.7,22,Month-to-month,0.6724,"High Risk
(60–100%)",1,1
1486,55.05,2,Month-to-month,0.4183,"Medium Risk
(30–60%)",0,1
1487,106.8,56,One year,0.3307,"Medium Risk
(30–60%)",0,0
1488,51.25,1,Month-to-month,0.411,"Medium Risk
(30–60%)",0,0
1489,57.75,23,One year,0.0417,"Low Risk
(0–30%)",0,0
1490,70.85,66,One year,0.0761,"Low Risk
(0–30%)",0,0
1491,19.55,1,Month-to-month,0.3238,"Medium Risk
(30–60%)",0,0
1492,88.2,19,Month-to-month,0.6034,"High Risk
(60–100%)",1,1
1493,79.5,11,Month-to-month,0.4026,"Medium Risk
(30–60%)",0,0
1494,19.75,8,One year,0.0461,"Low Risk
(0–30%)",0,1
1495,98.15,52,Month-to-month,0.2485,"Low Risk
(0–30%)",0,0
1496,20.25,3,Month-to-month,0.2149,"Low Risk
(0–30%)",0,0
1497,79.15,51,Month-to-month,0.1871,"Low Risk
(0–30%)",0,0
1498,75.65,15,Month-to-month,0.5118,"Medium Risk
(30–60%)",1,1
1499,94.25,64,Month-to-month,0.373,"Medium Risk
(30–60%)",0,0
1500,40.2,37,Month-to-month,0.226,"Low Risk
(0–30%)",0,0
1501,19.95,13,Two year,0.0221,"Low Risk
(0–30%)",0,0
1502,55.35,49,One year,0.0956,"Low Risk
(0–30%)",0,0
1503,102.15,45,One year,0.3152,"Medium Risk
(30–60%)",0,0
1504,71.1,18,Month-to-month,0.4554,"Medium Risk
(30–60%)",0,0
1505,74.7,1,Month-to-month,0.8552,"High Risk
(60–100%)",1,1
1506,54.1,68,Two year,0.0376,"Low Risk
(0–30%)",0,0
1507,19.65,54,Two year,0.0208,"Low Risk
(0–30%)",0,0
1508,88.45,23,Month-to-month,0.3863,"Medium Risk
(30–60%)",0,0
1509,76.65,17,Month-to-month,0.4613,"Medium Risk
(30–60%)",0,1
1510,80.4,71,Two year,0.0175,"Low Risk
(0–30%)",0,0
1511,19.25,67,Two year,0.0142,"Low Risk
(0–30%)",0,0
1512,84.8,14,Month-to-month,0.6324,"High Risk
(60–100%)",1,0
1513,25.8,1,Month-to-month,0.6486,"High Risk
(60–100%)",1,1
1514,19.5,63,Two year,0.0136,"Low Risk
(0–30%)",0,0
1515,68.6,41,One year,0.1691,"Low Risk
(0–30%)",0,0
1516,92.6,17,Month-to-month,0.5131,"Medium Risk
(30–60%)",1,0
1517,100.55,56,One year,0.26,"Low Risk
(0–30%)",0,0
1518,20.55,5,Month-to-month,0.1344,"Low Risk
(0–30%)",0,0
1519,42.6,2,Month-to-month,0.5034,"Medium Risk
(30–60%)",1,1
1520,19.6,3,Month-to-month,0.191,"Low Risk
(0–30%)",0,0
1521,67.45,37,One year,0.0539,"Low Risk
(0–30%)",0,0
1522,68.85,29,Month-to-month,0.1526,"Low Risk
(0–30%)",0,1
1523,43.55,8,Month-to-month,0.232,"Low Risk
(0–30%)",0,0
1524,109.85,63,Month-to-month,0.3106,"Medium Risk
(30–60%)",0,0
1525,20.65,7,Month-to-month,0.1044,"Low Risk
(0–30%)",0,0
1526,95.4,3,Month-to-month,0.6107,"High Risk
(60–100%)",1,0
1527,21.0,72,Two year,0.0101,"Low Risk
(0–30%)",0,0
1528,56.2,19,Month-to-month,0.3396,"Medium Risk
(30–60%)",0,0
1529,18.4,59,Two year,0.0152,"Low Risk
(0–30%)",0,0
1530,90.0,2,Month-to-month,0.5745,"Medium Risk
(30–60%)",1,1
1531,25.75,35,Month-to-month,0.1098,"Low Risk
(0–30%)",0,0
1532,19.6,14,Month-to-month,0.0992,"Low Risk
(0–30%)",0,0
1533,75.35,14,Month-to-month,0.4346,"Medium Risk
(30–60%)",0,1
1534,19.8,69,Two year,0.013,"Low Risk
(0–30%)",0,0
1535,64.2,7,Month-to-month,0.1978,"Low Risk
(0–30%)",0,0
1536,75.75,69,Two year,0.021,"Low Risk
(0–30%)",0,0
1537,78.95,72,Two year,0.049,"Low Risk
(0–30%)",0,0
1538,100.85,8,Month-to-month,0.6906,"High Risk
(60–100%)",1,1
1539,50.3,4,Month-to-month,0.2401,"Low Risk
(0–30%)",0,0
1540,80.3,63,Month-to-month,0.1843,"Low Risk
(0–30%)",0,0
1541,19.85,72,Two year,0.0111,"Low Risk
(0–30%)",0,0
1542,21.1,46,Two year,0.0274,"Low Risk
(0–30%)",0,0
1543,69.95,5,Month-to-month,0.5383,"Medium Risk
(30–60%)",1,1
1544,50.0,30,Month-to-month,0.1774,"Low Risk
(0–30%)",0,0
1545,104.75,63,Two year,0.1487,"Low Risk
(0–30%)",0,0
1546,19.85,60,Two year,0.0163,"Low Risk
(0–30%)",0,0
1547,107.5,63,One year,0.284,"Low Risk
(0–30%)",0,1
1548,85.9,25,Month-to-month,0.3386,"Medium Risk
(30–60%)",0,0
1549,45.85,1,Month-to-month,0.5636,"Medium Risk
(30–60%)",1,1
1550,80.8,6,Month-to-month,0.7873,"High Risk
(60–100%)",1,0
1551,25.25,22,Two year,0.0228,"Low Risk
(0–30%)",0,0
1552,80.55,31,Two year,0.043,"Low Risk
(0–30%)",0,0
1553,81.5,39,Month-to-month,0.2499,"Low Risk
(0–30%)",0,0
1554,20.9,26,Month-to-month,0.0824,"Low Risk
(0–30%)",0,0
1555,106.1,53,One year,0.2062,"Low Risk
(0–30%)",0,1
1556,91.7,1,Month-to-month,0.6795,"High Risk
(60–100%)",1,1
1557,67.25,12,Month-to-month,0.2142,"Low Risk
(0–30%)",0,0
1558,95.6,16,Month-to-month,0.5149,"Medium Risk
(30–60%)",1,1
1559,20.35,2,Month-to-month,0.166,"Low Risk
(0–30%)",0,0
1560,45.05,39,One year,0.0385,"Low Risk
(0–30%)",0,0
1561,74.95,1,Month-to-month,0.8462,"High Risk
(60–100%)",1,1
1562,34.65,7,Month-to-month,0.1379,"Low Risk
(0–30%)",0,0
1563,69.35,4,Month-to-month,0.5632,"Medium Risk
(30–60%)",1,0
1564,95.35,10,Month-to-month,0.8036,"High Risk
(60–100%)",1,1
1565,81.55,55,Month-to-month,0.2919,"Low Risk
(0–30%)",0,0
1566,75.4,72,Two year,0.045,"Low Risk
(0–30%)",0,0
1567,67.8,10,Month-to-month,0.3076,"Medium Risk
(30–60%)",0,0
1568,111.4,11,Month-to-month,0.705,"High Risk
(60–100%)",1,0
1569,46.3,15,Month-to-month,0.2469,"Low Risk
(0–30%)",0,0
1570,20.4,23,Two year,0.018,"Low Risk
(0–30%)",0,0
1571,20.05,1,Month-to-month,0.3349,"Medium Risk
(30–60%)",0,0
1572,45.0,3,Month-to-month,0.4528,"Medium Risk
(30–60%)",0,1
1573,96.1,47,One year,0.1316,"Low Risk
(0–30%)",0,0
1574,19.65,15,One year,0.0365,"Low Risk
(0–30%)",0,0
1575,99.5,66,Month-to-month,0.3556,"Medium Risk
(30–60%)",0,1
1576,60.65,68,One year,0.0506,"Low Risk
(0–30%)",0,0
1577,98.6,17,One year,0.2056,"Low Risk
(0–30%)",0,1
1578,59.5,7,Month-to-month,0.2629,"Low Risk
(0–30%)",0,1
1579,80.45,12,Month-to-month,0.6042,"High Risk
(60–100%)",1,1
1580,71.7,21,One year,0.1515,"Low Risk
(0–30%)",0,0
1581,36.0,21,Month-to-month,0.173,"Low Risk
(0–30%)",0,0
1582,65.2,56,One year,0.0393,"Low Risk
(0–30%)",0,0
1583,48.95,6,Month-to-month,0.4104,"Medium Risk
(30–60%)",0,0
1584,53.5,65,Two year,0.0654,"Low Risk
(0–30%)",0,0
1585,80.45,42,One year,0.0782,"Low Risk
(0–30%)",0,0
1586,109.05,68,Two year,0.1025,"Low Risk
(0–30%)",0,0
1587,26.3,48,Two year,0.018,"Low Risk
(0–30%)",0,0
1588,106.8,50,One year,0.3323,"Medium Risk
(30–60%)",0,0
1589,64.95,7,Month-to-month,0.3842,"Medium Risk
(30–60%)",0,0
1590,19.35,63,Two year,0.0179,"Low Risk
(0–30%)",0,0
1591,21.1,17,Month-to-month,0.0959,"Low Risk
(0–30%)",0,0
1592,77.95,42,Month-to-month,0.2895,"Low Risk
(0–30%)",0,1
1593,18.85,4,Month-to-month,0.1055,"Low Risk
(0–30%)",0,0
1594,26.0,62,Two year,0.0134,"Low Risk
(0–30%)",0,0
1595,74.7,2,Month-to-month,0.6423,"High Risk
(60–100%)",1,1
1596,70.35,2,Month-to-month,0.6591,"High Risk
(60–100%)",1,0
1597,96.9,48,Two year,0.0733,"Low Risk
(0–30%)",0,0
1598,19.55,27,Two year,0.0188,"Low Risk
(0–30%)",0,0
1599,80.4,70,Two year,0.0354,"Low Risk
(0–30%)",0,0
1600,88.8,1,Month-to-month,0.8923,"High Risk
(60–100%)",1,1
1601,94.65,46,One year,0.2516,"Low Risk
(0–30%)",0,0
1602,90.25,30,Month-to-month,0.4611,"Medium Risk
(30–60%)",0,1
1603,64.65,15,Month-to-month,0.2371,"Low Risk
(0–30%)",0,1
1604,95.75,69,One year,0.0978,"Low Risk
(0–30%)",0,0
1605,19.55,65,Two year,0.0163,"Low Risk
(0–30%)",0,0
1606,104.1,72,Two year,0.0586,"Low Risk
(0–30%)",0,0
1607,89.05,13,Month-to-month,0.4511,"Medium Risk
(30–60%)",0,1
1608,20.1,17,One year,0.0445,"Low Risk
(0–30%)",0,0
1609,111.55,51,One year,0.2999,"Low Risk
(0–30%)",0,0
1610,60.5,51,Two year,0.0189,"Low Risk
(0–30%)",0,0
1611,90.95,72,Two year,0.0178,"Low Risk
(0–30%)",0,0
1612,87.4,67,One year,0.0975,"Low Risk
(0–30%)",0,1
1613,19.7,34,Month-to-month,0.078,"Low Risk
(0–30%)",0,0
1614,50.95,67,Two year,0.0236,"Low Risk
(0–30%)",0,0
1615,20.05,49,One year,0.0366,"Low Risk
(0–30%)",0,0
1616,19.4,53,Two year,0.0164,"Low Risk
(0–30%)",0,0
1617,59.45,27,Month-to-month,0.1761,"Low Risk
(0–30%)",0,0
1618,94.75,23,Month-to-month,0.5193,"Medium Risk
(30–60%)",1,1
1619,81.5,69,Two year,0.0256,"Low Risk
(0–30%)",0,0
1620,29.05,2,Month-to-month,0.3678,"Medium Risk
(30–60%)",0,0
1621,86.45,35,Month-to-month,0.5284,"Medium Risk
(30–60%)",1,1
1622,70.6,46,One year,0.0645,"Low Risk
(0–30%)",0,0
1623,97.2,54,Two year,0.1377,"Low Risk
(0–30%)",0,0
1624,98.25,56,One year,0.2963,"Low Risk
(0–30%)",0,1
1625,75.75,9,Month-to-month,0.5018,"Medium Risk
(30–60%)",1,1
1626,59.2,20,Month-to-month,0.1184,"Low Risk
(0–30%)",0,0
1627,75.9,11,Month-to-month,0.4478,"Medium Risk
(30–60%)",0,0
1628,90.05,30,Month-to-month,0.5335,"Medium Risk
(30–60%)",1,0
1629,70.95,68,Two year,0.0265,"Low Risk
(0–30%)",0,0
1630,102.6,38,Month-to-month,0.544,"Medium Risk
(30–60%)",1,0
1631,85.35,17,Month-to-month,0.3816,"Medium Risk
(30–60%)",0,1
1632,106.1,48,One year,0.2938,"Low Risk
(0–30%)",0,1
1633,43.8,1,Month-to-month,0.5243,"Medium Risk
(30–60%)",1,0
1634,59.0,63,Two year,0.0365,"Low Risk
(0–30%)",0,0
1635,69.95,3,One year,0.2395,"Low Risk
(0–30%)",0,0
1636,24.35,48,One year,0.035,"Low Risk
(0–30%)",0,0
1637,29.45,66,One year,0.0475,"Low Risk
(0–30%)",0,0
1638,84.4,68,Two year,0.0521,"Low Risk
(0–30%)",0,0
1639,45.05,17,Month-to-month,0.3496,"Medium Risk
(30–60%)",0,1
1640,20.65,7,One year,0.0395,"Low Risk
(0–30%)",0,0
1641,87.1,72,Two year,0.0176,"Low Risk
(0–30%)",0,0
1642,19.85,29,Month-to-month,0.0791,"Low Risk
(0–30%)",0,0
1643,90.35,37,Month-to-month,0.3416,"Medium Risk
(30–60%)",0,0
1644,109.8,34,Month-to-month,0.3674,"Medium Risk
(30–60%)",0,1
1645,84.65,42,Month-to-month,0.5172,"Medium Risk
(30–60%)",1,1
1646,65.5,59,One year,0.0281,"Low Risk
(0–30%)",0,0
1647,79.5,11,Month-to-month,0.5185,"Medium Risk
(30–60%)",1,1
1648,80.95,60,Month-to-month,0.2353,"Low Risk
(0–30%)",0,0
1649,56.15,27,Month-to-month,0.1274,"Low Risk
(0–30%)",0,0
1650,85.8,1,Month-to-month,0.8315,"High Risk
(60–100%)",1,1
1651,79.1,1,Month-to-month,0.8562,"High Risk
(60–100%)",1,1
1652,34.4,17,Month-to-month,0.1798,"Low Risk
(0–30%)",0,0
1653,20.75,58,Two year,0.0166,"Low Risk
(0–30%)",0,0
1654,18.8,1,One year,0.0552,"Low Risk
(0–30%)",0,0
1655,44.3,3,Month-to-month,0.3517,"Medium Risk
(30–60%)",0,1
1656,90.8,53,Month-to-month,0.2047,"Low Risk
(0–30%)",0,0
1657,25.6,35,Month-to-month,0.1339,"Low Risk
(0–30%)",0,0
1658,105.95,50,Month-to-month,0.3322,"Medium Risk
(30–60%)",0,1
1659,70.8,68,Two year,0.0282,"Low Risk
(0–30%)",0,0
1660,25.4,47,Month-to-month,0.1138,"Low Risk
(0–30%)",0,0
1661,108.8,65,Month-to-month,0.3639,"Medium Risk
(30–60%)",0,0
1662,69.75,5,Month-to-month,0.6334,"High Risk
(60–100%)",1,1
1663,94.65,51,Month-to-month,0.5014,"Medium Risk
(30–60%)",1,1
1664,96.05,46,Month-to-month,0.3476,"Medium Risk
(30–60%)",0,1
1665,76.85,9,Month-to-month,0.7077,"High Risk
(60–100%)",1,0
1666,20.25,8,Two year,0.0247,"Low Risk
(0–30%)",0,0
1667,24.8,14,One year,0.0508,"Low Risk
(0–30%)",0,0
1668,115.65,45,Month-to-month,0.3754,"Medium Risk
(30–60%)",0,0
1669,74.6,8,Month-to-month,0.5827,"Medium Risk
(30–60%)",1,0
1670,50.15,1,Month-to-month,0.6087,"High Risk
(60–100%)",1,1
1671,103.15,66,One year,0.1452,"Low Risk
(0–30%)",0,0
1672,72.1,72,Two year,0.014,"Low Risk
(0–30%)",0,0
1673,113.6,41,Month-to-month,0.33,"Medium Risk
(30–60%)",0,1
1674,25.1,23,Two year,0.019,"Low Risk
(0–30%)",0,0
1675,78.9,29,Month-to-month,0.4415,"Medium Risk
(30–60%)",0,1
1676,80.15,4,Month-to-month,0.6093,"High Risk
(60–100%)",1,0
1677,25.4,6,Two year,0.0223,"Low Risk
(0–30%)",0,0
1678,105.4,67,One year,0.1404,"Low Risk
(0–30%)",0,0
1679,45.75,7,Month-to-month,0.305,"Medium Risk
(30–60%)",0,0
1680,24.45,56,One year,0.0251,"Low Risk
(0–30%)",0,0
1681,25.0,72,Two year,0.0165,"Low Risk
(0–30%)",0,0
1682,85.25,72,Two year,0.0444,"Low Risk
(0–30%)",0,0
1683,19.6,23,Two year,0.0178,"Low Risk
(0–30%)",0,0
1684,50.15,35,Month-to-month,0.1538,"Low Risk
(0–30%)",0,0
1685,70.55,27,Month-to-month,0.3951,"Medium Risk
(30–60%)",0,0
1686,60.05,26,Month-to-month,0.1881,"Low Risk
(0–30%)",0,1
1687,26.4,12,One year,0.037,"Low Risk
(0–30%)",0,0
1688,20.15,40,Two year,0.0185,"Low Risk
(0–30%)",0,0
1689,58.85,7,Month-to-month,0.1939,"Low Risk
(0–30%)",0,0
1690,97.55,70,Month-to-month,0.2584,"Low Risk
(0–30%)",0,0
1691,19.65,60,Two year,0.0146,"Low Risk
(0–30%)",0,0
1692,25.25,39,One year,0.0945,"Low Risk
(0–30%)",0,0
1693,114.45,72,Two year,0.0424,"Low Risk
(0–30%)",0,0
1694,34.7,1,Month-to-month,0.7229,"High Risk
(60–100%)",1,1
1695,70.7,54,One year,0.0899,"Low Risk
(0–30%)",0,0
1696,85.3,3,Month-to-month,0.8071,"High Risk
(60–100%)",1,1
1697,75.55,63,Two year,0.0169,"Low Risk
(0–30%)",0,0
1698,84.8,71,Two year,0.0552,"Low Risk
(0–30%)",0,0
1699,20.65,42,One year,0.0348,"Low Risk
(0–30%)",0,0
1700,20.45,47,Two year,0.0191,"Low Risk
(0–30%)",0,0
1701,102.45,66,One year,0.1836,"Low Risk
(0–30%)",0,1
1702,104.4,21,Month-to-month,0.5605,"Medium Risk
(30–60%)",1,1
1703,35.65,11,Month-to-month,0.3266,"Medium Risk
(30–60%)",0,0
1704,99.75,1,Month-to-month,0.8967,"High Risk
(60–100%)",1,1
1705,90.45,55,Month-to-month,0.2495,"Low Risk
(0–30%)",0,0
1706,97.65,69,Two year,0.0646,"Low Risk
(0–30%)",0,0
1707,73.85,3,Month-to-month,0.5696,"Medium Risk
(30–60%)",1,0
1708,74.4,4,Month-to-month,0.388,"Medium Risk
(30–60%)",0,1
1709,69.1,30,Two year,0.0619,"Low Risk
(0–30%)",0,0
1710,82.75,5,Month-to-month,0.727,"High Risk
(60–100%)",1,0
1711,24.4,71,Two year,0.0125,"Low Risk
(0–30%)",0,0
1712,55.25,29,One year,0.1433,"Low Risk
(0–30%)",0,0
1713,61.35,52,Month-to-month,0.1123,"Low Risk
(0–30%)",0,0
1714,76.75,68,One year,0.0649,"Low Risk
(0–30%)",0,0
1715,19.4,46,Two year,0.0164,"Low Risk
(0–30%)",0,0
1716,54.75,8,Month-to-month,0.2924,"Low Risk
(0–30%)",0,0
1717,19.7,72,Two year,0.0109,"Low Risk
(0–30%)",0,0
1718,19.9,17,One year,0.0402,"Low Risk
(0–30%)",0,0
1719,107.95,3,Month-to-month,0.6898,"High Risk
(60–100%)",1,0
1720,83.8,2,Month-to-month,0.7248,"High Risk
(60–100%)",1,0
1721,74.25,9,Month-to-month,0.3891,"Medium Risk
(30–60%)",0,1
1722,56.4,51,One year,0.1471,"Low Risk
(0–30%)",0,0
1723,20.1,6,Two year,0.0236,"Low Risk
(0–30%)",0,0
1724,94.9,3,Month-to-month,0.7299,"High Risk
(60–100%)",1,0
1725,94.2,17,Month-to-month,0.6653,"High Risk
(60–100%)",1,0
1726,49.9,30,Month-to-month,0.2392,"Low Risk
(0–30%)",0,0
1727,71.05,31,Month-to-month,0.253,"Low Risk
(0–30%)",0,0
1728,81.65,45,Two year,0.0334,"Low Risk
(0–30%)",0,0
1729,89.45,64,One year,0.0409,"Low Risk
(0–30%)",0,0
1730,59.85,1,Month-to-month,0.7707,"High Risk
(60–100%)",1,1
1731,69.6,1,Month-to-month,0.8111,"High Risk
(60–100%)",1,1
1732,99.0,61,One year,0.1773,"Low Risk
(0–30%)",0,0
1733,19.05,1,Month-to-month,0.2413,"Low Risk
(0–30%)",0,0
1734,45.4,9,Month-to-month,0.5337,"Medium Risk
(30–60%)",1,1
1735,114.45,72,Two year,0.0317,"Low Risk
(0–30%)",0,0
1736,19.5,1,Month-to-month,0.3238,"Medium Risk
(30–60%)",0,1
1737,44.25,7,Month-to-month,0.2931,"Low Risk
(0–30%)",0,0
1738,90.55,66,One year,0.0666,"Low Risk
(0–30%)",0,0
1739,69.9,1,Month-to-month,0.7976,"High Risk
(60–100%)",1,1
1740,20.4,40,Month-to-month,0.0821,"Low Risk
(0–30%)",0,0
1741,71.4,16,Month-to-month,0.2808,"Low Risk
(0–30%)",0,0
1742,87.15,2,Month-to-month,0.7087,"High Risk
(60–100%)",1,1
1743,24.85,67,Two year,0.0153,"Low Risk
(0–30%)",0,0
1744,104.45,41,One year,0.2281,"Low Risk
(0–30%)",0,0
1745,19.8,56,Two year,0.0161,"Low Risk
(0–30%)",0,0
1746,116.45,72,Two year,0.0454,"Low Risk
(0–30%)",0,0
1747,84.75,3,Month-to-month,0.7476,"High Risk
(60–100%)",1,1
1748,20.05,54,Two year,0.0165,"Low Risk
(0–30%)",0,0
1749,110.75,52,Month-to-month,0.4607,"Medium Risk
(30–60%)",0,0
1750,89.7,50,Two year,0.0584,"Low Risk
(0–30%)",0,0
1751,89.95,14,Month-to-month,0.6493,"High Risk
(60–100%)",1,1
1752,48.7,27,One year,0.042,"Low Risk
(0–30%)",0,0
1753,96.6,72,Two year,0.0226,"Low Risk
(0–30%)",0,0
1754,74.3,62,One year,0.0674,"Low Risk
(0–30%)",0,0
1755,54.3,12,Month-to-month,0.2703,"Low Risk
(0–30%)",0,0
1756,74.85,44,One year,0.1211,"Low Risk
(0–30%)",0,0
1757,79.95,54,Two year,0.0303,"Low Risk
(0–30%)",0,0
1758,20.05,68,Two year,0.0157,"Low Risk
(0–30%)",0,0
1759,19.4,20,Month-to-month,0.0869,"Low Risk
(0–30%)",0,0
1760,54.9,50,One year,0.0903,"Low Risk
(0–30%)",0,0
1761,24.45,58,Two year,0.0177,"Low Risk
(0–30%)",0,0
1762,89.65,35,Month-to-month,0.3623,"Medium Risk
(30–60%)",0,0
1763,45.4,2,Month-to-month,0.5765,"Medium Risk
(30–60%)",1,0
1764,75.7,63,Two year,0.0229,"Low Risk
(0–30%)",0,0
1765,110.65,58,One year,0.2051,"Low Risk
(0–30%)",0,0
1766,20.55,27,One year,0.0316,"Low Risk
(0–30%)",0,0
1767,115.15,71,Two year,0.0468,"Low Risk
(0–30%)",0,0
1768,58.55,63,One year,0.0746,"Low Risk
(0–30%)",0,0
1769,93.25,71,Month-to-month,0.2241,"Low Risk
(0–30%)",0,0
1770,113.2,41,Month-to-month,0.4345,"Medium Risk
(30–60%)",0,1
1771,90.5,13,Month-to-month,0.6302,"High Risk
(60–100%)",1,1
1772,79.0,2,Month-to-month,0.6801,"High Risk
(60–100%)",1,1
1773,19.35,68,Two year,0.0145,"Low Risk
(0–30%)",0,0
1774,48.75,1,Month-to-month,0.4324,"Medium Risk
(30–60%)",0,0
1775,109.05,65,Two year,0.1865,"Low Risk
(0–30%)",0,0
1776,25.0,72,Two year,0.0143,"Low Risk
(0–30%)",0,0
1777,54.9,28,Month-to-month,0.1416,"Low Risk
(0–30%)",0,0
1778,24.75,72,Two year,0.0142,"Low Risk
(0–30%)",0,0
1779,91.15,2,Month-to-month,0.5167,"Medium Risk
(30–60%)",1,0
1780,20.15,18,One year,0.0344,"Low Risk
(0–30%)",0,1
1781,104.35,60,One year,0.2993,"Low Risk
(0–30%)",0,0
1782,66.05,26,Month-to-month,0.2679,"Low Risk
(0–30%)",0,0
1783,71.65,1,Month-to-month,0.7969,"High Risk
(60–100%)",1,1
1784,20.35,4,Month-to-month,0.1387,"Low Risk
(0–30%)",0,1
1785,92.2,68,Two year,0.0239,"Low Risk
(0–30%)",0,0
1786,84.25,38,Month-to-month,0.2692,"Low Risk
(0–30%)",0,1
1787,105.2,42,One year,0.2934,"Low Risk
(0–30%)",0,0
1788,19.6,57,Two year,0.0175,"Low Risk
(0–30%)",0,0
1789,30.4,54,Month-to-month,0.2421,"Low Risk
(0–30%)",0,0
1790,78.1,12,Month-to-month,0.3882,"Medium Risk
(30–60%)",0,1
1791,61.5,44,One year,0.0553,"Low Risk
(0–30%)",0,0
1792,69.4,42,Month-to-month,0.1613,"Low Risk
(0–30%)",0,0
1793,24.75,72,Two year,0.0102,"Low Risk
(0–30%)",0,0
1794,91.05,71,Two year,0.0162,"Low Risk
(0–30%)",0,0
1795,89.65,19,Month-to-month,0.3684,"Medium Risk
(30–60%)",0,1
1796,73.65,23,Month-to-month,0.1707,"Low Risk
(0–30%)",0,0
1797,19.4,30,Two year,0.0187,"Low Risk
(0–30%)",0,0
1798,26.2,35,One year,0.0361,"Low Risk
(0–30%)",0,0
1799,98.7,10,Month-to-month,0.7747,"High Risk
(60–100%)",1,1
1800,43.85,1,Month-to-month,0.5418,"Medium Risk
(30–60%)",1,0
1801,69.7,22,Month-to-month,0.3282,"Medium Risk
(30–60%)",0,0
1802,38.55,7,Two year,0.0378,"Low Risk
(0–30%)",0,0
1803,53.1,36,Two year,0.0248,"Low Risk
(0–30%)",0,0
1804,20.65,34,Month-to-month,0.0709,"Low Risk
(0–30%)",0,0
1805,64.45,72,Two year,0.0194,"Low Risk
(0–30%)",0,0
1806,25.1,36,Two year,0.0176,"Low Risk
(0–30%)",0,0
1807,76.35,1,Month-to-month,0.7928,"High Risk
(60–100%)",1,1
1808,79.15,23,Month-to-month,0.5257,"Medium Risk
(30–60%)",1,1
1809,85.0,32,Month-to-month,0.5438,"Medium Risk
(30–60%)",1,1
1810,95.15,71,One year,0.0392,"Low Risk
(0–30%)",0,0
1811,79.35,23,Month-to-month,0.4065,"Medium Risk
(30–60%)",0,0
1812,96.65,17,One year,0.2663,"Low Risk
(0–30%)",0,0
1813,75.5,1,Month-to-month,0.531,"Medium Risk
(30–60%)",1,0
1814,19.7,12,Two year,0.0204,"Low Risk
(0–30%)",0,0
1815,20.5,72,Two year,0.0112,"Low Risk
(0–30%)",0,0
1816,19.2,1,Month-to-month,0.2413,"Low Risk
(0–30%)",0,0
1817,98.35,72,Two year,0.0668,"Low Risk
(0–30%)",0,0
1818,74.35,60,Month-to-month,0.1763,"Low Risk
(0–30%)",0,0
1819,51.35,61,Two year,0.026,"Low Risk
(0–30%)",0,0
1820,45.65,6,Month-to-month,0.2417,"Low Risk
(0–30%)",0,0
1821,85.3,32,Month-to-month,0.4418,"Medium Risk
(30–60%)",0,1
1822,86.55,31,Month-to-month,0.3935,"Medium Risk
(30–60%)",0,1
1823,73.85,19,Month-to-month,0.3369,"Medium Risk
(30–60%)",0,1
1824,20.3,72,Two year,0.0105,"Low Risk
(0–30%)",0,0
1825,54.2,32,Month-to-month,0.3019,"Medium Risk
(30–60%)",0,0
1826,90.65,65,Month-to-month,0.3631,"Medium Risk
(30–60%)",0,0
1827,50.9,45,Month-to-month,0.1928,"Low Risk
(0–30%)",0,0
1828,25.05,42,One year,0.0458,"Low Risk
(0–30%)",0,0
1829,74.85,8,Month-to-month,0.7009,"High Risk
(60–100%)",1,0
1830,20.5,32,Two year,0.0162,"Low Risk
(0–30%)",0,0
1831,63.55,22,Month-to-month,0.1399,"Low Risk
(0–30%)",0,0
1832,44.85,57,Month-to-month,0.3348,"Medium Risk
(30–60%)",0,1
1833,47.95,1,Month-to-month,0.472,"Medium Risk
(30–60%)",0,0
1834,45.1,1,Month-to-month,0.6345,"High Risk
(60–100%)",1,1
1835,45.0,1,Month-to-month,0.6374,"High Risk
(60–100%)",1,0
1836,96.0,24,Month-to-month,0.4866,"Medium Risk
(30–60%)",0,1
1837,20.05,1,Month-to-month,0.3166,"Medium Risk
(30–60%)",0,1
1838,90.05,54,Month-to-month,0.3737,"Medium Risk
(30–60%)",0,0
1839,25.3,4,Two year,0.035,"Low Risk
(0–30%)",0,0
1840,108.65,65,Two year,0.1125,"Low Risk
(0–30%)",0,1
1841,24.3,56,One year,0.046,"Low Risk
(0–30%)",0,0
1842,75.95,45,Month-to-month,0.2237,"Low Risk
(0–30%)",0,0
1843,19.7,71,Two year,0.0095,"Low Risk
(0–30%)",0,0
1844,66.4,59,One year,0.0372,"Low Risk
(0–30%)",0,0
1845,35.75,69,One year,0.0723,"Low Risk
(0–30%)",0,0
1846,18.8,19,One year,0.0339,"Low Risk
(0–30%)",0,0
1847,19.4,55,Two year,0.0151,"Low Risk
(0–30%)",0,0
1848,19.3,38,One year,0.0311,"Low Risk
(0–30%)",0,0
1849,45.55,10,Month-to-month,0.3879,"Medium Risk
(30–60%)",0,1
1850,67.45,47,Month-to-month,0.1825,"Low Risk
(0–30%)",0,0
1851,35.1,2,Month-to-month,0.6759,"High Risk
(60–100%)",1,1
1852,46.2,1,Month-to-month,0.5072,"Medium Risk
(30–60%)",1,1
1853,45.15,1,Month-to-month,0.5757,"Medium Risk
(30–60%)",1,1
1854,43.3,1,Month-to-month,0.7312,"High Risk
(60–100%)",1,1
1855,20.1,46,Two year,0.0181,"Low Risk
(0–30%)",0,0
1856,57.15,38,Month-to-month,0.1637,"Low Risk
(0–30%)",0,1
1857,58.9,65,Two year,0.0212,"Low Risk
(0–30%)",0,0
1858,73.2,19,Month-to-month,0.3761,"Medium Risk
(30–60%)",0,1
1859,85.35,52,Month-to-month,0.3485,"Medium Risk
(30–60%)",0,1
1860,19.45,71,Two year,0.0099,"Low Risk
(0–30%)",0,0
1861,45.95,1,Month-to-month,0.5134,"Medium Risk
(30–60%)",1,1
1862,50.5,52,Month-to-month,0.2483,"Low Risk
(0–30%)",0,0
1863,25.1,6,One year,0.0465,"Low Risk
(0–30%)",0,0
1864,60.7,26,One year,0.1177,"Low Risk
(0–30%)",0,0
1865,99.0,48,One year,0.3533,"Medium Risk
(30–60%)",0,0
1866,104.4,64,One year,0.1548,"Low Risk
(0–30%)",0,0
1867,83.75,3,Month-to-month,0.5989,"Medium Risk
(30–60%)",1,1
1868,44.05,1,Month-to-month,0.5418,"Medium Risk
(30–60%)",1,0
1869,24.1,72,Two year,0.0098,"Low Risk
(0–30%)",0,0
1870,45.55,1,Month-to-month,0.5544,"Medium Risk
(30–60%)",1,0
1871,93.8,51,Month-to-month,0.32,"Medium Risk
(30–60%)",0,0
1872,19.7,41,Two year,0.0173,"Low Risk
(0–30%)",0,0
1873,70.65,72,Two year,0.0214,"Low Risk
(0–30%)",0,0
1874,86.45,43,Two year,0.03,"Low Risk
(0–30%)",0,0
1875,114.1,72,Two year,0.0465,"Low Risk
(0–30%)",0,0
1876,95.2,47,One year,0.257,"Low Risk
(0–30%)",0,0
1877,88.55,72,Two year,0.017,"Low Risk
(0–30%)",0,0
1878,20.75,3,Month-to-month,0.1588,"Low Risk
(0–30%)",0,0
1879,70.05,1,Month-to-month,0.7976,"High Risk
(60–100%)",1,1
1880,86.0,2,Month-to-month,0.8141,"High Risk
(60–100%)",1,1
1881,44.65,26,Month-to-month,0.179,"Low Risk
(0–30%)",0,0
1882,60.2,29,Month-to-month,0.1487,"Low Risk
(0–30%)",0,0
1883,100.5,35,Month-to-month,0.3271,"Medium Risk
(30–60%)",0,1
1884,55.45,27,One year,0.0421,"Low Risk
(0–30%)",0,0
1885,70.3,24,Month-to-month,0.1077,"Low Risk
(0–30%)",0,0
1886,60.4,67,Two year,0.0207,"Low Risk
(0–30%)",0,0
1887,72.65,16,Month-to-month,0.4338,"Medium Risk
(30–60%)",0,1
1888,55.8,23,One year,0.0675,"Low Risk
(0–30%)",0,0
1889,31.1,14,Month-to-month,0.2758,"Low Risk
(0–30%)",0,0
1890,21.0,1,Month-to-month,0.3904,"Medium Risk
(30–60%)",0,1
1891,45.1,1,Month-to-month,0.5717,"Medium Risk
(30–60%)",1,1
1892,50.95,4,Month-to-month,0.529,"Medium Risk
(30–60%)",1,0
1893,69.1,16,Month-to-month,0.2624,"Low Risk
(0–30%)",0,0
1894,43.95,46,Month-to-month,0.3447,"Medium Risk
(30–60%)",0,0
1895,86.5,68,Two year,0.0223,"Low Risk
(0–30%)",0,0
1896,69.95,38,Month-to-month,0.13,"Low Risk
(0–30%)",0,0
1897,50.4,30,Month-to-month,0.2014,"Low Risk
(0–30%)",0,1
1898,78.95,5,Month-to-month,0.6162,"High Risk
(60–100%)",1,1
1899,90.95,17,Month-to-month,0.3871,"Medium Risk
(30–60%)",0,0
1900,19.9,4,Two year,0.0235,"Low Risk
(0–30%)",0,0
1901,20.15,12,One year,0.0496,"Low Risk
(0–30%)",0,0
1902,90.6,72,Two year,0.0161,"Low Risk
(0–30%)",0,0
1903,92.0,3,Month-to-month,0.7324,"High Risk
(60–100%)",1,0
1904,94.45,56,Month-to-month,0.3414,"Medium Risk
(30–60%)",0,1
1905,24.85,41,One year,0.0405,"Low Risk
(0–30%)",0,0
1906,36.0,40,One year,0.0624,"Low Risk
(0–30%)",0,0
1907,78.5,7,Month-to-month,0.2134,"Low Risk
(0–30%)",0,0
1908,19.95,69,Two year,0.0157,"Low Risk
(0–30%)",0,0
1909,20.65,7,One year,0.0376,"Low Risk
(0–30%)",0,0
1910,30.5,5,Month-to-month,0.4689,"Medium Risk
(30–60%)",0,0
1911,106.1,72,Two year,0.0305,"Low Risk
(0–30%)",0,0
1912,20.5,44,One year,0.0331,"Low Risk
(0–30%)",0,0
1913,95.5,65,One year,0.1994,"Low Risk
(0–30%)",0,0
1914,64.6,3,Month-to-month,0.4065,"Medium Risk
(30–60%)",0,0
1915,51.1,24,Month-to-month,0.1372,"Low Risk
(0–30%)",0,0
1916,84.8,44,Month-to-month,0.3346,"Medium Risk
(30–60%)",0,1
1917,89.1,72,Two year,0.0193,"Low Risk
(0–30%)",0,0
1918,54.95,24,Month-to-month,0.1325,"Low Risk
(0–30%)",0,0
1919,50.9,1,Month-to-month,0.5358,"Medium Risk
(30–60%)",1,1
1920,20.45,22,Month-to-month,0.0979,"Low Risk
(0–30%)",0,0
1921,85.95,70,Two year,0.0408,"Low Risk
(0–30%)",0,0
1922,60.35,25,Month-to-month,0.26,"Low Risk
(0–30%)",0,0
1923,19.8,37,Two year,0.0173,"Low Risk
(0–30%)",0,0
1924,85.35,22,Month-to-month,0.3795,"Medium Risk
(30–60%)",0,0
1925,72.1,59,Two year,0.0335,"Low Risk
(0–30%)",0,0
1926,99.8,49,Month-to-month,0.5731,"Medium Risk
(30–60%)",1,1
1927,107.35,47,Month-to-month,0.3899,"Medium Risk
(30–60%)",0,1
1928,19.55,31,Month-to-month,0.0817,"Low Risk
(0–30%)",0,1
1929,81.05,1,Month-to-month,0.8447,"High Risk
(60–100%)",1,0
1930,20.5,3,Month-to-month,0.184,"Low Risk
(0–30%)",0,0
1931,111.8,53,One year,0.2645,"Low Risk
(0–30%)",0,0
1932,20.2,1,Month-to-month,0.3187,"Medium Risk
(30–60%)",0,0
1933,19.7,20,One year,0.0398,"Low Risk
(0–30%)",0,0
1934,79.1,3,Month-to-month,0.4623,"Medium Risk
(30–60%)",0,1
1935,19.85,51,One year,0.0355,"Low Risk
(0–30%)",0,0
1936,60.5,51,One year,0.0395,"Low Risk
(0–30%)",0,0
1937,19.55,13,Two year,0.0211,"Low Risk
(0–30%)",0,0
1938,20.9,1,Month-to-month,0.322,"Medium Risk
(30–60%)",0,0
1939,21.05,1,Month-to-month,0.3515,"Medium Risk
(30–60%)",0,0
1940,71.5,63,One year,0.045,"Low Risk
(0–30%)",0,0
1941,54.65,3,Month-to-month,0.3304,"Medium Risk
(30–60%)",0,0
1942,19.2,46,Two year,0.0164,"Low Risk
(0–30%)",0,0
1943,49.8,1,Month-to-month,0.6278,"High Risk
(60–100%)",1,0
1944,25.5,8,Month-to-month,0.2504,"Low Risk
(0–30%)",0,1
1945,20.5,71,Two year,0.0101,"Low Risk
(0–30%)",0,0
1946,90.4,55,Month-to-month,0.2664,"Low Risk
(0–30%)",0,0
1947,90.25,70,One year,0.069,"Low Risk
(0–30%)",0,0
1948,80.75,2,Month-to-month,0.6271,"High Risk
(60–100%)",1,1
1949,104.6,67,Two year,0.0957,"Low Risk
(0–30%)",0,0
1950,91.85,65,Month-to-month,0.2912,"Low Risk
(0–30%)",0,1
1951,50.2,14,Month-to-month,0.1768,"Low Risk
(0–30%)",0,0
1952,95.5,20,Month-to-month,0.3776,"Medium Risk
(30–60%)",0,0
1953,75.35,1,Month-to-month,0.7763,"High Risk
(60–100%)",1,1
1954,75.45,1,Month-to-month,0.8413,"High Risk
(60–100%)",1,1
1955,95.4,49,Month-to-month,0.4035,"Medium Risk
(30–60%)",0,0
1956,101.3,72,Two year,0.0367,"Low Risk
(0–30%)",0,0
1957,53.1,46,Month-to-month,0.2175,"Low Risk
(0–30%)",0,0
1958,84.85,24,Month-to-month,0.4139,"Medium Risk
(30–60%)",0,0
1959,34.25,5,Month-to-month,0.2692,"Low Risk
(0–30%)",0,0
1960,88.6,33,Month-to-month,0.231,"Low Risk
(0–30%)",0,0
1961,60.15,42,One year,0.0657,"Low Risk
(0–30%)",0,0
1962,99.95,23,One year,0.2414,"Low Risk
(0–30%)",0,0
1963,70.7,8,Month-to-month,0.4183,"Medium Risk
(30–60%)",0,0
1964,54.8,66,One year,0.0358,"Low Risk
(0–30%)",0,0
1965,49.55,24,Month-to-month,0.1589,"Low Risk
(0–30%)",0,1
1966,54.8,24,Month-to-month,0.2033,"Low Risk
(0–30%)",0,0
1967,78.6,69,One year,0.0655,"Low Risk
(0–30%)",0,1
1968,100.3,53,One year,0.2483,"Low Risk
(0–30%)",0,0
1969,53.6,60,Two year,0.0547,"Low Risk
(0–30%)",0,0
1970,81.1,7,Month-to-month,0.6743,"High Risk
(60–100%)",1,1
1971,19.35,20,One year,0.0389,"Low Risk
(0–30%)",0,0
1972,85.6,23,Month-to-month,0.4446,"Medium Risk
(30–60%)",0,0
1973,80.8,72,Two year,0.0264,"Low Risk
(0–30%)",0,0
1974,74.95,11,Month-to-month,0.6619,"High Risk
(60–100%)",1,1
1975,19.6,21,Two year,0.0202,"Low Risk
(0–30%)",0,0
1976,93.55,1,Month-to-month,0.9033,"High Risk
(60–100%)",1,1
1977,90.7,31,Month-to-month,0.5335,"Medium Risk
(30–60%)",1,0
1978,69.75,57,Two year,0.0292,"Low Risk
(0–30%)",0,0
1979,20.0,45,Two year,0.0187,"Low Risk
(0–30%)",0,0
1980,95.25,10,Month-to-month,0.724,"High Risk
(60–100%)",1,0
1981,102.1,58,Month-to-month,0.3489,"Medium Risk
(30–60%)",0,1
1982,19.95,14,Month-to-month,0.0904,"Low Risk
(0–30%)",0,0
1983,80.85,27,One year,0.0832,"Low Risk
(0–30%)",0,0
1984,90.9,14,Month-to-month,0.4951,"Medium Risk
(30–60%)",0,1
1985,29.2,12,Month-to-month,0.1871,"Low Risk
(0–30%)",0,1
1986,93.3,69,Two year,0.0385,"Low Risk
(0–30%)",0,0
1987,89.15,25,Month-to-month,0.3793,"Medium Risk
(30–60%)",0,1
1988,108.85,58,One year,0.265,"Low Risk
(0–30%)",0,1
1989,46.35,35,Two year,0.0237,"Low Risk
(0–30%)",0,0
1990,84.75,16,Month-to-month,0.6767,"High Risk
(60–100%)",1,1
1991,78.75,45,One year,0.1199,"Low Risk
(0–30%)",0,0
1992,83.55,17,Month-to-month,0.5462,"Medium Risk
(30–60%)",1,0
1993,45.7,1,Month-to-month,0.6445,"High Risk
(60–100%)",1,1
1994,19.6,22,One year,0.0349,"Low Risk
(0–30%)",0,0
1995,69.95,1,Month-to-month,0.8053,"High Risk
(60–100%)",1,1
1996,67.85,67,Two year,0.0216,"Low Risk
(0–30%)",0,0
1997,105.65,67,Two year,0.1036,"Low Risk
(0–30%)",0,0
1998,44.6,2,Month-to-month,0.5534,"Medium Risk
(30–60%)",1,1
1999,74.95,23,Month-to-month,0.5282,"Medium Risk
(30–60%)",1,1
2000,75.5,9,Month-to-month,0.4599,"Medium Risk
(30–60%)",0,0
2001,20.15,5,Month-to-month,0.1344,"Low Risk
(0–30%)",0,0
2002,45.2,54,Two year,0.0242,"Low Risk
(0–30%)",0,0
2003,95.25,57,Two year,0.1382,"Low Risk
(0–30%)",0,1
2004,89.85,24,Month-to-month,0.4553,"Medium Risk
(30–60%)",0,1
2005,100.45,49,One year,0.2137,"Low Risk
(0–30%)",0,1
2006,47.15,5,Month-to-month,0.4536,"Medium Risk
(30–60%)",0,1
2007,80.2,2,Month-to-month,0.7097,"High Risk
(60–100%)",1,1
2008,87.1,4,Month-to-month,0.6756,"High Risk
(60–100%)",1,1
2009,79.25,70,Two year,0.022,"Low Risk
(0–30%)",0,0
2010,75.9,5,Month-to-month,0.6957,"High Risk
(60–100%)",1,1
2011,85.7,53,Month-to-month,0.1256,"Low Risk
(0–30%)",0,0
2012,98.75,47,Month-to-month,0.44,"Medium Risk
(30–60%)",0,1
2013,20.1,31,One year,0.0286,"Low Risk
(0–30%)",0,0
2014,61.8,13,Month-to-month,0.1365,"Low Risk
(0–30%)",0,0
2015,49.9,28,Month-to-month,0.1493,"Low Risk
(0–30%)",0,0
2016,86.45,10,Month-to-month,0.654,"High Risk
(60–100%)",1,1
2017,20.4,38,Two year,0.0191,"Low Risk
(0–30%)",0,0
2018,45.3,1,Month-to-month,0.5544,"Medium Risk
(30–60%)",1,1
2019,104.1,67,One year,0.2851,"Low Risk
(0–30%)",0,1
2020,75.4,52,One year,0.0854,"Low Risk
(0–30%)",0,0
2021,108.15,62,Two year,0.0717,"Low Risk
(0–30%)",0,0
2022,86.25,16,Month-to-month,0.528,"Medium Risk
(30–60%)",1,0
2023,81.0,5,Month-to-month,0.7805,"High Risk
(60–100%)",1,1
2024,95.7,12,One year,0.2556,"Low Risk
(0–30%)",0,0
2025,116.85,72,Two year,0.0314,"Low Risk
(0–30%)",0,0
2026,105.75,71,One year,0.1546,"Low Risk
(0–30%)",0,0
2027,20.15,24,One year,0.0334,"Low Risk
(0–30%)",0,0
2028,19.6,15,Two year,0.0233,"Low Risk
(0–30%)",0,0
2029,90.6,67,One year,0.0702,"Low Risk
(0–30%)",0,1
2030,60.95,2,Month-to-month,0.2488,"Low Risk
(0–30%)",0,0
2031,25.05,5,Month-to-month,0.3237,"Medium Risk
(30–60%)",0,0
2032,88.15,15,Month-to-month,0.4711,"Medium Risk
(30–60%)",0,1
2033,20.2,1,Month-to-month,0.3696,"Medium Risk
(30–60%)",0,1
2034,60.3,41,One year,0.0554,"Low Risk
(0–30%)",0,0
2035,63.95,43,Month-to-month,0.176,"Low Risk
(0–30%)",0,0
2036,74.3,1,Month-to-month,0.8076,"High Risk
(60–100%)",1,0
2037,70.6,1,Month-to-month,0.7631,"High Risk
(60–100%)",1,0
2038,90.8,26,Month-to-month,0.4942,"Medium Risk
(30–60%)",0,1
2039,79.35,22,Month-to-month,0.541,"Medium Risk
(30–60%)",1,1
2040,90.55,71,Two year,0.0166,"Low Risk
(0–30%)",0,0
2041,19.45,7,Two year,0.0234,"Low Risk
(0–30%)",0,0
2042,64.45,28,Month-to-month,0.1405,"Low Risk
(0–30%)",0,0
2043,69.65,16,Month-to-month,0.4216,"Medium Risk
(30–60%)",0,0
2044,19.5,7,One year,0.0415,"Low Risk
(0–30%)",0,0
2045,110.5,69,Two year,0.1158,"Low Risk
(0–30%)",0,0
2046,24.7,1,Month-to-month,0.4902,"Medium Risk
(30–60%)",0,0
2047,77.4,3,Month-to-month,0.3921,"Medium Risk
(30–60%)",0,0
2048,96.8,21,Month-to-month,0.4757,"Medium Risk
(30–60%)",0,1
2049,85.4,69,Month-to-month,0.2496,"Low Risk
(0–30%)",0,0
2050,47.6,71,Two year,0.0142,"Low Risk
(0–30%)",0,0
2051,19.4,69,Two year,0.0138,"Low Risk
(0–30%)",0,0
2052,103.85,48,Month-to-month,0.5154,"Medium Risk
(30–60%)",1,0
2053,83.35,47,Month-to-month,0.349,"Medium Risk
(30–60%)",0,1
2054,49.4,2,Month-to-month,0.66,"High Risk
(60–100%)",1,1
2055,108.45,45,Month-to-month,0.3682,"Medium Risk
(30–60%)",0,0
2056,81.0,51,Month-to-month,0.2335,"Low Risk
(0–30%)",0,0
2057,79.2,22,Month-to-month,0.2522,"Low Risk
(0–30%)",0,1
2058,86.65,72,Two year,0.0164,"Low Risk
(0–30%)",0,0
2059,92.95,37,Month-to-month,0.4422,"Medium Risk
(30–60%)",0,0
2060,90.35,71,Two year,0.0204,"Low Risk
(0–30%)",0,0
2061,48.7,7,Month-to-month,0.3092,"Medium Risk
(30–60%)",0,1
2062,25.15,66,Two year,0.0184,"Low Risk
(0–30%)",0,0
2063,76.4,51,One year,0.0648,"Low Risk
(0–30%)",0,0
2064,19.55,30,One year,0.0295,"Low Risk
(0–30%)",0,0
2065,85.35,34,Month-to-month,0.4271,"Medium Risk
(30–60%)",0,0
2066,24.8,64,Two year,0.0143,"Low Risk
(0–30%)",0,0
2067,103.15,65,One year,0.2261,"Low Risk
(0–30%)",0,0
2068,100.75,47,Month-to-month,0.2686,"Low Risk
(0–30%)",0,0
2069,95.6,1,Month-to-month,0.8117,"High Risk
(60–100%)",1,1
2070,59.75,49,Month-to-month,0.1697,"Low Risk
(0–30%)",0,1
2071,94.1,67,Two year,0.0475,"Low Risk
(0–30%)",0,0
2072,19.35,39,One year,0.03,"Low Risk
(0–30%)",0,0
2073,19.9,14,Month-to-month,0.0992,"Low Risk
(0–30%)",0,0
2074,108.15,43,Month-to-month,0.3344,"Medium Risk
(30–60%)",0,1
2075,101.05,56,Month-to-month,0.546,"Medium Risk
(30–60%)",1,0
2076,59.1,14,One year,0.108,"Low Risk
(0–30%)",0,0
2077,71.35,1,Month-to-month,0.749,"High Risk
(60–100%)",1,1
2078,55.85,16,One year,0.0606,"Low Risk
(0–30%)",0,0
2079,106.05,70,Month-to-month,0.3236,"Medium Risk
(30–60%)",0,0
2080,84.1,72,Two year,0.033,"Low Risk
(0–30%)",0,0
2081,75.3,23,Month-to-month,0.3117,"Medium Risk
(30–60%)",0,0
2082,24.7,21,Month-to-month,0.0926,"Low Risk
(0–30%)",0,0
2083,20.15,1,Month-to-month,0.4014,"Medium Risk
(30–60%)",0,1
2084,69.75,1,Month-to-month,0.718,"High Risk
(60–100%)",1,1
2085,93.2,32,Month-to-month,0.5608,"Medium Risk
(30–60%)",1,1
2086,80.85,17,Month-to-month,0.3899,"Medium Risk
(30–60%)",0,1
2087,33.65,4,Month-to-month,0.3683,"Medium Risk
(30–60%)",0,1
2088,55.8,36,One year,0.116,"Low Risk
(0–30%)",0,0
2089,39.7,50,Two year,0.0382,"Low Risk
(0–30%)",0,0
2090,29.5,48,Month-to-month,0.1313,"Low Risk
(0–30%)",0,0
2091,20.15,50,Two year,0.0183,"Low Risk
(0–30%)",0,0
2092,79.55,72,Two year,0.0177,"Low Risk
(0–30%)",0,0
2093,24.8,10,Month-to-month,0.1012,"Low Risk
(0–30%)",0,0
2094,19.65,18,Month-to-month,0.0887,"Low Risk
(0–30%)",0,0
2095,79.95,1,Month-to-month,0.8514,"High Risk
(60–100%)",1,1
2096,19.3,1,Month-to-month,0.2893,"Low Risk
(0–30%)",0,1
2097,94.05,9,Month-to-month,0.7022,"High Risk
(60–100%)",1,0
2098,90.75,2,Month-to-month,0.5242,"Medium Risk
(30–60%)",1,0
2099,78.85,40,Month-to-month,0.2636,"Low Risk
(0–30%)",0,0
2100,99.5,69,One year,0.1725,"Low Risk
(0–30%)",0,0
2101,99.2,37,One year,0.2054,"Low Risk
(0–30%)",0,1
2102,80.55,18,Month-to-month,0.3933,"Medium Risk
(30–60%)",0,0
2103,70.2,11,Month-to-month,0.5606,"Medium Risk
(30–60%)",1,0
2104,85.2,8,Month-to-month,0.6828,"High Risk
(60–100%)",1,1
2105,75.25,3,Month-to-month,0.6449,"High Risk
(60–100%)",1,1
2106,59.45,55,One year,0.0706,"Low Risk
(0–30%)",0,0
2107,93.35,33,Month-to-month,0.4806,"Medium Risk
(30–60%)",0,0
2108,44.95,46,Month-to-month,0.1662,"Low Risk
(0–30%)",0,0
2109,26.1,34,Two year,0.0209,"Low Risk
(0–30%)",0,0
2110,20.2,3,Month-to-month,0.1551,"Low Risk
(0–30%)",0,0
2111,21.25,30,Two year,0.0171,"Low Risk
(0–30%)",0,0
2112,59.4,33,One year,0.0547,"Low Risk
(0–30%)",0,0
2113,95.0,45,One year,0.2031,"Low Risk
(0–30%)",0,0
2114,61.9,40,Month-to-month,0.108,"Low Risk
(0–30%)",0,0
2115,118.65,71,Two year,0.0519,"Low Risk
(0–30%)",0,0
2116,54.35,1,Month-to-month,0.6587,"High Risk
(60–100%)",1,1
2117,64.45,72,Two year,0.0142,"Low Risk
(0–30%)",0,0
2118,80.15,22,Month-to-month,0.4552,"Medium Risk
(30–60%)",0,0
2119,20.2,46,One year,0.0331,"Low Risk
(0–30%)",0,0
2120,21.0,55,Two year,0.015,"Low Risk
(0–30%)",0,0
2121,20.45,1,Month-to-month,0.3107,"Medium Risk
(30–60%)",0,0
2122,75.85,12,One year,0.1832,"Low Risk
(0–30%)",0,0
2123,80.45,31,Month-to-month,0.4774,"Medium Risk
(30–60%)",0,0
2124,24.95,5,Month-to-month,0.5861,"Medium Risk
(30–60%)",1,1
2125,75.5,67,Two year,0.06,"Low Risk
(0–30%)",0,0
2126,44.45,1,Month-to-month,0.4807,"Medium Risk
(30–60%)",0,0
2127,42.35,40,One year,0.079,"Low Risk
(0–30%)",0,1
2128,74.55,41,Month-to-month,0.1747,"Low Risk
(0–30%)",0,0
2129,75.3,1,Month-to-month,0.8413,"High Risk
(60–100%)",1,1
2130,94.8,51,One year,0.149,"Low Risk
(0–30%)",0,1
2131,48.15,42,Two year,0.0246,"Low Risk
(0–30%)",0,0
2132,19.65,23,One year,0.0302,"Low Risk
(0–30%)",0,0
2133,70.55,1,Month-to-month,0.8053,"High Risk
(60–100%)",1,1
2134,20.15,1,Month-to-month,0.3485,"Medium Risk
(30–60%)",0,0
2135,106.6,56,Month-to-month,0.3445,"Medium Risk
(30–60%)",0,0
2136,91.0,15,Month-to-month,0.5937,"Medium Risk
(30–60%)",1,0
2137,25.4,12,Two year,0.0248,"Low Risk
(0–30%)",0,0
2138,69.95,54,Two year,0.021,"Low Risk
(0–30%)",0,0
2139,66.85,7,Month-to-month,0.4327,"Medium Risk
(30–60%)",0,0
2140,86.15,33,Month-to-month,0.3202,"Medium Risk
(30–60%)",0,1
2141,20.15,16,Month-to-month,0.1154,"Low Risk
(0–30%)",0,0
2142,64.85,21,One year,0.077,"Low Risk
(0–30%)",0,0
2143,74.85,30,Two year,0.1396,"Low Risk
(0–30%)",0,0
2144,50.5,3,Month-to-month,0.3467,"Medium Risk
(30–60%)",0,0
2145,72.9,11,Month-to-month,0.447,"Medium Risk
(30–60%)",0,0
2146,115.05,62,One year,0.159,"Low Risk
(0–30%)",0,0
2147,19.0,18,Month-to-month,0.1061,"Low Risk
(0–30%)",0,0
2148,19.55,6,Month-to-month,0.1075,"Low Risk
(0–30%)",0,0
2149,101.1,46,One year,0.3762,"Medium Risk
(30–60%)",0,0
2150,84.1,21,Month-to-month,0.5978,"Medium Risk
(30–60%)",1,0
2151,24.15,68,Two year,0.0165,"Low Risk
(0–30%)",0,0
2152,50.1,1,Month-to-month,0.728,"High Risk
(60–100%)",1,0
2153,74.6,25,Month-to-month,0.4332,"Medium Risk
(30–60%)",0,0
2154,19.75,24,Two year,0.017,"Low Risk
(0–30%)",0,0
2155,85.0,30,Month-to-month,0.5287,"Medium Risk
(30–60%)",1,1
2156,80.55,2,Month-to-month,0.6114,"High Risk
(60–100%)",1,1
2157,106.8,51,One year,0.2863,"Low Risk
(0–30%)",0,0
2158,84.5,57,Two year,0.0372,"Low Risk
(0–30%)",0,0
2159,25.05,15,Two year,0.0263,"Low Risk
(0–30%)",0,0
2160,83.7,72,Two year,0.0154,"Low Risk
(0–30%)",0,0
2161,75.8,2,Month-to-month,0.6881,"High Risk
(60–100%)",1,1
2162,96.6,28,Month-to-month,0.3622,"Medium Risk
(30–60%)",0,0
2163,98.5,29,Month-to-month,0.6462,"High Risk
(60–100%)",1,1
2164,101.1,70,Two year,0.0421,"Low Risk
(0–30%)",0,0
2165,20.2,13,One year,0.0402,"Low Risk
(0–30%)",0,0
2166,94.05,59,One year,0.0881,"Low Risk
(0–30%)",0,0
2167,95.25,13,Month-to-month,0.7455,"High Risk
(60–100%)",1,1
2168,74.4,7,Month-to-month,0.6234,"High Risk
(60–100%)",1,1
2169,81.0,62,Two year,0.0255,"Low Risk
(0–30%)",0,0
2170,60.25,21,One year,0.0651,"Low Risk
(0–30%)",0,0
2171,60.85,2,Month-to-month,0.5195,"Medium Risk
(30–60%)",1,0
2172,43.95,1,Month-to-month,0.4746,"Medium Risk
(30–60%)",0,0
2173,86.05,4,Month-to-month,0.6145,"High Risk
(60–100%)",1,0
2174,20.25,19,One year,0.038,"Low Risk
(0–30%)",0,0
2175,85.15,30,Month-to-month,0.3225,"Medium Risk
(30–60%)",0,1
2176,19.4,67,Two year,0.0142,"Low Risk
(0–30%)",0,0
2177,102.65,72,Two year,0.0547,"Low Risk
(0–30%)",0,0
2178,19.9,53,Two year,0.0164,"Low Risk
(0–30%)",0,0
2179,19.55,5,One year,0.0506,"Low Risk
(0–30%)",0,0
2180,95.5,71,Two year,0.0436,"Low Risk
(0–30%)",0,0
2181,84.15,50,One year,0.1042,"Low Risk
(0–30%)",0,0
2182,103.2,56,Two year,0.1434,"Low Risk
(0–30%)",0,0
2183,50.2,2,Month-to-month,0.3576,"Medium Risk
(30–60%)",0,0
2184,88.55,2,Month-to-month,0.8231,"High Risk
(60–100%)",1,1
2185,54.75,24,Month-to-month,0.2079,"Low Risk
(0–30%)",0,1
2186,19.95,46,Two year,0.0168,"Low Risk
(0–30%)",0,0
2187,116.25,71,Two year,0.0824,"Low Risk
(0–30%)",0,0
2188,31.2,29,Month-to-month,0.2473,"Low Risk
(0–30%)",0,0
2189,24.45,69,Two year,0.0142,"Low Risk
(0–30%)",0,0
2190,84.2,71,Two year,0.0294,"Low Risk
(0–30%)",0,0
2191,91.3,1,Month-to-month,0.8618,"High Risk
(60–100%)",1,1
2192,85.65,56,Two year,0.0249,"Low Risk
(0–30%)",0,0
2193,21.2,56,One year,0.0254,"Low Risk
(0–30%)",0,0
2194,79.5,1,Month-to-month,0.8514,"High Risk
(60–100%)",1,1
2195,25.55,28,One year,0.0368,"Low Risk
(0–30%)",0,0
2196,20.2,19,Month-to-month,0.0897,"Low Risk
(0–30%)",0,0
2197,63.85,66,Month-to-month,0.1634,"Low Risk
(0–30%)",0,0
2198,61.95,17,One year,0.0916,"Low Risk
(0–30%)",0,0
2199,25.75,52,Two year,0.0155,"Low Risk
(0–30%)",0,0
2200,58.2,19,One year,0.1082,"Low Risk
(0–30%)",0,0
2201,85.85,36,One year,0.0722,"Low Risk
(0–30%)",0,0
2202,70.1,7,Month-to-month,0.5491,"Medium Risk
(30–60%)",1,1
2203,104.9,72,One year,0.0843,"Low Risk
(0–30%)",0,0
2204,111.3,67,One year,0.1751,"Low Risk
(0–30%)",0,1
2205,99.85,34,One year,0.2916,"Low Risk
(0–30%)",0,0
2206,95.25,57,Month-to-month,0.306,"Medium Risk
(30–60%)",0,1
2207,86.25,7,Month-to-month,0.6962,"High Risk
(60–100%)",1,1
2208,100.8,1,Month-to-month,0.9133,"High Risk
(60–100%)",1,1
2209,19.55,8,Month-to-month,0.1227,"Low Risk
(0–30%)",0,0
2210,104.0,69,Two year,0.1672,"Low Risk
(0–30%)",0,0
2211,104.4,50,One year,0.2611,"Low Risk
(0–30%)",0,0
2212,19.5,10,One year,0.0441,"Low Risk
(0–30%)",0,0
2213,25.25,12,Two year,0.0234,"Low Risk
(0–30%)",0,0
2214,86.3,14,Month-to-month,0.5626,"Medium Risk
(30–60%)",1,1
2215,49.85,70,Two year,0.0262,"Low Risk
(0–30%)",0,0
2216,108.95,64,Month-to-month,0.3105,"Medium Risk
(30–60%)",0,0
2217,89.9,66,Two year,0.021,"Low Risk
(0–30%)",0,0
2218,82.0,71,Two year,0.0188,"Low Risk
(0–30%)",0,0
2219,89.95,20,Month-to-month,0.4496,"Medium Risk
(30–60%)",0,0
2220,79.35,72,Two year,0.0185,"Low Risk
(0–30%)",0,0
2221,64.05,71,Two year,0.0125,"Low Risk
(0–30%)",0,0
2222,101.15,38,Month-to-month,0.4441,"Medium Risk
(30–60%)",0,0
2223,89.95,28,Month-to-month,0.5281,"Medium Risk
(30–60%)",1,1
2224,76.45,17,Month-to-month,0.4949,"Medium Risk
(30–60%)",0,1
2225,39.1,33,One year,0.1663,"Low Risk
(0–30%)",0,0
2226,34.6,23,Two year,0.0257,"Low Risk
(0–30%)",0,0
2227,19.55,58,One year,0.0334,"Low Risk
(0–30%)",0,0
2228,104.45,70,Two year,0.1073,"Low Risk
(0–30%)",0,0
2229,70.5,4,Month-to-month,0.5383,"Medium Risk
(30–60%)",1,0
2230,20.35,45,Two year,0.0168,"Low Risk
(0–30%)",0,0
2231,70.0,10,Month-to-month,0.5712,"Medium Risk
(30–60%)",1,1
2232,19.45,36,Two year,0.0162,"Low Risk
(0–30%)",0,0
2233,69.9,54,Month-to-month,0.086,"Low Risk
(0–30%)",0,0
2234,59.7,23,Two year,0.0327,"Low Risk
(0–30%)",0,0
2235,78.35,41,One year,0.0717,"Low Risk
(0–30%)",0,0
2236,71.45,5,Month-to-month,0.6041,"High Risk
(60–100%)",1,0
2237,45.85,27,One year,0.1324,"Low Risk
(0–30%)",0,0
2238,95.85,1,Month-to-month,0.7479,"High Risk
(60–100%)",1,0
2239,35.7,67,Two year,0.0198,"Low Risk
(0–30%)",0,0
2240,89.55,72,Two year,0.0169,"Low Risk
(0–30%)",0,0
2241,24.95,56,Two year,0.0146,"Low Risk
(0–30%)",0,0
2242,24.85,44,One year,0.0368,"Low Risk
(0–30%)",0,0
2243,100.8,66,Month-to-month,0.4463,"Medium Risk
(30–60%)",0,0
2244,64.4,34,One year,0.0434,"Low Risk
(0–30%)",0,1
2245,105.35,69,Two year,0.1081,"Low Risk
(0–30%)",0,0
2246,102.45,1,Month-to-month,0.8445,"High Risk
(60–100%)",1,1
2247,19.65,40,Two year,0.0185,"Low Risk
(0–30%)",0,0
2248,54.45,30,Month-to-month,0.1594,"Low Risk
(0–30%)",0,0
2249,70.5,11,Month-to-month,0.1945,"Low Risk
(0–30%)",0,0
2250,20.1,15,One year,0.0402,"Low Risk
(0–30%)",0,0
2251,69.35,11,Month-to-month,0.3791,"Medium Risk
(30–60%)",0,0
2252,19.8,64,One year,0.0223,"Low Risk
(0–30%)",0,0
2253,74.4,72,Two year,0.0187,"Low Risk
(0–30%)",0,0
2254,93.05,72,Two year,0.0169,"Low Risk
(0–30%)",0,0
2255,51.2,1,Month-to-month,0.408,"Medium Risk
(30–60%)",0,0
2256,65.6,15,One year,0.0441,"Low Risk
(0–30%)",0,0
2257,80.55,60,One year,0.0806,"Low Risk
(0–30%)",0,0
2258,52.7,56,One year,0.0369,"Low Risk
(0–30%)",0,0
2259,20.85,8,Two year,0.0252,"Low Risk
(0–30%)",0,0
2260,80.1,3,Month-to-month,0.5467,"Medium Risk
(30–60%)",1,1
2261,52.15,49,Month-to-month,0.1999,"Low Risk
(0–30%)",0,0
2262,80.2,2,Month-to-month,0.7355,"High Risk
(60–100%)",1,1
2263,98.15,6,Month-to-month,0.5545,"Medium Risk
(30–60%)",1,1
2264,114.95,70,Two year,0.1058,"Low Risk
(0–30%)",0,0
2265,112.95,12,Month-to-month,0.588,"Medium Risk
(30–60%)",1,1
2266,104.45,52,One year,0.2493,"Low Risk
(0–30%)",0,0
2267,113.65,72,Two year,0.0385,"Low Risk
(0–30%)",0,0
2268,20.6,40,Two year,0.0207,"Low Risk
(0–30%)",0,0
2269,70.9,1,Month-to-month,0.7094,"High Risk
(60–100%)",1,1
2270,86.85,3,Month-to-month,0.742,"High Risk
(60–100%)",1,1
2271,91.55,40,Month-to-month,0.4326,"Medium Risk
(30–60%)",0,0
2272,49.85,1,Month-to-month,0.643,"High Risk
(60–100%)",1,0
2273,19.8,30,One year,0.0316,"Low Risk
(0–30%)",0,0
2274,99.85,23,Month-to-month,0.5037,"Medium Risk
(30–60%)",1,1
2275,74.5,1,Month-to-month,0.8288,"High Risk
(60–100%)",1,1
2276,104.15,44,Month-to-month,0.4501,"Medium Risk
(30–60%)",0,0
2277,109.15,65,Month-to-month,0.427,"Medium Risk
(30–60%)",0,1
2278,48.2,7,Month-to-month,0.3081,"Medium Risk
(30–60%)",0,0
2279,25.1,72,Two year,0.0148,"Low Risk
(0–30%)",0,0
2280,100.15,8,Month-to-month,0.7242,"High Risk
(60–100%)",1,0
2281,65.2,16,Month-to-month,0.3021,"Medium Risk
(30–60%)",0,1
2282,99.5,66,Month-to-month,0.3631,"Medium Risk
(30–60%)",0,1
2283,71.55,1,Month-to-month,0.7493,"High Risk
(60–100%)",1,1
2284,55.9,3,Month-to-month,0.2411,"Low Risk
(0–30%)",0,0
2285,93.9,53,Month-to-month,0.3675,"Medium Risk
(30–60%)",0,1
2286,64.4,8,Month-to-month,0.2421,"Low Risk
(0–30%)",0,0
2287,108.4,69,Two year,0.1456,"Low Risk
(0–30%)",0,1
2288,85.3,5,Month-to-month,0.683,"High Risk
(60–100%)",1,0
2289,107.45,72,Two year,0.052,"Low Risk
(0–30%)",0,0
2290,48.75,13,Month-to-month,0.3285,"Medium Risk
(30–60%)",0,1
2291,85.65,4,Month-to-month,0.8085,"High Risk
(60–100%)",1,1
2292,91.3,54,Two year,0.02,"Low Risk
(0–30%)",0,0
2293,85.95,72,Two year,0.0274,"Low Risk
(0–30%)",0,0
2294,106.7,12,Month-to-month,0.7453,"High Risk
(60–100%)",1,1
2295,25.15,1,Month-to-month,0.7043,"High Risk
(60–100%)",1,1
2296,45.2,1,Month-to-month,0.6345,"High Risk
(60–100%)",1,0
2297,110.35,54,One year,0.2928,"Low Risk
(0–30%)",0,1
2298,79.2,69,Two year,0.0525,"Low Risk
(0–30%)",0,0
2299,55.5,48,Two year,0.0302,"Low Risk
(0–30%)",0,0
2300,103.25,48,One year,0.2246,"Low Risk
(0–30%)",0,1
2301,90.25,8,Month-to-month,0.6844,"High Risk
(60–100%)",1,0
2302,91.25,71,Two year,0.017,"Low Risk
(0–30%)",0,0
2303,47.8,2,Month-to-month,0.4107,"Medium Risk
(30–60%)",0,1
2304,100.9,67,One year,0.1478,"Low Risk
(0–30%)",0,0
2305,97.7,34,Month-to-month,0.4373,"Medium Risk
(30–60%)",0,0
2306,69.85,3,Month-to-month,0.6393,"High Risk
(60–100%)",1,0
2307,65.6,9,One year,0.0954,"Low Risk
(0–30%)",0,0
2308,104.65,71,One year,0.1225,"Low Risk
(0–30%)",0,0
2309,90.45,57,Two year,0.0512,"Low Risk
(0–30%)",0,0
2310,63.7,72,Two year,0.0178,"Low Risk
(0–30%)",0,0
2311,104.5,48,Month-to-month,0.3642,"Medium Risk
(30–60%)",0,0
2312,20.1,18,One year,0.0349,"Low Risk
(0–30%)",0,0
2313,104.3,43,One year,0.2605,"Low Risk
(0–30%)",0,0
2314,93.25,72,Two year,0.0155,"Low Risk
(0–30%)",0,0
2315,73.45,35,One year,0.1193,"Low Risk
(0–30%)",0,0
2316,20.7,4,Month-to-month,0.1325,"Low Risk
(0–30%)",0,0
2317,25.25,49,Two year,0.019,"Low Risk
(0–30%)",0,0
2318,100.5,71,Two year,0.0345,"Low Risk
(0–30%)",0,0
2319,90.6,11,Month-to-month,0.5346,"Medium Risk
(30–60%)",1,0
2320,89.4,63,Two year,0.0202,"Low Risk
(0–30%)",0,0
2321,95.45,65,Month-to-month,0.3012,"Medium Risk
(30–60%)",0,0
2322,20.45,49,Two year,0.0172,"Low Risk
(0–30%)",0,0
2323,98.6,29,Month-to-month,0.5275,"Medium Risk
(30–60%)",1,1
2324,83.05,15,Month-to-month,0.6001,"High Risk
(60–100%)",1,1
2325,19.95,4,Month-to-month,0.1737,"Low Risk
(0–30%)",0,0
2326,109.15,72,One year,0.1065,"Low Risk
(0–30%)",0,0
2327,85.7,26,Month-to-month,0.3829,"Medium Risk
(30–60%)",0,0
2328,102.05,35,Month-to-month,0.3991,"Medium Risk
(30–60%)",0,0
2329,94.7,57,One year,0.1677,"Low Risk
(0–30%)",0,0
2330,64.4,28,Month-to-month,0.1912,"Low Risk
(0–30%)",0,0
2331,26.8,25,One year,0.0429,"Low Risk
(0–30%)",0,0
2332,66.05,47,One year,0.0586,"Low Risk
(0–30%)",0,0
2333,65.2,57,Month-to-month,0.0666,"Low Risk
(0–30%)",0,0
2334,85.05,16,Month-to-month,0.5299,"Medium Risk
(30–60%)",1,0
2335,55.8,5,Month-to-month,0.2491,"Low Risk
(0–30%)",0,0
2336,70.4,17,Month-to-month,0.3327,"Medium Risk
(30–60%)",0,1
2337,104.75,56,One year,0.3209,"Medium Risk
(30–60%)",0,1
2338,19.95,72,Two year,0.0109,"Low Risk
(0–30%)",0,0
2339,94.25,21,Month-to-month,0.6545,"High Risk
(60–100%)",1,1
2340,45.0,48,One year,0.0911,"Low Risk
(0–30%)",0,0
2341,114.9,68,Two year,0.0671,"Low Risk
(0–30%)",0,0
2342,106.4,30,Month-to-month,0.383,"Medium Risk
(30–60%)",0,0
2343,46.1,3,Month-to-month,0.4407,"Medium Risk
(30–60%)",0,0
2344,39.7,14,Two year,0.0475,"Low Risk
(0–30%)",0,0
2345,20.05,4,Month-to-month,0.1512,"Low Risk
(0–30%)",0,0
2346,95.75,71,Two year,0.0543,"Low Risk
(0–30%)",0,0
2347,24.4,8,One year,0.0391,"Low Risk
(0–30%)",0,0
2348,33.6,61,Month-to-month,0.0976,"Low Risk
(0–30%)",0,0
2349,90.45,72,Two year,0.0238,"Low Risk
(0–30%)",0,0
2350,84.0,5,Month-to-month,0.8035,"High Risk
(60–100%)",1,0
2351,67.4,49,Two year,0.0224,"Low Risk
(0–30%)",0,0
2352,19.7,8,Month-to-month,0.1227,"Low Risk
(0–30%)",0,0
2353,80.35,3,Month-to-month,0.6941,"High Risk
(60–100%)",1,0
2354,19.6,9,Two year,0.0212,"Low Risk
(0–30%)",0,0
2355,54.2,67,Two year,0.0227,"Low Risk
(0–30%)",0,0
2356,45.2,46,Month-to-month,0.1761,"Low Risk
(0–30%)",0,0
2357,75.1,67,One year,0.0626,"Low Risk
(0–30%)",0,0
2358,19.7,55,One year,0.0353,"Low Risk
(0–30%)",0,0
2359,72.75,33,Month-to-month,0.1852,"Low Risk
(0–30%)",0,0
2360,20.05,62,Two year,0.0123,"Low Risk
(0–30%)",0,0
2361,45.95,1,Month-to-month,0.5092,"Medium Risk
(30–60%)",1,1
2362,39.2,49,Month-to-month,0.2079,"Low Risk
(0–30%)",0,0
2363,44.75,1,Month-to-month,0.6029,"High Risk
(60–100%)",1,0
2364,82.65,14,Month-to-month,0.6201,"High Risk
(60–100%)",1,0
2365,93.9,18,Month-to-month,0.364,"Medium Risk
(30–60%)",0,0
2366,70.15,1,Month-to-month,0.8053,"High Risk
(60–100%)",1,1
2367,85.55,1,Month-to-month,0.8247,"High Risk
(60–100%)",1,1
2368,117.15,72,Two year,0.0402,"Low Risk
(0–30%)",0,0
2369,99.25,64,Two year,0.0457,"Low Risk
(0–30%)",0,0
2370,112.55,69,Two year,0.0937,"Low Risk
(0–30%)",0,0
2371,25.7,1,Month-to-month,0.3885,"Medium Risk
(30–60%)",0,0
2372,90.3,71,Two year,0.0157,"Low Risk
(0–30%)",0,0
2373,49.4,66,One year,0.0457,"Low Risk
(0–30%)",0,0
2374,19.4,2,Month-to-month,0.1503,"Low Risk
(0–30%)",0,0
2375,109.7,71,Two year,0.0436,"Low Risk
(0–30%)",0,0
2376,61.25,11,One year,0.1677,"Low Risk
(0–30%)",0,0
2377,55.3,47,Month-to-month,0.1806,"Low Risk
(0–30%)",0,0
2378,70.3,35,Month-to-month,0.3878,"Medium Risk
(30–60%)",0,1
2379,106.35,32,Month-to-month,0.3901,"Medium Risk
(30–60%)",0,1
2380,103.75,60,Month-to-month,0.2854,"Low Risk
(0–30%)",0,0
2381,19.5,11,One year,0.0441,"Low Risk
(0–30%)",0,0
2382,39.5,29,One year,0.0409,"Low Risk
(0–30%)",0,0
2383,26.05,21,Month-to-month,0.3874,"Medium Risk
(30–60%)",0,0
2384,91.05,48,Month-to-month,0.3668,"Medium Risk
(30–60%)",0,0
2385,29.65,3,Month-to-month,0.3495,"Medium Risk
(30–60%)",0,0
2386,50.2,43,Month-to-month,0.1561,"Low Risk
(0–30%)",0,0
2387,105.3,5,Month-to-month,0.7126,"High Risk
(60–100%)",1,0
2388,55.45,1,Month-to-month,0.6747,"High Risk
(60–100%)",1,0
2389,85.45,71,One year,0.0749,"Low Risk
(0–30%)",0,0
2390,19.8,8,One year,0.0442,"Low Risk
(0–30%)",0,0
2391,59.25,8,Month-to-month,0.5245,"Medium Risk
(30–60%)",1,0
2392,90.7,20,Month-to-month,0.4507,"Medium Risk
(30–60%)",0,0
2393,103.7,33,One year,0.2505,"Low Risk
(0–30%)",0,1
2394,79.05,71,One year,0.0708,"Low Risk
(0–30%)",0,0
2395,90.7,31,One year,0.2635,"Low Risk
(0–30%)",0,0
2396,95.0,38,One year,0.1392,"Low Risk
(0–30%)",0,0
2397,88.35,1,Month-to-month,0.8534,"High Risk
(60–100%)",1,1
2398,30.25,2,Month-to-month,0.4907,"Medium Risk
(30–60%)",0,0
2399,49.85,12,Month-to-month,0.3285,"Medium Risk
(30–60%)",0,0
2400,93.0,9,Month-to-month,0.4137,"Medium Risk
(30–60%)",0,0
2401,54.55,11,Month-to-month,0.2495,"Low Risk
(0–30%)",0,0
2402,19.7,6,Month-to-month,0.1124,"Low Risk
(0–30%)",0,0
2403,84.8,71,One year,0.0449,"Low Risk
(0–30%)",0,0
2404,94.45,42,One year,0.1076,"Low Risk
(0–30%)",0,0
2405,94.2,8,Month-to-month,0.6863,"High Risk
(60–100%)",1,1
2406,96.25,5,Month-to-month,0.7247,"High Risk
(60–100%)",1,1
2407,70.7,2,Month-to-month,0.6544,"High Risk
(60–100%)",1,1
2408,20.85,45,Two year,0.0171,"Low Risk
(0–30%)",0,0
2409,60.0,28,One year,0.0992,"Low Risk
(0–30%)",0,0
2410,80.45,43,Month-to-month,0.3244,"Medium Risk
(30–60%)",0,0
2411,84.95,60,Two year,0.0374,"Low Risk
(0–30%)",0,0
2412,33.55,42,One year,0.0611,"Low Risk
(0–30%)",0,1
2413,49.65,7,Two year,0.0333,"Low Risk
(0–30%)",0,0
2414,20.2,25,One year,0.0371,"Low Risk
(0–30%)",0,0
2415,94.55,40,Month-to-month,0.4242,"Medium Risk
(30–60%)",0,1
2416,100.5,27,One year,0.3316,"Medium Risk
(30–60%)",0,0
2417,35.75,10,Month-to-month,0.2456,"Low Risk
(0–30%)",0,0
2418,86.45,27,Month-to-month,0.4312,"Medium Risk
(30–60%)",0,0
2419,53.8,11,One year,0.0759,"Low Risk
(0–30%)",0,0
2420,38.55,4,Month-to-month,0.2437,"Low Risk
(0–30%)",0,0
2421,39.9,68,Month-to-month,0.1722,"Low Risk
(0–30%)",0,0
2422,70.05,1,Month-to-month,0.8053,"High Risk
(60–100%)",1,0
2423,20.1,18,One year,0.0349,"Low Risk
(0–30%)",0,0
2424,112.95,57,Two year,0.1442,"Low Risk
(0–30%)",0,1
2425,20.3,26,Month-to-month,0.1146,"Low Risk
(0–30%)",0,0
2426,35.65,17,Month-to-month,0.2567,"Low Risk
(0–30%)",0,0
2427,35.9,1,Month-to-month,0.6274,"High Risk
(60–100%)",1,1
2428,99.25,38,Month-to-month,0.4629,"Medium Risk
(30–60%)",0,1
2429,82.95,59,One year,0.0427,"Low Risk
(0–30%)",0,0
2430,55.65,30,Two year,0.0336,"Low Risk
(0–30%)",0,0
2431,24.45,2,Month-to-month,0.5894,"Medium Risk
(30–60%)",1,1
2432,25.2,50,One year,0.0474,"Low Risk
(0–30%)",0,0
2433,50.8,9,One year,0.0828,"Low Risk
(0–30%)",0,0
2434,19.65,3,Month-to-month,0.1326,"Low Risk
(0–30%)",0,0
2435,59.8,14,Month-to-month,0.2351,"Low Risk
(0–30%)",0,0
2436,73.55,31,Month-to-month,0.241,"Low Risk
(0–30%)",0,0
2437,61.4,7,Month-to-month,0.1832,"Low Risk
(0–30%)",0,0
2438,103.35,8,Month-to-month,0.6215,"High Risk
(60–100%)",1,1
2439,19.9,17,One year,0.0347,"Low Risk
(0–30%)",0,0
2440,19.45,32,Month-to-month,0.0793,"Low Risk
(0–30%)",0,0
2441,81.5,2,Month-to-month,0.679,"High Risk
(60–100%)",1,0
2442,84.8,7,Month-to-month,0.7967,"High Risk
(60–100%)",1,1
2443,109.55,72,Two year,0.0362,"Low Risk
(0–30%)",0,0
2444,99.95,31,Month-to-month,0.5699,"Medium Risk
(30–60%)",1,1
2445,74.4,27,Month-to-month,0.219,"Low Risk
(0–30%)",0,0
2446,90.0,18,Month-to-month,0.4569,"Medium Risk
(30–60%)",0,1
2447,74.9,7,Month-to-month,0.6191,"High Risk
(60–100%)",1,0
2448,104.85,14,Month-to-month,0.7125,"High Risk
(60–100%)",1,1
2449,59.65,11,Month-to-month,0.2562,"Low Risk
(0–30%)",0,0
2450,110.45,72,Two year,0.0455,"Low Risk
(0–30%)",0,0
2451,106.1,28,One year,0.2379,"Low Risk
(0–30%)",0,1
2452,74.2,15,Month-to-month,0.4679,"Medium Risk
(30–60%)",0,1
2453,74.45,4,Month-to-month,0.7617,"High Risk
(60–100%)",1,0
2454,24.55,71,Two year,0.0187,"Low Risk
(0–30%)",0,0
2455,89.35,5,Month-to-month,0.6309,"High Risk
(60–100%)",1,1
2456,24.55,47,Two year,0.0181,"Low Risk
(0–30%)",0,0
2457,90.65,57,One year,0.1444,"Low Risk
(0–30%)",0,0
2458,105.05,50,Two year,0.2059,"Low Risk
(0–30%)",0,0
2459,20.45,8,Month-to-month,0.1227,"Low Risk
(0–30%)",0,0
2460,19.55,48,Two year,0.0164,"Low Risk
(0–30%)",0,0
2461,19.7,70,One year,0.0246,"Low Risk
(0–30%)",0,0
2462,70.45,1,Month-to-month,0.3152,"Medium Risk
(30–60%)",0,0
2463,85.65,8,Month-to-month,0.6644,"High Risk
(60–100%)",1,0
2464,77.15,1,Month-to-month,0.8767,"High Risk
(60–100%)",1,1
2465,35.25,1,Month-to-month,0.6352,"High Risk
(60–100%)",1,1
2466,20.55,60,Two year,0.0142,"Low Risk
(0–30%)",0,0
2467,97.95,49,One year,0.2661,"Low Risk
(0–30%)",0,0
2468,48.55,4,Month-to-month,0.575,"Medium Risk
(30–60%)",1,1
2469,20.0,29,One year,0.0324,"Low Risk
(0–30%)",0,0
2470,25.25,67,Two year,0.018,"Low Risk
(0–30%)",0,0
2471,98.4,53,Month-to-month,0.4595,"Medium Risk
(30–60%)",0,1
2472,70.9,67,Two year,0.0199,"Low Risk
(0–30%)",0,0
2473,19.85,6,Month-to-month,0.1126,"Low Risk
(0–30%)",0,0
2474,106.35,47,Month-to-month,0.5265,"Medium Risk
(30–60%)",1,0
2475,99.5,53,Two year,0.0391,"Low Risk
(0–30%)",0,0
2476,84.7,69,Two year,0.0265,"Low Risk
(0–30%)",0,0
2477,86.05,3,Month-to-month,0.4997,"Medium Risk
(30–60%)",0,0
2478,44.55,4,Month-to-month,0.3084,"Medium Risk
(30–60%)",0,0
2479,75.85,56,Two year,0.0206,"Low Risk
(0–30%)",0,0
2480,93.85,59,Month-to-month,0.362,"Medium Risk
(30–60%)",0,1
2481,25.0,61,Two year,0.0172,"Low Risk
(0–30%)",0,0
2482,45.0,2,Month-to-month,0.5384,"Medium Risk
(30–60%)",1,0
2483,100.7,46,Month-to-month,0.389,"Medium Risk
(30–60%)",0,1
2484,20.5,12,Month-to-month,0.0921,"Low Risk
(0–30%)",0,0
2485,80.45,14,Month-to-month,0.6716,"High Risk
(60–100%)",1,1
2486,90.45,28,One year,0.1891,"Low Risk
(0–30%)",0,0
2487,60.45,24,Month-to-month,0.0947,"Low Risk
(0–30%)",0,0
2488,55.25,31,Month-to-month,0.1924,"Low Risk
(0–30%)",0,1
2489,78.45,68,One year,0.0641,"Low Risk
(0–30%)",0,0
2490,100.55,39,Two year,0.0854,"Low Risk
(0–30%)",0,0
2491,20.35,42,Month-to-month,0.0804,"Low Risk
(0–30%)",0,0
2492,54.45,13,Month-to-month,0.2872,"Low Risk
(0–30%)",0,1
2493,90.75,6,Month-to-month,0.7743,"High Risk
(60–100%)",1,0
2494,75.35,35,Month-to-month,0.2823,"Low Risk
(0–30%)",0,1
2495,20.25,38,One year,0.0355,"Low Risk
(0–30%)",0,0
2496,20.05,18,Two year,0.0209,"Low Risk
(0–30%)",0,0
2497,19.6,4,Month-to-month,0.1344,"Low Risk
(0–30%)",0,0
2498,53.8,27,Month-to-month,0.1817,"Low Risk
(0–30%)",0,0
2499,70.2,41,One year,0.0486,"Low Risk
(0–30%)",0,0
2500,75.5,50,One year,0.0761,"Low Risk
(0–30%)",0,0
2501,20.35,72,Two year,0.0154,"Low Risk
(0–30%)",0,0
2502,26.05,70,One year,0.0273,"Low Risk
(0–30%)",0,0
2503,20.6,44,One year,0.03,"Low Risk
(0–30%)",0,0
2504,75.7,2,Month-to-month,0.5107,"Medium Risk
(30–60%)",1,1
2505,20.1,34,One year,0.0321,"Low Risk
(0–30%)",0,0
2506,24.3,72,Two year,0.0131,"Low Risk
(0–30%)",0,0
2507,24.5,71,Two year,0.0287,"Low Risk
(0–30%)",0,0
2508,110.5,64,Two year,0.1158,"Low Risk
(0–30%)",0,0
2509,25.25,72,Two year,0.0133,"Low Risk
(0–30%)",0,0
2510,74.25,1,Month-to-month,0.7951,"High Risk
(60–100%)",1,1
2511,90.1,29,One year,0.1059,"Low Risk
(0–30%)",0,0
2512,68.75,23,One year,0.0674,"Low Risk
(0–30%)",0,0
2513,19.2,52,Two year,0.0143,"Low Risk
(0–30%)",0,0
2514,89.7,25,Month-to-month,0.5761,"Medium Risk
(30–60%)",1,1
2515,115.1,64,Two year,0.0849,"Low Risk
(0–30%)",0,0
2516,96.4,16,Month-to-month,0.6895,"High Risk
(60–100%)",1,1
2517,69.5,1,Month-to-month,0.7698,"High Risk
(60–100%)",1,1
2518,99.65,24,Month-to-month,0.5498,"Medium Risk
(30–60%)",1,0
2519,91.45,2,Month-to-month,0.8286,"High Risk
(60–100%)",1,0
2520,84.75,34,Two year,0.0261,"Low Risk
(0–30%)",0,0
2521,85.25,36,Month-to-month,0.4063,"Medium Risk
(30–60%)",0,1
2522,78.75,53,One year,0.0998,"Low Risk
(0–30%)",0,0
2523,20.25,47,Two year,0.0168,"Low Risk
(0–30%)",0,0
2524,19.9,72,Two year,0.014,"Low Risk
(0–30%)",0,0
2525,97.75,72,Two year,0.0231,"Low Risk
(0–30%)",0,0
2526,19.4,1,Month-to-month,0.2847,"Low Risk
(0–30%)",0,1
2527,83.3,9,Month-to-month,0.7546,"High Risk
(60–100%)",1,1
2528,80.1,8,Month-to-month,0.5933,"Medium Risk
(30–60%)",1,1
2529,62.7,45,One year,0.093,"Low Risk
(0–30%)",0,1
2530,100.4,7,Month-to-month,0.7048,"High Risk
(60–100%)",1,0
2531,24.45,71,Two year,0.0137,"Low Risk
(0–30%)",0,0
2532,101.1,41,One year,0.2542,"Low Risk
(0–30%)",0,0
2533,50.9,67,Two year,0.0323,"Low Risk
(0–30%)",0,0
2534,107.2,69,One year,0.1639,"Low Risk
(0–30%)",0,0
2535,92.2,70,Two year,0.0307,"Low Risk
(0–30%)",0,0
2536,25.3,25,One year,0.0395,"Low Risk
(0–30%)",0,1
2537,113.4,72,Two year,0.0415,"Low Risk
(0–30%)",0,0
2538,40.55,34,Two year,0.0795,"Low Risk
(0–30%)",0,0
2539,26.0,65,Two year,0.0129,"Low Risk
(0–30%)",0,0
2540,111.95,70,Two year,0.0819,"Low Risk
(0–30%)",0,0
2541,53.8,72,Two year,0.028,"Low Risk
(0–30%)",0,0
2542,72.1,35,One year,0.1136,"Low Risk
(0–30%)",0,0
2543,98.15,13,Month-to-month,0.5709,"Medium Risk
(30–60%)",1,1
2544,78.85,12,One year,0.1558,"Low Risk
(0–30%)",0,0
2545,70.75,62,One year,0.0319,"Low Risk
(0–30%)",0,0
2546,76.15,25,Month-to-month,0.1265,"Low Risk
(0–30%)",0,0
2547,39.1,52,Two year,0.021,"Low Risk
(0–30%)",0,0
2548,69.95,8,Month-to-month,0.5074,"Medium Risk
(30–60%)",1,0
2549,20.05,2,Month-to-month,0.2202,"Low Risk
(0–30%)",0,0
2550,20.05,56,Two year,0.0154,"Low Risk
(0–30%)",0,0
2551,19.45,12,Month-to-month,0.1185,"Low Risk
(0–30%)",0,0
2552,26.9,47,One year,0.0446,"Low Risk
(0–30%)",0,0
2553,19.2,2,Month-to-month,0.1775,"Low Risk
(0–30%)",0,0
2554,50.0,18,Month-to-month,0.2183,"Low Risk
(0–30%)",0,0
2555,60.0,8,Month-to-month,0.2963,"Low Risk
(0–30%)",0,0
2556,84.55,45,Month-to-month,0.2633,"Low Risk
(0–30%)",0,0
2557,45.45,3,Month-to-month,0.3262,"Medium Risk
(30–60%)",0,0
2558,20.05,38,One year,0.0321,"Low Risk
(0–30%)",0,0
2559,115.55,72,Two year,0.0604,"Low Risk
(0–30%)",0,0
2560,93.7,46,Month-to-month,0.3463,"Medium Risk
(30–60%)",0,1
2561,99.0,71,Two year,0.0333,"Low Risk
(0–30%)",0,0
2562,50.55,66,Two year,0.0365,"Low Risk
(0–30%)",0,0
2563,105.95,25,Month-to-month,0.4679,"Medium Risk
(30–60%)",0,1
2564,82.0,18,One year,0.1608,"Low Risk
(0–30%)",0,1
2565,25.0,13,Two year,0.0256,"Low Risk
(0–30%)",0,0
2566,91.55,65,Two year,0.0213,"Low Risk
(0–30%)",0,0
2567,95.75,60,Month-to-month,0.4099,"Medium Risk
(30–60%)",0,1
2568,19.35,15,Two year,0.02,"Low Risk
(0–30%)",0,0
2569,24.85,72,Two year,0.0165,"Low Risk
(0–30%)",0,0
2570,94.05,30,Month-to-month,0.463,"Medium Risk
(30–60%)",0,1
2571,100.4,42,Two year,0.136,"Low Risk
(0–30%)",0,0
2572,25.0,71,Two year,0.0117,"Low Risk
(0–30%)",0,0
2573,54.75,1,Month-to-month,0.5902,"Medium Risk
(30–60%)",1,1
2574,95.65,39,Month-to-month,0.4551,"Medium Risk
(30–60%)",0,1
2575,19.25,35,Month-to-month,0.0734,"Low Risk
(0–30%)",0,0
2576,108.25,53,Month-to-month,0.2519,"Low Risk
(0–30%)",0,0
2577,94.6,1,Month-to-month,0.8979,"High Risk
(60–100%)",1,1
2578,98.9,31,Month-to-month,0.4675,"Medium Risk
(30–60%)",0,1
2579,20.15,48,Two year,0.0181,"Low Risk
(0–30%)",0,0
2580,101.3,30,Month-to-month,0.4939,"Medium Risk
(30–60%)",0,0
2581,20.0,10,Month-to-month,0.1064,"Low Risk
(0–30%)",0,0
2582,105.3,12,Month-to-month,0.6969,"High Risk
(60–100%)",1,0
2583,69.85,57,Two year,0.0257,"Low Risk
(0–30%)",0,0
2584,65.25,58,Month-to-month,0.1161,"Low Risk
(0–30%)",0,0
2585,19.8,37,Two year,0.0185,"Low Risk
(0–30%)",0,0
2586,19.6,44,Month-to-month,0.0732,"Low Risk
(0–30%)",0,0
2587,20.05,27,One year,0.0286,"Low Risk
(0–30%)",0,0
2588,49.4,8,Month-to-month,0.2509,"Low Risk
(0–30%)",0,0
2589,76.05,3,Month-to-month,0.7846,"High Risk
(60–100%)",1,1
2590,88.4,25,Month-to-month,0.3393,"Medium Risk
(30–60%)",0,0
2591,100.6,57,Month-to-month,0.4026,"Medium Risk
(30–60%)",0,0
2592,19.45,12,Month-to-month,0.106,"Low Risk
(0–30%)",0,0
2593,20.3,62,Two year,0.0133,"Low Risk
(0–30%)",0,0
2594,107.65,65,Two year,0.121,"Low Risk
(0–30%)",0,0
2595,80.45,71,Two year,0.0367,"Low Risk
(0–30%)",0,0
2596,58.85,21,One year,0.0988,"Low Risk
(0–30%)",0,0
2597,109.6,71,One year,0.1684,"Low Risk
(0–30%)",0,0
2598,75.15,7,Month-to-month,0.6191,"High Risk
(60–100%)",1,0
2599,73.0,72,Two year,0.0185,"Low Risk
(0–30%)",0,0
2600,70.1,1,Month-to-month,0.749,"High Risk
(60–100%)",1,0
2601,98.65,72,Two year,0.0343,"Low Risk
(0–30%)",0,0
2602,111.45,64,One year,0.1897,"Low Risk
(0–30%)",0,0
2603,114.9,72,Two year,0.066,"Low Risk
(0–30%)",0,0
2604,100.55,29,Month-to-month,0.4076,"Medium Risk
(30–60%)",0,0
2605,20.4,13,Two year,0.0266,"Low Risk
(0–30%)",0,0
2606,104.35,31,Month-to-month,0.3819,"Medium Risk
(30–60%)",0,0
2607,69.75,1,Month-to-month,0.8111,"High Risk
(60–100%)",1,1
2608,34.5,7,Month-to-month,0.2241,"Low Risk
(0–30%)",0,1
2609,105.55,61,Month-to-month,0.4706,"Medium Risk
(30–60%)",0,1
2610,30.1,39,Month-to-month,0.1682,"Low Risk
(0–30%)",0,1
2611,70.3,10,Month-to-month,0.5712,"Medium Risk
(30–60%)",1,1
2612,80.45,14,Month-to-month,0.1886,"Low Risk
(0–30%)",0,0
2613,80.2,1,Month-to-month,0.8544,"High Risk
(60–100%)",1,1
2614,94.35,67,One year,0.1049,"Low Risk
(0–30%)",0,1
2615,91.35,72,Two year,0.019,"Low Risk
(0–30%)",0,0
2616,44.6,6,Month-to-month,0.3474,"Medium Risk
(30–60%)",0,1
2617,19.6,1,Month-to-month,0.3751,"Medium Risk
(30–60%)",0,1
2618,19.9,25,One year,0.0337,"Low Risk
(0–30%)",0,0
2619,110.45,33,Month-to-month,0.4842,"Medium Risk
(30–60%)",0,1
2620,68.35,18,Month-to-month,0.2038,"Low Risk
(0–30%)",0,0
2621,79.1,71,Two year,0.0327,"Low Risk
(0–30%)",0,0
2622,51.0,28,One year,0.1644,"Low Risk
(0–30%)",0,0
2623,80.55,2,Month-to-month,0.4464,"Medium Risk
(30–60%)",0,0
2624,66.7,17,Month-to-month,0.184,"Low Risk
(0–30%)",0,0
2625,86.4,56,Month-to-month,0.2447,"Low Risk
(0–30%)",0,0
2626,50.05,60,One year,0.0697,"Low Risk
(0–30%)",0,0
2627,25.7,33,Two year,0.0202,"Low Risk
(0–30%)",0,0
2628,83.4,1,Month-to-month,0.5236,"Medium Risk
(30–60%)",1,0
2629,70.7,2,Month-to-month,0.5195,"Medium Risk
(30–60%)",1,1
2630,84.65,63,Two year,0.0263,"Low Risk
(0–30%)",0,0
2631,99.25,7,Month-to-month,0.8525,"High Risk
(60–100%)",1,1
2632,64.75,55,Two year,0.0479,"Low Risk
(0–30%)",0,0
2633,100.15,65,One year,0.0939,"Low Risk
(0–30%)",0,0
2634,84.8,1,Month-to-month,0.7226,"High Risk
(60–100%)",1,1
2635,25.25,63,Two year,0.0156,"Low Risk
(0–30%)",0,0
2636,113.0,70,Two year,0.0695,"Low Risk
(0–30%)",0,0
2637,40.65,36,Two year,0.0226,"Low Risk
(0–30%)",0,0
2638,105.0,52,One year,0.258,"Low Risk
(0–30%)",0,1
2639,54.45,22,Month-to-month,0.3319,"Medium Risk
(30–60%)",0,1
2640,94.95,22,Month-to-month,0.3216,"Medium Risk
(30–60%)",0,0
2641,59.9,5,Month-to-month,0.173,"Low Risk
(0–30%)",0,0
2642,85.3,47,Month-to-month,0.3876,"Medium Risk
(30–60%)",0,1
2643,83.35,33,Month-to-month,0.5222,"Medium Risk
(30–60%)",1,1
2644,33.5,18,Month-to-month,0.2567,"Low Risk
(0–30%)",0,1
2645,19.8,1,Month-to-month,0.2984,"Low Risk
(0–30%)",0,0
2646,81.8,56,Two year,0.038,"Low Risk
(0–30%)",0,0
2647,20.0,2,Month-to-month,0.2073,"Low Risk
(0–30%)",0,0
2648,59.6,35,Month-to-month,0.2405,"Low Risk
(0–30%)",0,0
2649,25.0,64,Two year,0.0154,"Low Risk
(0–30%)",0,0
2650,84.35,15,Month-to-month,0.379,"Medium Risk
(30–60%)",0,0
2651,90.35,24,Month-to-month,0.5033,"Medium Risk
(30–60%)",1,1
2652,55.55,1,Month-to-month,0.5406,"Medium Risk
(30–60%)",1,0
2653,75.35,70,Two year,0.0262,"Low Risk
(0–30%)",0,0
2654,90.75,1,Month-to-month,0.8571,"High Risk
(60–100%)",1,1
2655,89.6,4,Month-to-month,0.6452,"High Risk
(60–100%)",1,1
2656,59.3,39,One year,0.1097,"Low Risk
(0–30%)",0,0
2657,66.1,29,Month-to-month,0.2441,"Low Risk
(0–30%)",0,0
2658,18.8,14,Two year,0.0186,"Low Risk
(0–30%)",0,0
2659,86.45,61,Two year,0.0276,"Low Risk
(0–30%)",0,0
2660,52.1,13,Month-to-month,0.1728,"Low Risk
(0–30%)",0,0
2661,47.4,66,Two year,0.0215,"Low Risk
(0–30%)",0,0
2662,49.25,2,Month-to-month,0.7122,"High Risk
(60–100%)",1,1
2663,109.15,59,One year,0.1871,"Low Risk
(0–30%)",0,0
2664,94.95,62,One year,0.0727,"Low Risk
(0–30%)",0,0
2665,93.55,33,One year,0.1235,"Low Risk
(0–30%)",0,0
2666,79.5,66,Two year,0.0381,"Low Risk
(0–30%)",0,0
2667,115.05,72,Two year,0.0358,"Low Risk
(0–30%)",0,0
2668,19.75,1,Month-to-month,0.3206,"Medium Risk
(30–60%)",0,1
2669,95.15,19,Month-to-month,0.5077,"Medium Risk
(30–60%)",1,1
2670,95.15,51,One year,0.0933,"Low Risk
(0–30%)",0,0
2671,105.4,63,Month-to-month,0.3845,"Medium Risk
(30–60%)",0,0
2672,20.1,27,One year,0.0325,"Low Risk
(0–30%)",0,0
2673,101.35,22,Month-to-month,0.5612,"Medium Risk
(30–60%)",1,1
2674,20.05,4,Month-to-month,0.1583,"Low Risk
(0–30%)",0,0
2675,20.7,42,Two year,0.0168,"Low Risk
(0–30%)",0,0
2676,20.35,29,One year,0.0324,"Low Risk
(0–30%)",0,0
2677,70.05,4,Month-to-month,0.582,"Medium Risk
(30–60%)",1,1
2678,19.7,30,One year,0.0316,"Low Risk
(0–30%)",0,0
2679,74.65,4,Month-to-month,0.7486,"High Risk
(60–100%)",1,1
2680,85.45,71,Two year,0.0143,"Low Risk
(0–30%)",0,0
2681,40.4,46,Two year,0.0256,"Low Risk
(0–30%)",0,0
2682,50.4,4,Month-to-month,0.3878,"Medium Risk
(30–60%)",0,1
2683,79.65,7,Month-to-month,0.4906,"Medium Risk
(30–60%)",0,1
2684,105.2,69,One year,0.2359,"Low Risk
(0–30%)",0,0
2685,100.65,72,Two year,0.0327,"Low Risk
(0–30%)",0,0
2686,79.85,19,Month-to-month,0.5827,"Medium Risk
(30–60%)",1,1
2687,91.0,28,Month-to-month,0.3122,"Medium Risk
(30–60%)",0,0
2688,78.75,5,Month-to-month,0.7536,"High Risk
(60–100%)",1,1
2689,116.75,72,Two year,0.0392,"Low Risk
(0–30%)",0,0
2690,80.45,8,Month-to-month,0.6049,"High Risk
(60–100%)",1,1
2691,59.1,7,One year,0.12,"Low Risk
(0–30%)",0,0
2692,49.8,22,Month-to-month,0.2575,"Low Risk
(0–30%)",0,0
2693,19.3,72,Two year,0.0116,"Low Risk
(0–30%)",0,0
2694,19.65,8,Month-to-month,0.097,"Low Risk
(0–30%)",0,0
2695,81.4,52,One year,0.0709,"Low Risk
(0–30%)",0,0
2696,38.9,68,Two year,0.0247,"Low Risk
(0–30%)",0,0
2697,87.95,71,Two year,0.0162,"Low Risk
(0–30%)",0,0
2698,19.85,2,Month-to-month,0.1503,"Low Risk
(0–30%)",0,0
2699,96.35,34,Month-to-month,0.4454,"Medium Risk
(30–60%)",0,0
2700,24.15,35,Month-to-month,0.2541,"Low Risk
(0–30%)",0,0
2701,19.1,61,One year,0.022,"Low Risk
(0–30%)",0,0
2702,44.0,1,Month-to-month,0.5243,"Medium Risk
(30–60%)",1,0
2703,50.1,1,Month-to-month,0.6336,"High Risk
(60–100%)",1,1
2704,60.6,53,One year,0.0741,"Low Risk
(0–30%)",0,0
2705,25.65,72,Two year,0.0122,"Low Risk
(0–30%)",0,0
2706,76.4,2,Month-to-month,0.5947,"Medium Risk
(30–60%)",1,1
2707,98.7,3,Month-to-month,0.7321,"High Risk
(60–100%)",1,1
2708,100.8,13,Month-to-month,0.732,"High Risk
(60–100%)",1,1
2709,53.95,41,Month-to-month,0.3848,"Medium Risk
(30–60%)",0,0
2710,20.4,24,One year,0.0334,"Low Risk
(0–30%)",0,0
2711,90.1,28,One year,0.189,"Low Risk
(0–30%)",0,1
2712,29.35,8,Month-to-month,0.2065,"Low Risk
(0–30%)",0,0
2713,20.45,1,Month-to-month,0.3532,"Medium Risk
(30–60%)",0,0
2714,95.1,54,Two year,0.0973,"Low Risk
(0–30%)",0,0
2715,25.25,41,Month-to-month,0.104,"Low Risk
(0–30%)",0,0
2716,44.9,19,Month-to-month,0.1685,"Low Risk
(0–30%)",0,0
2717,92.65,72,Two year,0.0148,"Low Risk
(0–30%)",0,0
2718,43.7,62,Two year,0.0189,"Low Risk
(0–30%)",0,0
2719,72.6,56,Two year,0.0269,"Low Risk
(0–30%)",0,0
2720,51.55,15,Month-to-month,0.3266,"Medium Risk
(30–60%)",0,1
2721,79.25,10,Month-to-month,0.6414,"High Risk
(60–100%)",1,1
2722,18.95,32,Two year,0.0141,"Low Risk
(0–30%)",0,0
2723,20.5,21,Month-to-month,0.0939,"Low Risk
(0–30%)",0,0
2724,19.95,62,One year,0.021,"Low Risk
(0–30%)",0,0
2725,24.5,2,Month-to-month,0.5467,"Medium Risk
(30–60%)",1,0
2726,20.6,27,Two year,0.0165,"Low Risk
(0–30%)",0,0
2727,94.85,5,Month-to-month,0.7965,"High Risk
(60–100%)",1,1
2728,61.05,25,One year,0.1022,"Low Risk
(0–30%)",0,0
2729,85.7,2,Month-to-month,0.8141,"High Risk
(60–100%)",1,1
2730,106.65,49,One year,0.2722,"Low Risk
(0–30%)",0,0
2731,108.25,63,Month-to-month,0.2774,"Low Risk
(0–30%)",0,0
2732,20.4,4,Month-to-month,0.1284,"Low Risk
(0–30%)",0,0
2733,55.3,1,Month-to-month,0.5821,"Medium Risk
(30–60%)",1,0
2734,20.25,11,Month-to-month,0.1064,"Low Risk
(0–30%)",0,0
2735,72.95,52,Month-to-month,0.2808,"Low Risk
(0–30%)",0,0
2736,89.45,60,Month-to-month,0.2904,"Low Risk
(0–30%)",0,0
2737,104.65,64,One year,0.2509,"Low Risk
(0–30%)",0,0
2738,75.2,43,Two year,0.0406,"Low Risk
(0–30%)",0,0
2739,101.15,61,One year,0.1641,"Low Risk
(0–30%)",0,0
2740,44.4,1,Month-to-month,0.4807,"Medium Risk
(30–60%)",0,1
2741,89.5,5,Month-to-month,0.7309,"High Risk
(60–100%)",1,1
2742,68.75,66,Two year,0.0187,"Low Risk
(0–30%)",0,0
2743,111.05,67,Two year,0.1072,"Low Risk
(0–30%)",0,0
2744,99.0,42,Two year,0.1034,"Low Risk
(0–30%)",0,0
2745,86.05,1,Month-to-month,0.8923,"High Risk
(60–100%)",1,1
2746,21.0,31,Two year,0.0171,"Low Risk
(0–30%)",0,0
2747,19.4,7,Month-to-month,0.1258,"Low Risk
(0–30%)",0,0
2748,44.55,4,Month-to-month,0.6159,"High Risk
(60–100%)",1,1
2749,77.2,34,One year,0.1412,"Low Risk
(0–30%)",0,0
2750,19.45,3,One year,0.0512,"Low Risk
(0–30%)",0,0
2751,24.85,19,Month-to-month,0.2443,"Low Risk
(0–30%)",0,0
2752,35.4,31,Month-to-month,0.1021,"Low Risk
(0–30%)",0,1
2753,95.65,1,Month-to-month,0.8418,"High Risk
(60–100%)",1,1
2754,41.35,3,Month-to-month,0.2088,"Low Risk
(0–30%)",0,0
2755,19.6,46,Month-to-month,0.0954,"Low Risk
(0–30%)",0,0
2756,20.95,1,Month-to-month,0.322,"Medium Risk
(30–60%)",0,1
2757,84.45,69,One year,0.0448,"Low Risk
(0–30%)",0,0
2758,20.25,5,Month-to-month,0.1284,"Low Risk
(0–30%)",0,0
2759,19.65,1,Month-to-month,0.2931,"Low Risk
(0–30%)",0,0
2760,20.65,26,One year,0.0349,"Low Risk
(0–30%)",0,0
2761,34.7,10,Month-to-month,0.5418,"Medium Risk
(30–60%)",1,1
2762,99.3,25,Two year,0.0886,"Low Risk
(0–30%)",0,0
2763,81.05,64,Month-to-month,0.161,"Low Risk
(0–30%)",0,0
2764,67.6,30,Month-to-month,0.1091,"Low Risk
(0–30%)",0,0
2765,70.15,13,Month-to-month,0.5333,"Medium Risk
(30–60%)",1,0
2766,115.0,64,One year,0.1859,"Low Risk
(0–30%)",0,0
2767,84.8,46,Month-to-month,0.2708,"Low Risk
(0–30%)",0,0
2768,19.7,12,One year,0.0411,"Low Risk
(0–30%)",0,0
2769,19.75,15,Month-to-month,0.104,"Low Risk
(0–30%)",0,1
2770,92.55,17,Month-to-month,0.5953,"Medium Risk
(30–60%)",1,1
2771,63.15,13,Month-to-month,0.1935,"Low Risk
(0–30%)",0,0
2772,74.0,67,Two year,0.0185,"Low Risk
(0–30%)",0,0
2773,29.1,24,Month-to-month,0.2982,"Low Risk
(0–30%)",0,0
2774,50.05,6,Month-to-month,0.2375,"Low Risk
(0–30%)",0,0
2775,60.05,53,One year,0.0804,"Low Risk
(0–30%)",0,1
2776,74.3,16,Month-to-month,0.3998,"Medium Risk
(30–60%)",0,1
2777,20.0,10,Month-to-month,0.1318,"Low Risk
(0–30%)",0,0
2778,74.65,13,One year,0.1126,"Low Risk
(0–30%)",0,0
2779,85.35,9,Month-to-month,0.7673,"High Risk
(60–100%)",1,1
2780,74.3,25,One year,0.0421,"Low Risk
(0–30%)",0,1
2781,44.4,7,Month-to-month,0.4168,"Medium Risk
(30–60%)",0,0
2782,85.4,38,Two year,0.0353,"Low Risk
(0–30%)",0,0
2783,94.1,43,Month-to-month,0.351,"Medium Risk
(30–60%)",0,0
2784,98.1,4,Month-to-month,0.7217,"High Risk
(60–100%)",1,1
2785,108.9,25,Two year,0.1882,"Low Risk
(0–30%)",0,0
2786,56.2,27,One year,0.0401,"Low Risk
(0–30%)",0,0
2787,26.1,72,Two year,0.0102,"Low Risk
(0–30%)",0,0
2788,85.45,71,One year,0.0377,"Low Risk
(0–30%)",0,0
2789,88.95,24,Month-to-month,0.4273,"Medium Risk
(30–60%)",0,0
2790,109.65,50,Two year,0.1414,"Low Risk
(0–30%)",0,1
2791,74.35,57,Two year,0.035,"Low Risk
(0–30%)",0,0
2792,48.85,15,Month-to-month,0.2302,"Low Risk
(0–30%)",0,0
2793,80.1,4,Month-to-month,0.6093,"High Risk
(60–100%)",1,0
2794,56.05,28,Month-to-month,0.1291,"Low Risk
(0–30%)",0,0
2795,74.55,9,Month-to-month,0.7156,"High Risk
(60–100%)",1,1
2796,89.8,55,Month-to-month,0.2303,"Low Risk
(0–30%)",0,0
2797,100.95,3,Month-to-month,0.8525,"High Risk
(60–100%)",1,1
2798,94.9,10,Month-to-month,0.6907,"High Risk
(60–100%)",1,1
2799,19.1,55,One year,0.0284,"Low Risk
(0–30%)",0,0
2800,20.35,20,Month-to-month,0.0791,"Low Risk
(0–30%)",0,0
2801,106.05,62,One year,0.1485,"Low Risk
(0–30%)",0,0
2802,104.9,32,Month-to-month,0.546,"Medium Risk
(30–60%)",1,1
2803,19.65,43,Two year,0.0207,"Low Risk
(0–30%)",0,0
2804,24.1,9,One year,0.1169,"Low Risk
(0–30%)",0,1
2805,59.85,60,Two year,0.0168,"Low Risk
(0–30%)",0,0
2806,86.1,58,Two year,0.055,"Low Risk
(0–30%)",0,0
2807,19.45,7,One year,0.0376,"Low Risk
(0–30%)",0,0
2808,97.1,2,Month-to-month,0.5561,"Medium Risk
(30–60%)",1,0
2809,36.65,37,Month-to-month,0.2623,"Low Risk
(0–30%)",0,0
2810,103.9,65,One year,0.1782,"Low Risk
(0–30%)",0,0
2811,19.75,39,Two year,0.0168,"Low Risk
(0–30%)",0,0
2812,104.05,66,One year,0.2938,"Low Risk
(0–30%)",0,1
2813,24.55,68,Two year,0.0168,"Low Risk
(0–30%)",0,0
2814,48.7,62,Two year,0.0155,"Low Risk
(0–30%)",0,0
2815,88.35,3,Month-to-month,0.6371,"High Risk
(60–100%)",1,1
2816,109.55,72,Two year,0.0831,"Low Risk
(0–30%)",0,0
2817,20.65,41,Two year,0.0185,"Low Risk
(0–30%)",0,0
2818,94.65,29,Month-to-month,0.3473,"Medium Risk
(30–60%)",0,1
2819,55.2,4,Month-to-month,0.2038,"Low Risk
(0–30%)",0,0
2820,24.05,53,One year,0.0273,"Low Risk
(0–30%)",0,0
2821,74.4,1,Month-to-month,0.8552,"High Risk
(60–100%)",1,1
2822,79.9,41,Month-to-month,0.1161,"Low Risk
(0–30%)",0,1
2823,20.45,39,Two year,0.0207,"Low Risk
(0–30%)",0,0
2824,19.25,63,Two year,0.0152,"Low Risk
(0–30%)",0,0
2825,26.35,15,Month-to-month,0.1972,"Low Risk
(0–30%)",0,0
2826,43.8,13,One year,0.1108,"Low Risk
(0–30%)",0,0
2827,50.15,1,Month-to-month,0.5637,"Medium Risk
(30–60%)",1,0
2828,20.45,1,Two year,0.0413,"Low Risk
(0–30%)",0,0
2829,69.7,8,Month-to-month,0.6002,"High Risk
(60–100%)",1,1
2830,61.4,60,Two year,0.0301,"Low Risk
(0–30%)",0,0
2831,98.1,12,Month-to-month,0.7782,"High Risk
(60–100%)",1,1
2832,70.75,40,One year,0.0667,"Low Risk
(0–30%)",0,0
2833,61.15,66,Two year,0.0249,"Low Risk
(0–30%)",0,0
2834,20.25,42,One year,0.0291,"Low Risk
(0–30%)",0,0
2835,63.85,66,One year,0.0378,"Low Risk
(0–30%)",0,0
2836,98.7,49,Month-to-month,0.4129,"Medium Risk
(30–60%)",0,0
2837,20.5,1,Month-to-month,0.322,"Medium Risk
(30–60%)",0,1
2838,20.0,41,Two year,0.0185,"Low Risk
(0–30%)",0,0
2839,19.3,41,Two year,0.0167,"Low Risk
(0–30%)",0,0
2840,84.4,23,Month-to-month,0.191,"Low Risk
(0–30%)",0,0
2841,25.1,3,Month-to-month,0.4578,"Medium Risk
(30–60%)",0,0
2842,48.25,4,Month-to-month,0.1907,"Low Risk
(0–30%)",0,0
2843,19.85,52,Two year,0.0154,"Low Risk
(0–30%)",0,0
2844,99.6,4,Month-to-month,0.7949,"High Risk
(60–100%)",1,1
2845,94.2,11,Month-to-month,0.5666,"Medium Risk
(30–60%)",1,0
2846,62.15,2,Month-to-month,0.3716,"Medium Risk
(30–60%)",0,0
2847,79.3,26,Month-to-month,0.2941,"Low Risk
(0–30%)",0,0
2848,56.25,24,One year,0.0511,"Low Risk
(0–30%)",0,0
2849,20.3,12,Month-to-month,0.106,"Low Risk
(0–30%)",0,0
2850,99.0,60,Month-to-month,0.4271,"Medium Risk
(30–60%)",0,0
2851,90.6,64,Two year,0.023,"Low Risk
(0–30%)",0,0
2852,85.9,66,Two year,0.0244,"Low Risk
(0–30%)",0,0
2853,79.2,60,One year,0.0707,"Low Risk
(0–30%)",0,0
2854,70.35,17,One year,0.0808,"Low Risk
(0–30%)",0,0
2855,19.35,42,Two year,0.0168,"Low Risk
(0–30%)",0,0
2856,50.15,1,Month-to-month,0.728,"High Risk
(60–100%)",1,0
2857,63.8,47,Two year,0.0381,"Low Risk
(0–30%)",0,0
2858,20.55,10,Month-to-month,0.1238,"Low Risk
(0–30%)",0,0
2859,88.55,70,Two year,0.0298,"Low Risk
(0–30%)",0,0
2860,101.4,67,Month-to-month,0.4094,"Medium Risk
(30–60%)",0,0
2861,81.95,1,Month-to-month,0.8508,"High Risk
(60–100%)",1,1
2862,69.35,7,Month-to-month,0.608,"High Risk
(60–100%)",1,1
2863,44.6,1,Month-to-month,0.4807,"Medium Risk
(30–60%)",0,0
2864,63.75,4,Month-to-month,0.2959,"Low Risk
(0–30%)",0,0
2865,109.25,66,Two year,0.0843,"Low Risk
(0–30%)",0,0
2866,84.6,12,Month-to-month,0.5933,"Medium Risk
(30–60%)",1,0
2867,20.45,24,One year,0.0327,"Low Risk
(0–30%)",0,0
2868,85.75,26,Month-to-month,0.4606,"Medium Risk
(30–60%)",0,0
2869,91.1,6,Month-to-month,0.7233,"High Risk
(60–100%)",1,1
2870,107.95,57,Two year,0.2232,"Low Risk
(0–30%)",0,0
2871,86.1,14,Month-to-month,0.6681,"High Risk
(60–100%)",1,1
2872,22.95,42,Two year,0.0224,"Low Risk
(0–30%)",0,0
2873,94.7,25,Month-to-month,0.5081,"Medium Risk
(30–60%)",1,1
2874,19.45,64,Two year,0.015,"Low Risk
(0–30%)",0,0
2875,85.1,22,Month-to-month,0.5978,"Medium Risk
(30–60%)",1,1
2876,19.7,19,One year,0.0412,"Low Risk
(0–30%)",0,0
2877,99.15,61,Month-to-month,0.4018,"Medium Risk
(30–60%)",0,1
2878,87.0,22,Month-to-month,0.3942,"Medium Risk
(30–60%)",0,0
2879,102.95,70,Month-to-month,0.4808,"Medium Risk
(30–60%)",0,1
2880,79.95,12,Month-to-month,0.4926,"Medium Risk
(30–60%)",0,0
2881,64.0,31,One year,0.0687,"Low Risk
(0–30%)",0,0
2882,64.9,11,Month-to-month,0.3711,"Medium Risk
(30–60%)",0,0
2883,25.75,68,Two year,0.0142,"Low Risk
(0–30%)",0,0
2884,90.15,72,Two year,0.0242,"Low Risk
(0–30%)",0,0
2885,116.1,67,Two year,0.0932,"Low Risk
(0–30%)",0,0
2886,104.95,60,Month-to-month,0.293,"Low Risk
(0–30%)",0,0
2887,45.05,1,Month-to-month,0.5544,"Medium Risk
(30–60%)",1,1
2888,71.0,1,Month-to-month,0.8047,"High Risk
(60–100%)",1,1
2889,50.0,58,One year,0.0386,"Low Risk
(0–30%)",0,0
2890,70.55,47,Month-to-month,0.2486,"Low Risk
(0–30%)",0,1
2891,79.7,1,Month-to-month,0.8489,"High Risk
(60–100%)",1,1
2892,20.45,1,Month-to-month,0.3107,"Medium Risk
(30–60%)",0,0
2893,59.0,22,Month-to-month,0.2023,"Low Risk
(0–30%)",0,1
2894,60.35,48,One year,0.0424,"Low Risk
(0–30%)",0,1
2895,19.85,37,One year,0.0366,"Low Risk
(0–30%)",0,0
2896,19.95,13,One year,0.0567,"Low Risk
(0–30%)",0,0
2897,26.45,43,Two year,0.0215,"Low Risk
(0–30%)",0,0
2898,63.4,6,Two year,0.0429,"Low Risk
(0–30%)",0,0
2899,53.95,71,Two year,0.0146,"Low Risk
(0–30%)",0,0
2900,69.25,1,Month-to-month,0.8153,"High Risk
(60–100%)",1,1
2901,95.1,72,Two year,0.0479,"Low Risk
(0–30%)",0,0
2902,74.1,6,Month-to-month,0.5034,"Medium Risk
(30–60%)",1,0
2903,35.5,12,Month-to-month,0.1398,"Low Risk
(0–30%)",0,0
2904,70.95,25,Month-to-month,0.2564,"Low Risk
(0–30%)",0,1
2905,79.2,21,One year,0.1,"Low Risk
(0–30%)",0,0
2906,48.8,6,Month-to-month,0.2364,"Low Risk
(0–30%)",0,0
2907,89.0,20,Month-to-month,0.4175,"Medium Risk
(30–60%)",0,1
2908,99.4,18,Month-to-month,0.677,"High Risk
(60–100%)",1,1
2909,55.45,43,One year,0.0812,"Low Risk
(0–30%)",0,0
2910,25.4,35,Two year,0.0193,"Low Risk
(0–30%)",0,0
2911,73.5,1,Month-to-month,0.7142,"High Risk
(60–100%)",1,1
2912,93.5,32,Month-to-month,0.5093,"Medium Risk
(30–60%)",1,0
2913,63.9,52,Two year,0.0255,"Low Risk
(0–30%)",0,0
2914,64.85,32,One year,0.1363,"Low Risk
(0–30%)",0,0
2915,63.8,72,Two year,0.0162,"Low Risk
(0–30%)",0,0
2916,44.45,51,Month-to-month,0.1346,"Low Risk
(0–30%)",0,0
2917,19.95,68,Two year,0.0144,"Low Risk
(0–30%)",0,0
2918,43.35,8,Month-to-month,0.3814,"Medium Risk
(30–60%)",0,0
2919,49.65,49,Two year,0.0761,"Low Risk
(0–30%)",0,0
2920,85.1,72,Two year,0.016,"Low Risk
(0–30%)",0,0
2921,95.5,9,Month-to-month,0.7938,"High Risk
(60–100%)",1,1
2922,92.35,28,Month-to-month,0.3929,"Medium Risk
(30–60%)",0,1
2923,89.8,54,Month-to-month,0.246,"Low Risk
(0–30%)",0,0
2924,74.55,11,Month-to-month,0.5432,"Medium Risk
(30–60%)",1,1
2925,103.05,50,One year,0.1782,"Low Risk
(0–30%)",0,0
2926,116.0,69,Two year,0.0776,"Low Risk
(0–30%)",0,0
2927,69.9,1,Month-to-month,0.7976,"High Risk
(60–100%)",1,0
2928,95.1,68,Two year,0.0305,"Low Risk
(0–30%)",0,0
2929,40.25,40,One year,0.0351,"Low Risk
(0–30%)",0,0
2930,25.75,31,Two year,0.0181,"Low Risk
(0–30%)",0,0
2931,105.35,33,Month-to-month,0.4461,"Medium Risk
(30–60%)",0,0
2932,113.6,55,Two year,0.1993,"Low Risk
(0–30%)",0,0
2933,24.0,68,Two year,0.0156,"Low Risk
(0–30%)",0,0
2934,19.4,12,Month-to-month,0.1017,"Low Risk
(0–30%)",0,0
2935,86.1,71,Two year,0.0183,"Low Risk
(0–30%)",0,0
2936,102.65,40,Month-to-month,0.4419,"Medium Risk
(30–60%)",0,0
2937,92.85,64,One year,0.1523,"Low Risk
(0–30%)",0,0
2938,97.75,53,One year,0.1695,"Low Risk
(0–30%)",0,0
2939,83.8,12,Month-to-month,0.4737,"Medium Risk
(30–60%)",0,1
2940,54.45,53,Month-to-month,0.3814,"Medium Risk
(30–60%)",0,1
2941,97.95,72,Two year,0.0401,"Low Risk
(0–30%)",0,0
2942,19.95,46,Two year,0.024,"Low Risk
(0–30%)",0,0
2943,24.6,40,Two year,0.0229,"Low Risk
(0–30%)",0,0
2944,50.95,12,Month-to-month,0.1604,"Low Risk
(0–30%)",0,0
2945,75.6,9,Month-to-month,0.4142,"Medium Risk
(30–60%)",0,0
2946,80.75,51,Month-to-month,0.3025,"Medium Risk
(30–60%)",0,0
2947,90.4,49,Month-to-month,0.2811,"Low Risk
(0–30%)",0,0
2948,99.8,41,Month-to-month,0.5971,"Medium Risk
(30–60%)",1,1
2949,60.25,56,One year,0.0334,"Low Risk
(0–30%)",0,0
2950,20.2,4,Month-to-month,0.2149,"Low Risk
(0–30%)",0,0
2951,64.15,20,One year,0.0745,"Low Risk
(0–30%)",0,0
2952,20.25,26,Month-to-month,0.0837,"Low Risk
(0–30%)",0,0
2953,105.85,20,Month-to-month,0.5165,"Medium Risk
(30–60%)",1,1
2954,75.45,7,Month-to-month,0.528,"Medium Risk
(30–60%)",1,1
2955,93.85,7,Month-to-month,0.8115,"High Risk
(60–100%)",1,1
2956,99.0,51,Month-to-month,0.4475,"Medium Risk
(30–60%)",0,0
2957,80.3,4,Month-to-month,0.7356,"High Risk
(60–100%)",1,0
2958,19.55,1,Month-to-month,0.289,"Low Risk
(0–30%)",0,0
2959,100.75,27,Month-to-month,0.3422,"Medium Risk
(30–60%)",0,0
2960,100.75,22,Month-to-month,0.6602,"High Risk
(60–100%)",1,1
2961,53.75,12,Month-to-month,0.1823,"Low Risk
(0–30%)",0,0
2962,31.0,3,Month-to-month,0.3842,"Medium Risk
(30–60%)",0,1
2963,25.6,34,One year,0.0342,"Low Risk
(0–30%)",0,0
2964,58.35,24,One year,0.0736,"Low Risk
(0–30%)",0,0
2965,80.0,51,Month-to-month,0.2501,"Low Risk
(0–30%)",0,1
2966,46.35,14,Month-to-month,0.5154,"Medium Risk
(30–60%)",1,0
2967,113.75,59,Two year,0.1063,"Low Risk
(0–30%)",0,0
2968,90.4,3,Month-to-month,0.5854,"Medium Risk
(30–60%)",1,0
2969,109.3,65,Two year,0.1011,"Low Risk
(0–30%)",0,0
2970,70.25,5,Month-to-month,0.6105,"High Risk
(60–100%)",1,1
2971,90.3,59,Two year,0.0197,"Low Risk
(0–30%)",0,0
2972,65.25,72,Two year,0.0166,"Low Risk
(0–30%)",0,0
2973,100.15,62,Month-to-month,0.3507,"Medium Risk
(30–60%)",0,1
2974,94.5,28,Month-to-month,0.395,"Medium Risk
(30–60%)",0,1
2975,60.65,3,Month-to-month,0.2584,"Low Risk
(0–30%)",0,0
2976,24.1,19,Month-to-month,0.1062,"Low Risk
(0–30%)",0,0
2977,19.5,1,Month-to-month,0.3629,"Medium Risk
(30–60%)",0,0
2978,85.95,24,Month-to-month,0.3739,"Medium Risk
(30–60%)",0,0
2979,53.5,57,One year,0.0894,"Low Risk
(0–30%)",0,0
2980,25.45,72,Two year,0.0126,"Low Risk
(0–30%)",0,0
2981,20.5,67,Two year,0.0156,"Low Risk
(0–30%)",0,0
2982,20.85,52,One year,0.032,"Low Risk
(0–30%)",0,0
2983,89.9,71,Two year,0.0147,"Low Risk
(0–30%)",0,0
2984,26.0,26,One year,0.0368,"Low Risk
(0–30%)",0,0
2985,113.2,35,Two year,0.1224,"Low Risk
(0–30%)",0,0
2986,69.05,55,Two year,0.0421,"Low Risk
(0–30%)",0,0
2987,20.1,33,Two year,0.0162,"Low Risk
(0–30%)",0,0
2988,109.65,72,Two year,0.0799,"Low Risk
(0–30%)",0,0
2989,19.2,1,Month-to-month,0.2968,"Low Risk
(0–30%)",0,0
2990,33.9,10,Month-to-month,0.3696,"Medium Risk
(30–60%)",0,1
2991,90.0,37,Month-to-month,0.3167,"Medium Risk
(30–60%)",0,0
2992,34.0,12,Month-to-month,0.1626,"Low Risk
(0–30%)",0,0
2993,20.4,1,One year,0.0716,"Low Risk
(0–30%)",0,0
2994,38.6,62,Two year,0.0195,"Low Risk
(0–30%)",0,0
2995,25.25,1,Month-to-month,0.5133,"Medium Risk
(30–60%)",1,0
2996,60.6,18,Month-to-month,0.2144,"Low Risk
(0–30%)",0,0
2997,89.95,69,Month-to-month,0.4002,"Medium Risk
(30–60%)",0,1
2998,74.75,2,Month-to-month,0.6407,"High Risk
(60–100%)",1,0
2999,20.6,19,Month-to-month,0.0808,"Low Risk
(0–30%)",0,0
3000,84.45,12,Month-to-month,0.724,"High Risk
(60–100%)",1,1
3001,20.4,9,Month-to-month,0.1064,"Low Risk
(0–30%)",0,0
3002,81.7,27,One year,0.0888,"Low Risk
(0–30%)",0,0
3003,79.5,27,Month-to-month,0.4012,"Medium Risk
(30–60%)",0,1
3004,89.15,1,Month-to-month,0.8086,"High Risk
(60–100%)",1,1
3005,20.3,24,Month-to-month,0.1055,"Low Risk
(0–30%)",0,0
3006,74.95,14,Month-to-month,0.6552,"High Risk
(60–100%)",1,1
3007,74.4,32,Month-to-month,0.3987,"Medium Risk
(30–60%)",0,1
3008,20.0,11,One year,0.0434,"Low Risk
(0–30%)",0,0
3009,25.0,1,Month-to-month,0.3213,"Medium Risk
(30–60%)",0,0
3010,80.45,38,Month-to-month,0.2871,"Low Risk
(0–30%)",0,0
3011,19.75,9,Two year,0.0223,"Low Risk
(0–30%)",0,0
3012,65.65,54,Two year,0.0175,"Low Risk
(0–30%)",0,0
3013,71.0,29,One year,0.1493,"Low Risk
(0–30%)",0,0
3014,89.2,44,Month-to-month,0.5121,"Medium Risk
(30–60%)",1,0
3015,86.75,59,Two year,0.025,"Low Risk
(0–30%)",0,0
3016,55.3,3,Month-to-month,0.4667,"Medium Risk
(30–60%)",0,1
3017,61.5,18,One year,0.0512,"Low Risk
(0–30%)",0,0
3018,25.1,67,Two year,0.019,"Low Risk
(0–30%)",0,0
3019,55.15,22,Month-to-month,0.1578,"Low Risk
(0–30%)",0,1
3020,34.05,33,One year,0.0358,"Low Risk
(0–30%)",0,0
3021,19.95,5,Month-to-month,0.1284,"Low Risk
(0–30%)",0,0
3022,19.95,2,Month-to-month,0.1962,"Low Risk
(0–30%)",0,0
3023,89.7,72,Two year,0.0142,"Low Risk
(0–30%)",0,0
3024,20.4,9,Month-to-month,0.097,"Low Risk
(0–30%)",0,0
3025,26.3,67,Two year,0.0139,"Low Risk
(0–30%)",0,0
3026,84.95,16,Month-to-month,0.6633,"High Risk
(60–100%)",1,1
3027,20.7,8,Month-to-month,0.1403,"Low Risk
(0–30%)",0,0
3028,43.25,5,Month-to-month,0.1996,"Low Risk
(0–30%)",0,1
3029,48.35,23,One year,0.1028,"Low Risk
(0–30%)",0,1
3030,79.55,1,Month-to-month,0.8514,"High Risk
(60–100%)",1,1
3031,71.05,50,Month-to-month,0.3493,"Medium Risk
(30–60%)",0,1
3032,19.45,17,Two year,0.0209,"Low Risk
(0–30%)",0,0
3033,110.8,68,Two year,0.1135,"Low Risk
(0–30%)",0,0
3034,84.5,1,Month-to-month,0.8469,"High Risk
(60–100%)",1,1
3035,69.3,25,Month-to-month,0.4069,"Medium Risk
(30–60%)",0,0
3036,49.35,67,One year,0.0374,"Low Risk
(0–30%)",0,0
3037,20.35,32,One year,0.0311,"Low Risk
(0–30%)",0,0
3038,105.6,67,One year,0.1944,"Low Risk
(0–30%)",0,0
3039,64.45,72,Two year,0.0193,"Low Risk
(0–30%)",0,0
3040,108.6,71,Two year,0.09,"Low Risk
(0–30%)",0,1
3041,49.9,1,Month-to-month,0.61,"High Risk
(60–100%)",1,0
3042,30.3,46,Month-to-month,0.1731,"Low Risk
(0–30%)",0,1
3043,30.4,2,Month-to-month,0.68,"High Risk
(60–100%)",1,1
3044,45.4,1,Month-to-month,0.5544,"Medium Risk
(30–60%)",1,1
3045,65.65,48,One year,0.1499,"Low Risk
(0–30%)",0,0
3046,103.3,61,One year,0.1997,"Low Risk
(0–30%)",0,0
3047,84.15,32,Month-to-month,0.296,"Low Risk
(0–30%)",0,1
3048,44.45,2,Month-to-month,0.4618,"Medium Risk
(30–60%)",0,0
3049,19.75,3,Month-to-month,0.1802,"Low Risk
(0–30%)",0,1
3050,85.4,5,Month-to-month,0.6259,"High Risk
(60–100%)",1,1
3051,89.9,71,Two year,0.0142,"Low Risk
(0–30%)",0,0
3052,55.05,37,Month-to-month,0.1651,"Low Risk
(0–30%)",0,0
3053,104.1,65,Two year,0.1219,"Low Risk
(0–30%)",0,0
3054,106.6,67,One year,0.1599,"Low Risk
(0–30%)",0,0
3055,75.2,49,Month-to-month,0.2592,"Low Risk
(0–30%)",0,1
3056,70.5,50,Two year,0.0262,"Low Risk
(0–30%)",0,0
3057,19.6,25,One year,0.037,"Low Risk
(0–30%)",0,0
3058,55.85,17,One year,0.1145,"Low Risk
(0–30%)",0,1
3059,24.05,64,Two year,0.0151,"Low Risk
(0–30%)",0,0
3060,38.1,25,One year,0.1142,"Low Risk
(0–30%)",0,0
3061,106.4,23,Month-to-month,0.6643,"High Risk
(60–100%)",1,1
3062,34.25,24,Month-to-month,0.1674,"Low Risk
(0–30%)",0,0
3063,100.05,37,Month-to-month,0.5859,"Medium Risk
(30–60%)",1,0
3064,68.65,21,Month-to-month,0.4499,"Medium Risk
(30–60%)",0,0
3065,45.8,1,Month-to-month,0.5636,"Medium Risk
(30–60%)",1,0
3066,75.75,10,Month-to-month,0.5671,"Medium Risk
(30–60%)",1,0
3067,84.4,6,Month-to-month,0.6584,"High Risk
(60–100%)",1,1
3068,96.4,51,One year,0.1405,"Low Risk
(0–30%)",0,0
3069,20.55,10,Month-to-month,0.1284,"Low Risk
(0–30%)",0,0
3070,50.95,6,Month-to-month,0.1572,"Low Risk
(0–30%)",0,0
3071,90.5,47,Two year,0.0305,"Low Risk
(0–30%)",0,0
3072,79.4,61,One year,0.058,"Low Risk
(0–30%)",0,0
3073,58.75,52,Two year,0.0453,"Low Risk
(0–30%)",0,0
3074,59.45,35,Month-to-month,0.1514,"Low Risk
(0–30%)",0,0
3075,105.7,71,One year,0.1754,"Low Risk
(0–30%)",0,0
3076,56.25,6,Month-to-month,0.1903,"Low Risk
(0–30%)",0,1
3077,53.3,45,Two year,0.0324,"Low Risk
(0–30%)",0,0
3078,85.55,2,Month-to-month,0.8328,"High Risk
(60–100%)",1,1
3079,68.65,4,Month-to-month,0.4032,"Medium Risk
(30–60%)",0,1
3080,24.3,2,Month-to-month,0.4943,"Medium Risk
(30–60%)",0,0
3081,77.85,4,Month-to-month,0.6039,"High Risk
(60–100%)",1,1
3082,59.9,51,One year,0.0384,"Low Risk
(0–30%)",0,0
3083,23.95,60,One year,0.022,"Low Risk
(0–30%)",0,0
3084,20.15,9,One year,0.0473,"Low Risk
(0–30%)",0,0
3085,105.35,3,Month-to-month,0.8002,"High Risk
(60–100%)",1,1
3086,95.65,17,Month-to-month,0.4147,"Medium Risk
(30–60%)",0,0
3087,87.05,8,Month-to-month,0.7673,"High Risk
(60–100%)",1,1
3088,81.0,46,Two year,0.0299,"Low Risk
(0–30%)",0,0
3089,82.45,68,Two year,0.026,"Low Risk
(0–30%)",0,0
3090,53.5,1,Month-to-month,0.5821,"Medium Risk
(30–60%)",1,1
3091,20.5,4,One year,0.0457,"Low Risk
(0–30%)",0,0
3092,25.1,1,Month-to-month,0.6026,"High Risk
(60–100%)",1,1
3093,54.4,28,One year,0.0601,"Low Risk
(0–30%)",0,0
3094,58.6,39,One year,0.0996,"Low Risk
(0–30%)",0,0
3095,84.8,11,Month-to-month,0.5191,"Medium Risk
(30–60%)",1,0
3096,61.4,71,Two year,0.0294,"Low Risk
(0–30%)",0,0
3097,20.4,2,Month-to-month,0.161,"Low Risk
(0–30%)",0,0
3098,79.65,30,Month-to-month,0.3402,"Medium Risk
(30–60%)",0,1
3099,20.15,17,One year,0.0388,"Low Risk
(0–30%)",0,0
3100,94.45,55,Month-to-month,0.3674,"Medium Risk
(30–60%)",0,0
3101,79.8,58,Month-to-month,0.198,"Low Risk
(0–30%)",0,0
3102,54.2,5,Month-to-month,0.1967,"Low Risk
(0–30%)",0,1
3103,19.45,1,Month-to-month,0.4209,"Medium Risk
(30–60%)",0,1
3104,74.05,9,Month-to-month,0.7156,"High Risk
(60–100%)",1,0
3105,49.15,26,Month-to-month,0.1107,"Low Risk
(0–30%)",0,0
3106,19.4,50,Two year,0.0201,"Low Risk
(0–30%)",0,0
3107,113.65,72,Two year,0.0385,"Low Risk
(0–30%)",0,0
3108,106.0,43,One year,0.1801,"Low Risk
(0–30%)",0,0
3109,25.95,56,Two year,0.0176,"Low Risk
(0–30%)",0,0
3110,19.1,1,Month-to-month,0.2511,"Low Risk
(0–30%)",0,0
3111,103.4,72,Two year,0.118,"Low Risk
(0–30%)",0,1
3112,100.55,72,Two year,0.0316,"Low Risk
(0–30%)",0,0
3113,95.4,36,Month-to-month,0.531,"Medium Risk
(30–60%)",1,0
3114,75.15,5,Month-to-month,0.2704,"Low Risk
(0–30%)",0,0
3115,84.45,13,Month-to-month,0.676,"High Risk
(60–100%)",1,1
3116,89.15,44,One year,0.1354,"Low Risk
(0–30%)",0,0
3117,107.9,70,One year,0.2037,"Low Risk
(0–30%)",0,0
3118,19.5,44,One year,0.0321,"Low Risk
(0–30%)",0,0
3119,85.95,32,Month-to-month,0.4353,"Medium Risk
(30–60%)",0,1
3120,24.95,69,Two year,0.018,"Low Risk
(0–30%)",0,0
3121,59.4,16,Month-to-month,0.2673,"Low Risk
(0–30%)",0,1
3122,19.5,68,One year,0.0239,"Low Risk
(0–30%)",0,0
3123,69.95,16,Month-to-month,0.3341,"Medium Risk
(30–60%)",0,0
3124,82.85,68,Two year,0.0209,"Low Risk
(0–30%)",0,0
3125,19.0,4,Month-to-month,0.1105,"Low Risk
(0–30%)",0,0
3126,38.85,26,Month-to-month,0.0869,"Low Risk
(0–30%)",0,0
3127,30.6,29,Month-to-month,0.3131,"Medium Risk
(30–60%)",0,1
3128,20.35,5,Month-to-month,0.1205,"Low Risk
(0–30%)",0,0
3129,95.0,70,One year,0.1281,"Low Risk
(0–30%)",0,0
3130,74.4,24,One year,0.0684,"Low Risk
(0–30%)",0,0
3131,78.45,72,Two year,0.0189,"Low Risk
(0–30%)",0,0
3132,74.3,1,Month-to-month,0.5884,"Medium Risk
(30–60%)",1,0
3133,51.05,70,One year,0.079,"Low Risk
(0–30%)",0,0
3134,19.2,36,Month-to-month,0.0623,"Low Risk
(0–30%)",0,0
3135,99.55,38,Month-to-month,0.5404,"Medium Risk
(30–60%)",1,1
3136,70.0,17,Month-to-month,0.4976,"Medium Risk
(30–60%)",0,1
3137,109.1,41,One year,0.2293,"Low Risk
(0–30%)",0,0
3138,45.3,1,Month-to-month,0.6418,"High Risk
(60–100%)",1,1
3139,29.85,2,Month-to-month,0.3115,"Medium Risk
(30–60%)",0,1
3140,76.45,14,Month-to-month,0.4033,"Medium Risk
(30–60%)",0,0
3141,95.1,2,Month-to-month,0.6708,"High Risk
(60–100%)",1,1
3142,19.8,1,Month-to-month,0.3222,"Medium Risk
(30–60%)",0,1
3143,72.8,13,Month-to-month,0.2811,"Low Risk
(0–30%)",0,0
3144,18.95,6,Month-to-month,0.1058,"Low Risk
(0–30%)",0,0
3145,76.65,4,Month-to-month,0.6145,"High Risk
(60–100%)",1,1
3146,99.15,5,Month-to-month,0.6981,"High Risk
(60–100%)",1,1
3147,101.75,15,Month-to-month,0.4786,"Medium Risk
(30–60%)",0,0
3148,75.45,47,Month-to-month,0.1979,"Low Risk
(0–30%)",0,0
3149,64.1,8,Month-to-month,0.1954,"Low Risk
(0–30%)",0,0
3150,25.65,17,Month-to-month,0.2686,"Low Risk
(0–30%)",0,0
3151,75.1,15,Month-to-month,0.2635,"Low Risk
(0–30%)",0,0
3152,95.85,26,One year,0.1542,"Low Risk
(0–30%)",0,0
3153,54.4,23,Month-to-month,0.2289,"Low Risk
(0–30%)",0,0
3154,72.75,4,Month-to-month,0.5285,"Medium Risk
(30–60%)",1,0
3155,19.85,29,One year,0.0286,"Low Risk
(0–30%)",0,0
3156,19.05,25,Month-to-month,0.0712,"Low Risk
(0–30%)",0,0
3157,44.95,9,Month-to-month,0.2276,"Low Risk
(0–30%)",0,1
3158,49.55,18,Month-to-month,0.2183,"Low Risk
(0–30%)",0,1
3159,94.85,3,Month-to-month,0.8397,"High Risk
(60–100%)",1,0
3160,46.25,69,Two year,0.0167,"Low Risk
(0–30%)",0,0
3161,19.35,14,One year,0.0383,"Low Risk
(0–30%)",0,0
3162,69.6,19,Month-to-month,0.2169,"Low Risk
(0–30%)",0,0
3163,90.7,39,Month-to-month,0.3569,"Medium Risk
(30–60%)",0,0
3164,101.4,31,Month-to-month,0.4687,"Medium Risk
(30–60%)",0,0
3165,20.25,24,One year,0.0309,"Low Risk
(0–30%)",0,0
3166,48.8,14,Month-to-month,0.1516,"Low Risk
(0–30%)",0,0
3167,74.35,64,Two year,0.0226,"Low Risk
(0–30%)",0,0
3168,19.35,50,One year,0.037,"Low Risk
(0–30%)",0,0
3169,68.75,52,One year,0.0865,"Low Risk
(0–30%)",0,0
3170,100.2,28,One year,0.2996,"Low Risk
(0–30%)",0,0
3171,20.85,21,Two year,0.023,"Low Risk
(0–30%)",0,0
3172,95.9,25,Month-to-month,0.489,"Medium Risk
(30–60%)",0,1
3173,19.35,17,One year,0.0402,"Low Risk
(0–30%)",0,0
3174,45.0,58,One year,0.123,"Low Risk
(0–30%)",0,0
3175,81.5,17,Month-to-month,0.382,"Medium Risk
(30–60%)",0,1
3176,25.5,51,Two year,0.0185,"Low Risk
(0–30%)",0,0
3177,48.9,72,Two year,0.0157,"Low Risk
(0–30%)",0,0
3178,84.1,52,Month-to-month,0.2619,"Low Risk
(0–30%)",0,1
3179,19.6,27,Two year,0.0197,"Low Risk
(0–30%)",0,0
3180,20.0,3,Month-to-month,0.1387,"Low Risk
(0–30%)",0,0
3181,81.3,64,Two year,0.0234,"Low Risk
(0–30%)",0,0
3182,95.2,45,Two year,0.094,"Low Risk
(0–30%)",0,0
3183,36.45,3,Month-to-month,0.6011,"High Risk
(60–100%)",1,1
3184,83.3,71,Two year,0.0327,"Low Risk
(0–30%)",0,0
3185,25.05,1,Month-to-month,0.5862,"Medium Risk
(30–60%)",1,1
3186,20.3,58,Two year,0.0151,"Low Risk
(0–30%)",0,0
3187,89.85,34,Month-to-month,0.4059,"Medium Risk
(30–60%)",0,0
3188,49.85,8,Month-to-month,0.2812,"Low Risk
(0–30%)",0,1
3189,19.8,15,Month-to-month,0.0948,"Low Risk
(0–30%)",0,0
3190,54.65,66,Two year,0.0357,"Low Risk
(0–30%)",0,0
3191,29.35,12,Month-to-month,0.2993,"Low Risk
(0–30%)",0,0
3192,19.15,58,Two year,0.0171,"Low Risk
(0–30%)",0,0
3193,19.1,3,Two year,0.0212,"Low Risk
(0–30%)",0,0
3194,55.55,43,Month-to-month,0.2534,"Low Risk
(0–30%)",0,1
3195,80.55,9,Month-to-month,0.5088,"Medium Risk
(30–60%)",1,0
3196,20.25,3,One year,0.0457,"Low Risk
(0–30%)",0,0
3197,69.5,22,One year,0.1422,"Low Risk
(0–30%)",0,1
3198,106.0,40,One year,0.3043,"Medium Risk
(30–60%)",0,0
3199,25.5,68,Two year,0.0165,"Low Risk
(0–30%)",0,0
3200,104.3,54,Month-to-month,0.544,"Medium Risk
(30–60%)",1,1
3201,79.6,50,Two year,0.0474,"Low Risk
(0–30%)",0,0
3202,55.25,1,Month-to-month,0.6747,"High Risk
(60–100%)",1,0
3203,88.05,72,Two year,0.0228,"Low Risk
(0–30%)",0,0
3204,20.4,40,One year,0.0331,"Low Risk
(0–30%)",0,0
3205,117.6,72,Two year,0.0301,"Low Risk
(0–30%)",0,0
3206,20.0,6,Month-to-month,0.1288,"Low Risk
(0–30%)",0,0
3207,19.65,5,Month-to-month,0.158,"Low Risk
(0–30%)",0,0
3208,70.55,48,One year,0.1505,"Low Risk
(0–30%)",0,0
3209,93.85,1,Month-to-month,0.8979,"High Risk
(60–100%)",1,1
3210,65.8,64,One year,0.0301,"Low Risk
(0–30%)",0,0
3211,20.05,17,One year,0.0402,"Low Risk
(0–30%)",0,0
3212,80.0,40,Month-to-month,0.3681,"Medium Risk
(30–60%)",0,0
3213,35.4,41,One year,0.0473,"Low Risk
(0–30%)",0,0
3214,79.6,51,One year,0.1047,"Low Risk
(0–30%)",0,0
3215,80.25,41,Month-to-month,0.4316,"Medium Risk
(30–60%)",0,0
3216,50.45,1,Month-to-month,0.5162,"Medium Risk
(30–60%)",1,1
3217,20.45,2,Month-to-month,0.2073,"Low Risk
(0–30%)",0,0
3218,79.6,68,One year,0.065,"Low Risk
(0–30%)",0,0
3219,24.7,24,Two year,0.019,"Low Risk
(0–30%)",0,0
3220,77.3,70,Two year,0.0281,"Low Risk
(0–30%)",0,0
3221,29.75,3,Month-to-month,0.4573,"Medium Risk
(30–60%)",0,0
3222,44.9,2,Month-to-month,0.3607,"Medium Risk
(30–60%)",0,0
3223,29.8,3,Month-to-month,0.3397,"Medium Risk
(30–60%)",0,0
3224,74.65,7,Month-to-month,0.4508,"Medium Risk
(30–60%)",0,1
3225,71.95,13,Month-to-month,0.2851,"Low Risk
(0–30%)",0,0
3226,20.75,7,Month-to-month,0.1201,"Low Risk
(0–30%)",0,0
3227,56.3,12,Month-to-month,0.2562,"Low Risk
(0–30%)",0,0
3228,105.25,53,One year,0.3076,"Medium Risk
(30–60%)",0,0
3229,94.2,12,Month-to-month,0.7599,"High Risk
(60–100%)",1,1
3230,19.55,63,Two year,0.0133,"Low Risk
(0–30%)",0,0
3231,84.45,15,Month-to-month,0.149,"Low Risk
(0–30%)",0,0
3232,53.65,36,One year,0.0396,"Low Risk
(0–30%)",0,0
3233,29.9,4,Month-to-month,0.6226,"High Risk
(60–100%)",1,0
3234,19.7,24,Two year,0.0174,"Low Risk
(0–30%)",0,0
3235,43.7,61,One year,0.0313,"Low Risk
(0–30%)",0,0
3236,55.3,16,Month-to-month,0.2833,"Low Risk
(0–30%)",0,0
3237,19.85,65,Two year,0.0139,"Low Risk
(0–30%)",0,0
3238,19.65,26,Two year,0.0165,"Low Risk
(0–30%)",0,0
3239,49.45,16,Month-to-month,0.1848,"Low Risk
(0–30%)",0,0
3240,106.55,54,One year,0.1934,"Low Risk
(0–30%)",0,1
3241,20.1,1,Month-to-month,0.3366,"Medium Risk
(30–60%)",0,1
3242,20.45,5,Two year,0.0231,"Low Risk
(0–30%)",0,0
3243,39.7,19,Month-to-month,0.4093,"Medium Risk
(30–60%)",0,0
3244,54.5,10,Month-to-month,0.2337,"Low Risk
(0–30%)",0,0
3245,83.8,23,Month-to-month,0.3005,"Medium Risk
(30–60%)",0,1
3246,55.15,3,Month-to-month,0.3722,"Medium Risk
(30–60%)",0,1
3247,111.6,72,Two year,0.0524,"Low Risk
(0–30%)",0,0
3248,86.65,10,Month-to-month,0.752,"High Risk
(60–100%)",1,1
3249,55.55,10,Month-to-month,0.2606,"Low Risk
(0–30%)",0,0
3250,20.55,11,One year,0.0473,"Low Risk
(0–30%)",0,0
3251,106.75,37,Month-to-month,0.3999,"Medium Risk
(30–60%)",0,1
3252,62.1,17,One year,0.0546,"Low Risk
(0–30%)",0,0
3253,104.5,36,Month-to-month,0.3996,"Medium Risk
(30–60%)",0,0
3254,101.8,17,Month-to-month,0.5757,"Medium Risk
(30–60%)",1,0
3255,110.6,66,One year,0.1218,"Low Risk
(0–30%)",0,0
3256,84.9,61,One year,0.0473,"Low Risk
(0–30%)",0,0
3257,93.2,22,Month-to-month,0.4076,"Medium Risk
(30–60%)",0,0
3258,24.4,1,Month-to-month,0.7043,"High Risk
(60–100%)",1,0
3259,70.55,6,Month-to-month,0.4431,"Medium Risk
(30–60%)",0,0
3260,78.45,31,Month-to-month,0.3336,"Medium Risk
(30–60%)",0,1
3261,85.0,68,Two year,0.0215,"Low Risk
(0–30%)",0,0
3262,87.45,34,Month-to-month,0.413,"Medium Risk
(30–60%)",0,1
3263,85.8,52,Month-to-month,0.1868,"Low Risk
(0–30%)",0,0
3264,91.1,10,Month-to-month,0.6019,"High Risk
(60–100%)",1,0
3265,70.75,29,Month-to-month,0.3683,"Medium Risk
(30–60%)",0,1
3266,20.1,72,Two year,0.0101,"Low Risk
(0–30%)",0,0
3267,20.05,47,One year,0.0291,"Low Risk
(0–30%)",0,0
3268,74.8,24,One year,0.0877,"Low Risk
(0–30%)",0,0
3269,24.8,65,One year,0.0277,"Low Risk
(0–30%)",0,0
3270,100.85,4,Month-to-month,0.7714,"High Risk
(60–100%)",1,0
3271,101.35,12,Month-to-month,0.764,"High Risk
(60–100%)",1,1
3272,81.7,1,Month-to-month,0.7822,"High Risk
(60–100%)",1,1
3273,68.25,33,Month-to-month,0.3133,"Medium Risk
(30–60%)",0,1
3274,105.1,34,Month-to-month,0.4333,"Medium Risk
(30–60%)",0,0
3275,20.4,14,Two year,0.0233,"Low Risk
(0–30%)",0,0
3276,79.15,4,Month-to-month,0.6941,"High Risk
(60–100%)",1,1
3277,20.0,13,One year,0.0366,"Low Risk
(0–30%)",0,0
3278,79.4,65,Two year,0.0346,"Low Risk
(0–30%)",0,0
3279,57.2,23,One year,0.0371,"Low Risk
(0–30%)",0,0
3280,58.6,55,Two year,0.0416,"Low Risk
(0–30%)",0,0
3281,94.8,49,Two year,0.1365,"Low Risk
(0–30%)",0,0
3282,102.5,60,One year,0.1865,"Low Risk
(0–30%)",0,0
3283,20.35,69,One year,0.0239,"Low Risk
(0–30%)",0,0
3284,84.9,40,Month-to-month,0.502,"Medium Risk
(30–60%)",1,0
3285,69.2,67,Two year,0.0222,"Low Risk
(0–30%)",0,0
3286,95.45,35,Month-to-month,0.5461,"Medium Risk
(30–60%)",1,1
3287,100.95,19,One year,0.3513,"Medium Risk
(30–60%)",0,1
3288,20.85,13,Two year,0.0215,"Low Risk
(0–30%)",0,0
3289,88.5,41,Month-to-month,0.3443,"Medium Risk
(30–60%)",0,0
3290,35.0,4,Month-to-month,0.2602,"Low Risk
(0–30%)",0,0
3291,55.15,24,Month-to-month,0.136,"Low Risk
(0–30%)",0,0
3292,50.95,5,Month-to-month,0.4795,"Medium Risk
(30–60%)",0,0
3293,64.0,5,Month-to-month,0.537,"Medium Risk
(30–60%)",1,0
3294,69.1,1,Month-to-month,0.7571,"High Risk
(60–100%)",1,1
3295,80.2,72,Two year,0.0134,"Low Risk
(0–30%)",0,0
3296,49.3,24,Month-to-month,0.1788,"Low Risk
(0–30%)",0,0
3297,84.35,42,Two year,0.035,"Low Risk
(0–30%)",0,0
3298,20.05,4,Month-to-month,0.1344,"Low Risk
(0–30%)",0,0
3299,117.2,68,One year,0.2056,"Low Risk
(0–30%)",0,0
3300,20.1,33,One year,0.0277,"Low Risk
(0–30%)",0,0
3301,69.6,1,Month-to-month,0.8111,"High Risk
(60–100%)",1,1
3302,103.45,31,One year,0.394,"Medium Risk
(30–60%)",0,1
3303,77.95,4,Month-to-month,0.6023,"High Risk
(60–100%)",1,1
3304,109.95,69,Two year,0.1845,"Low Risk
(0–30%)",0,0
3305,94.75,38,Month-to-month,0.4338,"Medium Risk
(30–60%)",0,0
3306,80.0,3,Month-to-month,0.6149,"High Risk
(60–100%)",1,0
3307,79.65,48,Two year,0.0596,"Low Risk
(0–30%)",0,0
3308,25.2,15,Two year,0.027,"Low Risk
(0–30%)",0,0
3309,19.9,25,One year,0.0327,"Low Risk
(0–30%)",0,0
3310,78.45,1,Month-to-month,0.815,"High Risk
(60–100%)",1,1
3311,44.8,48,Month-to-month,0.2334,"Low Risk
(0–30%)",0,0
3312,20.3,1,Month-to-month,0.3107,"Medium Risk
(30–60%)",0,0
3313,19.2,1,Month-to-month,0.2528,"Low Risk
(0–30%)",0,0
3314,80.05,37,One year,0.1126,"Low Risk
(0–30%)",0,0
3315,107.35,66,One year,0.2283,"Low Risk
(0–30%)",0,0
3316,47.85,26,One year,0.0602,"Low Risk
(0–30%)",0,0
3317,70.8,63,One year,0.0333,"Low Risk
(0–30%)",0,0
3318,29.5,10,Month-to-month,0.2782,"Low Risk
(0–30%)",0,1
3319,70.75,2,Month-to-month,0.4068,"Medium Risk
(30–60%)",0,1
3320,59.1,18,Month-to-month,0.2093,"Low Risk
(0–30%)",0,0
3321,25.55,64,Two year,0.0166,"Low Risk
(0–30%)",0,0
3322,84.45,9,Month-to-month,0.7657,"High Risk
(60–100%)",1,1
3323,20.25,28,Month-to-month,0.0719,"Low Risk
(0–30%)",0,0
3324,75.55,1,Month-to-month,0.7497,"High Risk
(60–100%)",1,0
3325,85.65,4,Month-to-month,0.7977,"High Risk
(60–100%)",1,1
3326,70.15,38,One year,0.0899,"Low Risk
(0–30%)",0,1
3327,95.3,66,One year,0.1664,"Low Risk
(0–30%)",0,0
3328,70.25,1,Month-to-month,0.7976,"High Risk
(60–100%)",1,0
3329,50.3,18,Month-to-month,0.1726,"Low Risk
(0–30%)",0,0
3330,97.8,51,Month-to-month,0.5759,"Medium Risk
(30–60%)",1,1
3331,19.85,0,Two year,0.0152,"Low Risk
(0–30%)",0,0
3332,46.3,1,Month-to-month,0.5134,"Medium Risk
(30–60%)",1,1
3333,19.35,12,Two year,0.0212,"Low Risk
(0–30%)",0,0
3334,106.3,41,Month-to-month,0.5389,"Medium Risk
(30–60%)",1,1
3335,25.0,12,Month-to-month,0.154,"Low Risk
(0–30%)",0,0
3336,20.3,55,Two year,0.0196,"Low Risk
(0–30%)",0,0
3337,75.35,7,Month-to-month,0.7009,"High Risk
(60–100%)",1,0
3338,89.4,12,Month-to-month,0.5817,"Medium Risk
(30–60%)",1,1
3339,88.0,68,Two year,0.0212,"Low Risk
(0–30%)",0,0
3340,83.15,5,Month-to-month,0.7761,"High Risk
(60–100%)",1,1
3341,43.8,49,Month-to-month,0.1909,"Low Risk
(0–30%)",0,0
3342,62.05,40,One year,0.0918,"Low Risk
(0–30%)",0,0
3343,20.1,16,One year,0.0402,"Low Risk
(0–30%)",0,0
3344,74.15,10,Month-to-month,0.5587,"Medium Risk
(30–60%)",1,1
3345,101.35,72,One year,0.1868,"Low Risk
(0–30%)",0,0
3346,84.05,2,Month-to-month,0.8253,"High Risk
(60–100%)",1,0
3347,20.9,23,Two year,0.0182,"Low Risk
(0–30%)",0,0
3348,105.9,71,One year,0.1992,"Low Risk
(0–30%)",0,0
3349,99.5,11,Month-to-month,0.805,"High Risk
(60–100%)",1,1
3350,44.15,1,Month-to-month,0.5418,"Medium Risk
(30–60%)",1,1
3351,53.9,16,Month-to-month,0.1855,"Low Risk
(0–30%)",0,1
3352,85.45,1,Month-to-month,0.8652,"High Risk
(60–100%)",1,1
3353,85.05,12,Month-to-month,0.5344,"Medium Risk
(30–60%)",1,0
3354,44.1,54,One year,0.0684,"Low Risk
(0–30%)",0,0
3355,90.2,68,Two year,0.0358,"Low Risk
(0–30%)",0,0
3356,50.85,4,Month-to-month,0.3587,"Medium Risk
(30–60%)",0,1
3357,59.2,1,Month-to-month,0.6143,"High Risk
(60–100%)",1,1
3358,53.45,27,Month-to-month,0.0929,"Low Risk
(0–30%)",0,0
3359,19.95,21,Month-to-month,0.1001,"Low Risk
(0–30%)",0,0
3360,83.2,13,Month-to-month,0.6386,"High Risk
(60–100%)",1,1
3361,74.65,64,Month-to-month,0.1208,"Low Risk
(0–30%)",0,0
3362,54.9,1,Month-to-month,0.4908,"Medium Risk
(30–60%)",0,1
3363,57.5,57,Two year,0.0376,"Low Risk
(0–30%)",0,0
3364,103.9,21,Month-to-month,0.6692,"High Risk
(60–100%)",1,1
3365,19.65,19,Two year,0.0209,"Low Risk
(0–30%)",0,0
3366,93.8,31,One year,0.2921,"Low Risk
(0–30%)",0,0
3367,89.25,52,Two year,0.0295,"Low Risk
(0–30%)",0,0
3368,94.15,46,One year,0.2639,"Low Risk
(0–30%)",0,0
3369,55.6,11,Month-to-month,0.3641,"Medium Risk
(30–60%)",0,0
3370,48.7,53,Month-to-month,0.1556,"Low Risk
(0–30%)",0,0
3371,19.25,11,Month-to-month,0.1138,"Low Risk
(0–30%)",0,1
3372,104.9,57,Month-to-month,0.377,"Medium Risk
(30–60%)",0,0
3373,75.45,2,Month-to-month,0.7174,"High Risk
(60–100%)",1,1
3374,54.85,2,Month-to-month,0.3114,"Medium Risk
(30–60%)",0,1
3375,19.9,71,Two year,0.01,"Low Risk
(0–30%)",0,0
3376,19.4,1,Month-to-month,0.3398,"Medium Risk
(30–60%)",0,0
3377,25.05,68,Two year,0.0165,"Low Risk
(0–30%)",0,0
3378,84.45,72,Two year,0.0164,"Low Risk
(0–30%)",0,0
3379,19.3,2,Month-to-month,0.1454,"Low Risk
(0–30%)",0,0
3380,95.1,1,Month-to-month,0.9033,"High Risk
(60–100%)",1,1
3381,79.85,41,One year,0.0829,"Low Risk
(0–30%)",0,0
3382,25.55,72,Two year,0.0105,"Low Risk
(0–30%)",0,0
3383,75.5,6,Month-to-month,0.7435,"High Risk
(60–100%)",1,1
3384,73.75,4,Month-to-month,0.6325,"High Risk
(60–100%)",1,1
3385,96.05,12,Month-to-month,0.7742,"High Risk
(60–100%)",1,1
3386,68.4,58,One year,0.071,"Low Risk
(0–30%)",0,0
3387,20.65,7,Month-to-month,0.1144,"Low Risk
(0–30%)",0,0
3388,55.15,65,Month-to-month,0.1034,"Low Risk
(0–30%)",0,0
3389,70.6,1,Month-to-month,0.7493,"High Risk
(60–100%)",1,0
3390,19.95,56,One year,0.0276,"Low Risk
(0–30%)",0,0
3391,19.0,4,Month-to-month,0.1141,"Low Risk
(0–30%)",0,0
3392,44.1,58,One year,0.0625,"Low Risk
(0–30%)",0,0
3393,107.6,62,Two year,0.1852,"Low Risk
(0–30%)",0,0
3394,61.55,26,One year,0.063,"Low Risk
(0–30%)",0,0
3395,90.7,62,Month-to-month,0.1507,"Low Risk
(0–30%)",0,0
3396,99.25,58,One year,0.1015,"Low Risk
(0–30%)",0,0
3397,91.7,68,Two year,0.0387,"Low Risk
(0–30%)",0,0
3398,100.7,61,One year,0.1063,"Low Risk
(0–30%)",0,0
3399,78.45,42,Two year,0.0594,"Low Risk
(0–30%)",0,0
3400,84.3,18,Month-to-month,0.3705,"Medium Risk
(30–60%)",0,0
3401,19.55,56,Two year,0.0179,"Low Risk
(0–30%)",0,0
3402,88.95,4,Month-to-month,0.7746,"High Risk
(60–100%)",1,1
3403,20.45,4,Month-to-month,0.1387,"Low Risk
(0–30%)",0,0
3404,55.6,35,One year,0.0402,"Low Risk
(0–30%)",0,0
3405,86.8,64,Month-to-month,0.1398,"Low Risk
(0–30%)",0,0
3406,20.95,31,One year,0.0328,"Low Risk
(0–30%)",0,0
3407,20.05,67,Two year,0.0166,"Low Risk
(0–30%)",0,0
3408,50.7,4,Month-to-month,0.3408,"Medium Risk
(30–60%)",0,1
3409,113.65,70,Two year,0.1005,"Low Risk
(0–30%)",0,0
3410,53.4,3,Month-to-month,0.3331,"Medium Risk
(30–60%)",0,1
3411,101.9,53,Month-to-month,0.5081,"Medium Risk
(30–60%)",1,1
3412,59.5,2,Two year,0.027,"Low Risk
(0–30%)",0,0
3413,87.8,29,Month-to-month,0.3868,"Medium Risk
(30–60%)",0,0
3414,41.9,47,Two year,0.0262,"Low Risk
(0–30%)",0,0
3415,83.0,68,One year,0.152,"Low Risk
(0–30%)",0,1
3416,69.85,12,Month-to-month,0.2057,"Low Risk
(0–30%)",0,0
3417,56.3,8,Month-to-month,0.1703,"Low Risk
(0–30%)",0,0
3418,109.55,54,Month-to-month,0.3449,"Medium Risk
(30–60%)",0,0
3419,92.15,69,Two year,0.0413,"Low Risk
(0–30%)",0,0
3420,69.5,26,Month-to-month,0.1725,"Low Risk
(0–30%)",0,0
3421,97.0,72,Two year,0.0217,"Low Risk
(0–30%)",0,0
3422,58.35,70,Two year,0.0289,"Low Risk
(0–30%)",0,0
3423,50.6,1,Month-to-month,0.3922,"Medium Risk
(30–60%)",0,1
3424,89.5,10,Month-to-month,0.689,"High Risk
(60–100%)",1,1
3425,70.4,28,One year,0.0937,"Low Risk
(0–30%)",0,0
3426,69.8,1,Month-to-month,0.8035,"High Risk
(60–100%)",1,1
3427,94.3,21,Month-to-month,0.6407,"High Risk
(60–100%)",1,0
3428,93.8,51,Month-to-month,0.3466,"Medium Risk
(30–60%)",0,1
3429,19.55,53,One year,0.0313,"Low Risk
(0–30%)",0,0
3430,95.95,53,One year,0.1005,"Low Risk
(0–30%)",0,0
3431,101.05,24,Month-to-month,0.687,"High Risk
(60–100%)",1,1
3432,94.8,70,Two year,0.0375,"Low Risk
(0–30%)",0,0
3433,107.75,61,One year,0.218,"Low Risk
(0–30%)",0,0
3434,54.6,11,One year,0.0608,"Low Risk
(0–30%)",0,0
3435,71.3,2,Month-to-month,0.5899,"Medium Risk
(30–60%)",1,0
3436,19.5,25,One year,0.0371,"Low Risk
(0–30%)",0,0
3437,56.3,41,One year,0.1122,"Low Risk
(0–30%)",0,0
3438,94.7,18,Month-to-month,0.6458,"High Risk
(60–100%)",1,1
3439,104.15,72,Two year,0.1363,"Low Risk
(0–30%)",0,1
3440,90.55,71,Two year,0.017,"Low Risk
(0–30%)",0,0
3441,60.8,34,One year,0.0487,"Low Risk
(0–30%)",0,0
3442,98.8,29,Month-to-month,0.426,"Medium Risk
(30–60%)",0,0
3443,98.15,40,One year,0.1179,"Low Risk
(0–30%)",0,0
3444,35.35,36,One year,0.0503,"Low Risk
(0–30%)",0,0
3445,103.15,46,One year,0.3231,"Medium Risk
(30–60%)",0,0
3446,107.75,58,One year,0.2398,"Low Risk
(0–30%)",0,0
3447,81.4,39,One year,0.094,"Low Risk
(0–30%)",0,0
3448,61.45,4,Month-to-month,0.2563,"Low Risk
(0–30%)",0,1
3449,95.7,52,One year,0.1435,"Low Risk
(0–30%)",0,0
3450,104.8,70,One year,0.3115,"Medium Risk
(30–60%)",0,0
3451,70.95,65,One year,0.0632,"Low Risk
(0–30%)",0,0
3452,44.95,1,Month-to-month,0.5498,"Medium Risk
(30–60%)",1,0
3453,97.65,70,One year,0.2699,"Low Risk
(0–30%)",0,0
3454,35.65,29,Month-to-month,0.2241,"Low Risk
(0–30%)",0,0
3455,90.55,1,Month-to-month,0.8571,"High Risk
(60–100%)",1,1
3456,85.25,67,Two year,0.0328,"Low Risk
(0–30%)",0,0
3457,19.5,1,Month-to-month,0.3751,"Medium Risk
(30–60%)",0,0
3458,88.8,26,Month-to-month,0.4207,"Medium Risk
(30–60%)",0,1
3459,25.1,30,Two year,0.0199,"Low Risk
(0–30%)",0,0
3460,100.05,48,Month-to-month,0.3691,"Medium Risk
(30–60%)",0,0
3461,55.7,55,Month-to-month,0.1088,"Low Risk
(0–30%)",0,0
3462,85.2,7,Month-to-month,0.7133,"High Risk
(60–100%)",1,1
3463,91.15,37,Month-to-month,0.3859,"Medium Risk
(30–60%)",0,0
3464,83.85,31,Month-to-month,0.3632,"Medium Risk
(30–60%)",0,0
3465,45.9,4,Month-to-month,0.4529,"Medium Risk
(30–60%)",0,0
3466,25.1,72,Two year,0.0113,"Low Risk
(0–30%)",0,0
3467,91.4,5,Month-to-month,0.7372,"High Risk
(60–100%)",1,1
3468,19.7,1,Month-to-month,0.3078,"Medium Risk
(30–60%)",0,0
3469,91.5,15,Month-to-month,0.5843,"Medium Risk
(30–60%)",1,0
3470,51.3,8,Month-to-month,0.1933,"Low Risk
(0–30%)",0,0
3471,21.1,35,One year,0.0318,"Low Risk
(0–30%)",0,0
3472,104.75,56,Month-to-month,0.404,"Medium Risk
(30–60%)",0,0
3473,106.15,42,Month-to-month,0.4217,"Medium Risk
(30–60%)",0,1
3474,85.75,65,Month-to-month,0.2007,"Low Risk
(0–30%)",0,0
3475,20.3,2,One year,0.0532,"Low Risk
(0–30%)",0,0
3476,100.75,65,One year,0.2198,"Low Risk
(0–30%)",0,0
3477,74.15,18,Month-to-month,0.5568,"Medium Risk
(30–60%)",1,0
3478,78.55,23,One year,0.1564,"Low Risk
(0–30%)",0,0
3479,45.3,4,Month-to-month,0.385,"Medium Risk
(30–60%)",0,1
3480,19.85,70,Two year,0.0148,"Low Risk
(0–30%)",0,0
3481,50.7,4,Month-to-month,0.4536,"Medium Risk
(30–60%)",0,0
3482,45.0,19,Month-to-month,0.2151,"Low Risk
(0–30%)",0,0
3483,77.8,18,Month-to-month,0.3427,"Medium Risk
(30–60%)",0,0
3484,83.45,38,Month-to-month,0.3084,"Medium Risk
(30–60%)",0,0
3485,73.25,2,Month-to-month,0.7016,"High Risk
(60–100%)",1,1
3486,94.8,47,One year,0.0965,"Low Risk
(0–30%)",0,0
3487,20.1,52,Two year,0.0184,"Low Risk
(0–30%)",0,0
3488,59.9,9,Month-to-month,0.291,"Low Risk
(0–30%)",0,0
3489,90.1,26,One year,0.0899,"Low Risk
(0–30%)",0,0
3490,51.05,8,Month-to-month,0.378,"Medium Risk
(30–60%)",0,1
3491,70.95,44,One year,0.1072,"Low Risk
(0–30%)",0,0
3492,29.2,3,Month-to-month,0.3397,"Medium Risk
(30–60%)",0,0
3493,46.6,2,Month-to-month,0.5192,"Medium Risk
(30–60%)",1,0
3494,85.35,9,Month-to-month,0.6558,"High Risk
(60–100%)",1,1
3495,75.35,1,Month-to-month,0.8505,"High Risk
(60–100%)",1,1
3496,74.3,25,Month-to-month,0.2382,"Low Risk
(0–30%)",0,0
3497,69.3,2,Month-to-month,0.6571,"High Risk
(60–100%)",1,0
3498,75.2,43,Month-to-month,0.2885,"Low Risk
(0–30%)",0,1
3499,20.9,1,Month-to-month,0.322,"Medium Risk
(30–60%)",0,1
3500,94.3,58,One year,0.2208,"Low Risk
(0–30%)",0,0
3501,76.45,59,Two year,0.0231,"Low Risk
(0–30%)",0,0
3502,54.0,44,One year,0.146,"Low Risk
(0–30%)",0,0
3503,104.25,66,One year,0.2878,"Low Risk
(0–30%)",0,0
3504,19.95,68,Two year,0.0136,"Low Risk
(0–30%)",0,0
3505,24.95,9,Month-to-month,0.5064,"Medium Risk
(30–60%)",1,0
3506,84.75,19,Month-to-month,0.4811,"Medium Risk
(30–60%)",0,0
3507,19.75,4,Month-to-month,0.1325,"Low Risk
(0–30%)",0,0
3508,113.65,70,Two year,0.0775,"Low Risk
(0–30%)",0,0
3509,44.9,1,Month-to-month,0.5498,"Medium Risk
(30–60%)",1,0
3510,75.25,8,Month-to-month,0.7009,"High Risk
(60–100%)",1,0
3511,24.6,53,Two year,0.0214,"Low Risk
(0–30%)",0,0
3512,25.0,51,One year,0.0398,"Low Risk
(0–30%)",0,0
3513,20.95,11,Month-to-month,0.0941,"Low Risk
(0–30%)",0,0
3514,110.6,60,Two year,0.1222,"Low Risk
(0–30%)",0,0
3515,55.5,17,Month-to-month,0.1636,"Low Risk
(0–30%)",0,0
3516,43.3,3,Month-to-month,0.5056,"Medium Risk
(30–60%)",1,1
3517,109.5,70,One year,0.2013,"Low Risk
(0–30%)",0,1
3518,19.45,1,Month-to-month,0.2847,"Low Risk
(0–30%)",0,0
3519,84.85,43,Month-to-month,0.5172,"Medium Risk
(30–60%)",1,0
3520,19.6,16,Month-to-month,0.104,"Low Risk
(0–30%)",0,0
3521,53.45,57,One year,0.0407,"Low Risk
(0–30%)",0,0
3522,19.8,37,One year,0.0291,"Low Risk
(0–30%)",0,0
3523,112.1,72,Two year,0.0335,"Low Risk
(0–30%)",0,0
3524,84.8,11,Month-to-month,0.6374,"High Risk
(60–100%)",1,1
3525,95.05,50,Month-to-month,0.4633,"Medium Risk
(30–60%)",0,1
3526,50.35,5,Month-to-month,0.4125,"Medium Risk
(30–60%)",0,1
3527,74.6,1,Month-to-month,0.7951,"High Risk
(60–100%)",1,1
3528,19.7,16,Month-to-month,0.114,"Low Risk
(0–30%)",0,1
3529,74.2,2,Month-to-month,0.6757,"High Risk
(60–100%)",1,0
3530,69.0,17,Month-to-month,0.2233,"Low Risk
(0–30%)",0,0
3531,19.35,16,One year,0.0402,"Low Risk
(0–30%)",0,0
3532,59.45,15,Month-to-month,0.3548,"Medium Risk
(30–60%)",0,1
3533,19.8,10,One year,0.0497,"Low Risk
(0–30%)",0,0
3534,105.2,46,One year,0.1771,"Low Risk
(0–30%)",0,1
3535,109.2,64,Two year,0.0904,"Low Risk
(0–30%)",0,0
3536,79.15,1,Month-to-month,0.8456,"High Risk
(60–100%)",1,0
3537,53.65,25,One year,0.0622,"Low Risk
(0–30%)",0,0
3538,100.2,71,Two year,0.023,"Low Risk
(0–30%)",0,0
3539,45.15,8,Month-to-month,0.2864,"Low Risk
(0–30%)",0,1
3540,108.65,72,Two year,0.0388,"Low Risk
(0–30%)",0,0
3541,40.65,49,Month-to-month,0.151,"Low Risk
(0–30%)",0,0
3542,55.35,29,One year,0.0614,"Low Risk
(0–30%)",0,0
3543,105.6,72,Two year,0.041,"Low Risk
(0–30%)",0,0
3544,93.8,31,Month-to-month,0.3901,"Medium Risk
(30–60%)",0,1
3545,95.7,50,Month-to-month,0.5101,"Medium Risk
(30–60%)",1,0
3546,83.2,71,Two year,0.0349,"Low Risk
(0–30%)",0,0
3547,90.05,70,Two year,0.03,"Low Risk
(0–30%)",0,0
3548,97.65,71,One year,0.0796,"Low Risk
(0–30%)",0,0
3549,68.05,61,Two year,0.0161,"Low Risk
(0–30%)",0,0
3550,96.2,32,Month-to-month,0.4118,"Medium Risk
(30–60%)",0,1
3551,79.6,1,Month-to-month,0.8427,"High Risk
(60–100%)",1,1
3552,102.1,68,Two year,0.069,"Low Risk
(0–30%)",0,0
3553,23.4,62,Two year,0.0152,"Low Risk
(0–30%)",0,0
3554,71.05,7,Month-to-month,0.6022,"High Risk
(60–100%)",1,0
3555,85.25,20,Month-to-month,0.6093,"High Risk
(60–100%)",1,1
3556,19.45,6,One year,0.0394,"Low Risk
(0–30%)",0,0
3557,59.45,33,Month-to-month,0.1943,"Low Risk
(0–30%)",0,0
3558,92.2,28,One year,0.1727,"Low Risk
(0–30%)",0,0
3559,19.85,27,Two year,0.0186,"Low Risk
(0–30%)",0,0
3560,43.9,7,Month-to-month,0.2608,"Low Risk
(0–30%)",0,0
3561,80.5,26,Month-to-month,0.4258,"Medium Risk
(30–60%)",0,1
3562,89.8,5,Month-to-month,0.7839,"High Risk
(60–100%)",1,1
3563,90.5,30,Month-to-month,0.3382,"Medium Risk
(30–60%)",0,0
3564,90.45,63,One year,0.1101,"Low Risk
(0–30%)",0,0
3565,50.75,1,Month-to-month,0.6291,"High Risk
(60–100%)",1,1
3566,84.6,53,One year,0.1344,"Low Risk
(0–30%)",0,0
3567,89.65,14,Month-to-month,0.432,"Medium Risk
(30–60%)",0,1
3568,99.15,21,Month-to-month,0.4578,"Medium Risk
(30–60%)",0,0
3569,19.95,17,One year,0.0383,"Low Risk
(0–30%)",0,0
3570,20.5,16,Two year,0.02,"Low Risk
(0–30%)",0,0
3571,62.1,35,Month-to-month,0.2591,"Low Risk
(0–30%)",0,0
3572,79.5,32,Month-to-month,0.425,"Medium Risk
(30–60%)",0,0
3573,19.55,28,Month-to-month,0.0827,"Low Risk
(0–30%)",0,0
3574,20.35,1,Month-to-month,0.3653,"Medium Risk
(30–60%)",0,0
3575,51.7,59,Month-to-month,0.2035,"Low Risk
(0–30%)",0,0
3576,23.3,72,One year,0.0199,"Low Risk
(0–30%)",0,0
3577,65.4,36,One year,0.1132,"Low Risk
(0–30%)",0,1
3578,65.1,40,Month-to-month,0.1321,"Low Risk
(0–30%)",0,0
3579,81.2,40,Month-to-month,0.4336,"Medium Risk
(30–60%)",0,0
3580,72.9,9,Month-to-month,0.2299,"Low Risk
(0–30%)",0,1
3581,74.5,63,Two year,0.0168,"Low Risk
(0–30%)",0,0
3582,80.5,3,Month-to-month,0.7119,"High Risk
(60–100%)",1,0
3583,60.3,40,One year,0.1003,"Low Risk
(0–30%)",0,0
3584,75.0,8,Month-to-month,0.395,"Medium Risk
(30–60%)",0,0
3585,90.15,34,One year,0.0684,"Low Risk
(0–30%)",0,0
3586,40.0,5,Month-to-month,0.1801,"Low Risk
(0–30%)",0,1
3587,99.45,9,Month-to-month,0.7702,"High Risk
(60–100%)",1,1
3588,69.05,9,Month-to-month,0.3532,"Medium Risk
(30–60%)",0,0
3589,59.7,31,Month-to-month,0.1702,"Low Risk
(0–30%)",0,0
3590,19.85,50,One year,0.0366,"Low Risk
(0–30%)",0,0
3591,86.25,2,Month-to-month,0.4206,"Medium Risk
(30–60%)",0,1
3592,45.65,1,Month-to-month,0.6418,"High Risk
(60–100%)",1,1
3593,70.1,8,Month-to-month,0.49,"Medium Risk
(30–60%)",0,1
3594,40.75,9,Month-to-month,0.3486,"Medium Risk
(30–60%)",0,0
3595,70.2,2,Month-to-month,0.6483,"High Risk
(60–100%)",1,1
3596,55.35,3,Month-to-month,0.2345,"Low Risk
(0–30%)",0,1
3597,95.7,25,Month-to-month,0.3751,"Medium Risk
(30–60%)",0,0
3598,46.3,1,Month-to-month,0.6431,"High Risk
(60–100%)",1,0
3599,81.3,45,Month-to-month,0.105,"Low Risk
(0–30%)",0,0
3600,84.2,51,Month-to-month,0.4462,"Medium Risk
(30–60%)",0,1
3601,20.0,55,Month-to-month,0.064,"Low Risk
(0–30%)",0,0
3602,66.15,38,Month-to-month,0.1705,"Low Risk
(0–30%)",0,0
3603,45.85,2,Month-to-month,0.4808,"Medium Risk
(30–60%)",0,1
3604,19.6,38,Month-to-month,0.0842,"Low Risk
(0–30%)",0,0
3605,49.8,34,Month-to-month,0.2343,"Low Risk
(0–30%)",0,0
3606,101.75,70,One year,0.2937,"Low Risk
(0–30%)",0,0
3607,55.15,13,One year,0.0494,"Low Risk
(0–30%)",0,0
3608,75.25,39,Month-to-month,0.3757,"Medium Risk
(30–60%)",0,1
3609,103.95,61,One year,0.2829,"Low Risk
(0–30%)",0,0
3610,100.15,12,Month-to-month,0.7228,"High Risk
(60–100%)",1,1
3611,99.65,41,Two year,0.0854,"Low Risk
(0–30%)",0,0
3612,73.7,21,Month-to-month,0.545,"Medium Risk
(30–60%)",1,0
3613,50.05,55,One year,0.1378,"Low Risk
(0–30%)",0,0
3614,60.25,69,Two year,0.0263,"Low Risk
(0–30%)",0,0
3615,105.75,26,Month-to-month,0.4816,"Medium Risk
(30–60%)",0,1
3616,87.3,69,One year,0.0622,"Low Risk
(0–30%)",0,0
3617,48.35,18,Month-to-month,0.4905,"Medium Risk
(30–60%)",0,1
3618,54.25,47,Month-to-month,0.2165,"Low Risk
(0–30%)",0,0
3619,85.3,72,Two year,0.0136,"Low Risk
(0–30%)",0,0
3620,50.0,33,Month-to-month,0.2396,"Low Risk
(0–30%)",0,0
3621,24.4,2,Month-to-month,0.5598,"Medium Risk
(30–60%)",1,1
3622,90.95,72,Two year,0.0149,"Low Risk
(0–30%)",0,0
3623,72.25,37,Month-to-month,0.319,"Medium Risk
(30–60%)",0,0
3624,96.1,62,Month-to-month,0.2566,"Low Risk
(0–30%)",0,0
3625,19.85,71,Two year,0.0115,"Low Risk
(0–30%)",0,0
3626,55.3,23,Month-to-month,0.138,"Low Risk
(0–30%)",0,0
3627,20.1,16,One year,0.0402,"Low Risk
(0–30%)",0,0
3628,69.5,9,Month-to-month,0.158,"Low Risk
(0–30%)",0,0
3629,25.15,17,Two year,0.0245,"Low Risk
(0–30%)",0,0
3630,20.95,4,Month-to-month,0.1414,"Low Risk
(0–30%)",0,1
3631,49.55,1,Month-to-month,0.5861,"Medium Risk
(30–60%)",1,1
3632,79.65,24,Month-to-month,0.3865,"Medium Risk
(30–60%)",0,0
3633,71.25,1,Month-to-month,0.8053,"High Risk
(60–100%)",1,0
3634,113.8,72,Two year,0.0528,"Low Risk
(0–30%)",0,0
3635,24.55,72,Two year,0.0177,"Low Risk
(0–30%)",0,0
3636,19.7,11,Month-to-month,0.1017,"Low Risk
(0–30%)",0,0
3637,20.25,9,Month-to-month,0.1064,"Low Risk
(0–30%)",0,1
3638,50.15,2,Month-to-month,0.4099,"Medium Risk
(30–60%)",0,1
3639,100.5,60,One year,0.2166,"Low Risk
(0–30%)",0,0
3640,95.9,29,Month-to-month,0.5454,"Medium Risk
(30–60%)",1,1
3641,74.45,49,Two year,0.0492,"Low Risk
(0–30%)",0,0
3642,104.1,30,Month-to-month,0.5641,"Medium Risk
(30–60%)",1,0
3643,19.05,53,One year,0.0312,"Low Risk
(0–30%)",0,0
3644,25.0,39,Two year,0.0181,"Low Risk
(0–30%)",0,0
3645,19.05,9,Month-to-month,0.0957,"Low Risk
(0–30%)",0,0
3646,81.9,39,One year,0.106,"Low Risk
(0–30%)",0,0
3647,69.7,8,Month-to-month,0.6002,"High Risk
(60–100%)",1,0
3648,90.15,51,One year,0.1959,"Low Risk
(0–30%)",0,0
3649,25.35,71,Two year,0.0105,"Low Risk
(0–30%)",0,0
3650,24.65,71,Two year,0.0148,"Low Risk
(0–30%)",0,0
3651,19.55,70,Two year,0.0182,"Low Risk
(0–30%)",0,0
3652,25.25,1,Month-to-month,0.6632,"High Risk
(60–100%)",1,1
3653,60.0,38,Two year,0.0312,"Low Risk
(0–30%)",0,0
3654,89.9,28,Month-to-month,0.3073,"Medium Risk
(30–60%)",0,0
3655,19.4,32,Month-to-month,0.0791,"Low Risk
(0–30%)",0,0
3656,49.8,49,Two year,0.063,"Low Risk
(0–30%)",0,0
3657,24.1,37,Two year,0.0197,"Low Risk
(0–30%)",0,0
3658,54.25,10,Month-to-month,0.2441,"Low Risk
(0–30%)",0,0
3659,109.9,67,One year,0.1959,"Low Risk
(0–30%)",0,0
3660,35.5,7,One year,0.1185,"Low Risk
(0–30%)",0,0
3661,87.55,51,One year,0.1336,"Low Risk
(0–30%)",0,0
3662,45.15,9,Month-to-month,0.3002,"Medium Risk
(30–60%)",0,1
3663,88.4,9,Month-to-month,0.6249,"High Risk
(60–100%)",1,0
3664,50.8,4,Month-to-month,0.3042,"Medium Risk
(30–60%)",0,0
3665,99.0,71,Two year,0.0655,"Low Risk
(0–30%)",0,0
3666,84.4,50,Month-to-month,0.3728,"Medium Risk
(30–60%)",0,1
3667,96.55,24,Two year,0.1867,"Low Risk
(0–30%)",0,0
3668,59.75,22,One year,0.0653,"Low Risk
(0–30%)",0,0
3669,111.5,44,Month-to-month,0.4192,"Medium Risk
(30–60%)",0,0
3670,24.25,33,Month-to-month,0.0757,"Low Risk
(0–30%)",0,0
3671,75.1,1,Month-to-month,0.8462,"High Risk
(60–100%)",1,1
3672,70.15,54,One year,0.161,"Low Risk
(0–30%)",0,1
3673,101.75,42,Month-to-month,0.5336,"Medium Risk
(30–60%)",1,1
3674,45.8,1,Month-to-month,0.5848,"Medium Risk
(30–60%)",1,1
3675,20.5,1,Month-to-month,0.322,"Medium Risk
(30–60%)",0,0
3676,70.4,30,One year,0.0502,"Low Risk
(0–30%)",0,0
3677,30.55,1,Month-to-month,0.3972,"Medium Risk
(30–60%)",0,0
3678,84.9,16,Month-to-month,0.1601,"Low Risk
(0–30%)",0,0
3679,20.1,1,Month-to-month,0.3888,"Medium Risk
(30–60%)",0,1
3680,40.65,9,Month-to-month,0.2063,"Low Risk
(0–30%)",0,1
3681,101.0,46,Month-to-month,0.5741,"Medium Risk
(30–60%)",1,1
3682,69.1,1,Month-to-month,0.8035,"High Risk
(60–100%)",1,1
3683,54.5,71,Two year,0.0169,"Low Risk
(0–30%)",0,0
3684,75.35,43,Month-to-month,0.3209,"Medium Risk
(30–60%)",0,0
3685,44.45,50,One year,0.0563,"Low Risk
(0–30%)",0,0
3686,75.0,13,Month-to-month,0.4783,"Medium Risk
(30–60%)",0,1
3687,100.0,19,One year,0.1941,"Low Risk
(0–30%)",0,1
3688,98.05,41,Month-to-month,0.3894,"Medium Risk
(30–60%)",0,0
3689,71.15,1,Month-to-month,0.8053,"High Risk
(60–100%)",1,1
3690,54.15,24,Month-to-month,0.2597,"Low Risk
(0–30%)",0,1
3691,63.9,40,One year,0.0877,"Low Risk
(0–30%)",0,0
3692,69.15,3,Month-to-month,0.4645,"Medium Risk
(30–60%)",0,0
3693,64.65,37,One year,0.0606,"Low Risk
(0–30%)",0,0
3694,108.75,67,Two year,0.1003,"Low Risk
(0–30%)",0,1
3695,98.85,32,Month-to-month,0.5361,"Medium Risk
(30–60%)",1,0
3696,49.15,6,Month-to-month,0.3526,"Medium Risk
(30–60%)",0,1
3697,89.6,32,Month-to-month,0.317,"Medium Risk
(30–60%)",0,0
3698,83.25,59,Month-to-month,0.3516,"Medium Risk
(30–60%)",0,0
3699,70.25,30,One year,0.0921,"Low Risk
(0–30%)",0,0
3700,19.4,20,Month-to-month,0.1331,"Low Risk
(0–30%)",0,1
3701,24.5,27,Two year,0.0239,"Low Risk
(0–30%)",0,0
3702,79.15,20,Month-to-month,0.49,"Medium Risk
(30–60%)",0,1
3703,20.1,9,One year,0.0374,"Low Risk
(0–30%)",0,0
3704,73.0,68,One year,0.0475,"Low Risk
(0–30%)",0,0
3705,61.4,69,Two year,0.0196,"Low Risk
(0–30%)",0,0
3706,84.3,26,Month-to-month,0.3436,"Medium Risk
(30–60%)",0,0
3707,19.9,69,Two year,0.013,"Low Risk
(0–30%)",0,0
3708,20.4,11,Two year,0.0251,"Low Risk
(0–30%)",0,0
3709,50.75,1,Month-to-month,0.5621,"Medium Risk
(30–60%)",1,0
3710,20.45,10,One year,0.0354,"Low Risk
(0–30%)",0,0
3711,75.75,55,One year,0.0496,"Low Risk
(0–30%)",0,0
3712,65.4,44,One year,0.0585,"Low Risk
(0–30%)",0,0
3713,80.4,46,Month-to-month,0.38,"Medium Risk
(30–60%)",0,1
3714,59.75,69,Two year,0.0233,"Low Risk
(0–30%)",0,0
3715,78.5,11,Month-to-month,0.5846,"Medium Risk
(30–60%)",1,0
3716,102.0,11,Month-to-month,0.764,"High Risk
(60–100%)",1,1
3717,48.95,29,Month-to-month,0.147,"Low Risk
(0–30%)",0,0
3718,99.65,57,Month-to-month,0.4655,"Medium Risk
(30–60%)",0,0
3719,18.25,28,One year,0.028,"Low Risk
(0–30%)",0,0
3720,54.55,42,Month-to-month,0.1338,"Low Risk
(0–30%)",0,0
3721,20.65,2,Month-to-month,0.1962,"Low Risk
(0–30%)",0,1
3722,40.65,23,One year,0.039,"Low Risk
(0–30%)",0,0
3723,20.45,18,Month-to-month,0.0916,"Low Risk
(0–30%)",0,0
3724,24.8,62,One year,0.022,"Low Risk
(0–30%)",0,0
3725,70.8,1,Month-to-month,0.7493,"High Risk
(60–100%)",1,1
3726,89.05,16,Month-to-month,0.4304,"Medium Risk
(30–60%)",0,1
3727,96.6,3,Month-to-month,0.8444,"High Risk
(60–100%)",1,1
3728,88.8,67,One year,0.0654,"Low Risk
(0–30%)",0,0
3729,20.05,62,Two year,0.0166,"Low Risk
(0–30%)",0,0
3730,104.5,57,Month-to-month,0.398,"Medium Risk
(30–60%)",0,1
3731,69.8,2,Month-to-month,0.6544,"High Risk
(60–100%)",1,0
3732,77.15,23,Two year,0.0321,"Low Risk
(0–30%)",0,0
3733,35.05,25,Two year,0.0264,"Low Risk
(0–30%)",0,0
3734,108.1,72,Two year,0.0604,"Low Risk
(0–30%)",0,0
3735,84.05,2,Month-to-month,0.8242,"High Risk
(60–100%)",1,0
3736,20.2,8,One year,0.0508,"Low Risk
(0–30%)",0,0
3737,50.6,5,Month-to-month,0.4636,"Medium Risk
(30–60%)",0,1
3738,49.2,35,Month-to-month,0.2573,"Low Risk
(0–30%)",0,0
3739,24.6,24,One year,0.05,"Low Risk
(0–30%)",0,0
3740,71.65,2,Month-to-month,0.6535,"High Risk
(60–100%)",1,0
3741,104.9,72,Two year,0.0513,"Low Risk
(0–30%)",0,0
3742,106.5,41,Month-to-month,0.3802,"Medium Risk
(30–60%)",0,0
3743,49.35,4,Month-to-month,0.2339,"Low Risk
(0–30%)",0,1
3744,75.5,26,One year,0.0766,"Low Risk
(0–30%)",0,0
3745,94.25,7,Month-to-month,0.6849,"High Risk
(60–100%)",1,1
3746,68.95,1,Month-to-month,0.7891,"High Risk
(60–100%)",1,1
3747,58.5,4,Month-to-month,0.3384,"Medium Risk
(30–60%)",0,0
3748,78.9,48,Two year,0.0433,"Low Risk
(0–30%)",0,0
3749,93.85,2,Month-to-month,0.8514,"High Risk
(60–100%)",1,1
3750,79.2,12,One year,0.1294,"Low Risk
(0–30%)",0,0
3751,109.45,60,Month-to-month,0.3171,"Medium Risk
(30–60%)",0,0
3752,59.2,55,Two year,0.0459,"Low Risk
(0–30%)",0,0
3753,29.15,1,Month-to-month,0.38,"Medium Risk
(30–60%)",0,0
3754,20.05,1,Month-to-month,0.3366,"Medium Risk
(30–60%)",0,0
3755,76.05,4,Month-to-month,0.7624,"High Risk
(60–100%)",1,1
3756,24.45,1,Month-to-month,0.6026,"High Risk
(60–100%)",1,1
3757,66.5,42,Two year,0.0456,"Low Risk
(0–30%)",0,0
3758,49.55,1,Month-to-month,0.3837,"Medium Risk
(30–60%)",0,0
3759,89.35,7,Month-to-month,0.7181,"High Risk
(60–100%)",1,1
3760,73.6,3,Month-to-month,0.582,"Medium Risk
(30–60%)",1,0
3761,82.65,72,Two year,0.0293,"Low Risk
(0–30%)",0,0
3762,49.0,15,Month-to-month,0.4447,"Medium Risk
(30–60%)",0,0
3763,80.35,4,Month-to-month,0.709,"High Risk
(60–100%)",1,1
3764,25.2,11,One year,0.0606,"Low Risk
(0–30%)",0,0
3765,25.45,5,Month-to-month,0.149,"Low Risk
(0–30%)",0,0
3766,55.8,1,Month-to-month,0.602,"High Risk
(60–100%)",1,1
3767,110.9,72,Two year,0.0915,"Low Risk
(0–30%)",0,0
3768,77.75,55,Month-to-month,0.2393,"Low Risk
(0–30%)",0,0
3769,26.2,40,Month-to-month,0.1147,"Low Risk
(0–30%)",0,0
3770,19.9,57,Two year,0.0164,"Low Risk
(0–30%)",0,0
3771,79.05,1,Month-to-month,0.8514,"High Risk
(60–100%)",1,1
3772,95.0,1,Month-to-month,0.8096,"High Risk
(60–100%)",1,1
3773,25.2,1,Month-to-month,0.5133,"Medium Risk
(30–60%)",1,1
3774,80.85,52,One year,0.1977,"Low Risk
(0–30%)",0,0
3775,98.4,41,Month-to-month,0.6045,"High Risk
(60–100%)",1,1
3776,56.35,43,One year,0.1025,"Low Risk
(0–30%)",0,0
3777,19.3,47,Two year,0.0167,"Low Risk
(0–30%)",0,0
3778,50.4,3,Month-to-month,0.4233,"Medium Risk
(30–60%)",0,0
3779,79.4,66,Two year,0.0244,"Low Risk
(0–30%)",0,1
3780,55.25,55,Two year,0.0328,"Low Risk
(0–30%)",0,0
3781,19.1,29,One year,0.028,"Low Risk
(0–30%)",0,0
3782,84.05,12,Month-to-month,0.6926,"High Risk
(60–100%)",1,0
3783,105.2,66,Month-to-month,0.4591,"Medium Risk
(30–60%)",0,0
3784,101.4,35,Month-to-month,0.5863,"Medium Risk
(30–60%)",1,1
3785,89.8,10,Month-to-month,0.7576,"High Risk
(60–100%)",1,1
3786,75.75,27,Month-to-month,0.3421,"Medium Risk
(30–60%)",0,0
3787,95.3,58,Month-to-month,0.3507,"Medium Risk
(30–60%)",0,0
3788,109.75,54,Two year,0.1085,"Low Risk
(0–30%)",0,1
3789,19.85,9,Month-to-month,0.1064,"Low Risk
(0–30%)",0,0
3790,19.3,2,One year,0.0494,"Low Risk
(0–30%)",0,1
3791,69.1,6,Month-to-month,0.608,"High Risk
(60–100%)",1,0
3792,91.25,26,Month-to-month,0.5121,"Medium Risk
(30–60%)",1,1
3793,20.25,9,Month-to-month,0.1115,"Low Risk
(0–30%)",0,0
3794,54.75,8,Month-to-month,0.2735,"Low Risk
(0–30%)",0,0
3795,81.45,12,Month-to-month,0.6243,"High Risk
(60–100%)",1,0
3796,49.1,15,Month-to-month,0.4447,"Medium Risk
(30–60%)",0,1
3797,80.2,43,One year,0.1461,"Low Risk
(0–30%)",0,0
3798,100.3,42,Month-to-month,0.5098,"Medium Risk
(30–60%)",1,0
3799,65.25,31,Month-to-month,0.1011,"Low Risk
(0–30%)",0,1
3800,90.95,66,Two year,0.0253,"Low Risk
(0–30%)",0,0
3801,85.45,18,Month-to-month,0.5258,"Medium Risk
(30–60%)",1,1
3802,20.0,1,Month-to-month,0.3303,"Medium Risk
(30–60%)",0,0
3803,94.1,61,Two year,0.109,"Low Risk
(0–30%)",0,1
3804,79.85,10,Month-to-month,0.5856,"Medium Risk
(30–60%)",1,0
3805,71.65,1,Month-to-month,0.8053,"High Risk
(60–100%)",1,1
3806,73.55,18,Month-to-month,0.4539,"Medium Risk
(30–60%)",0,0
3807,104.65,24,Month-to-month,0.6549,"High Risk
(60–100%)",1,1
3808,19.3,3,Month-to-month,0.1391,"Low Risk
(0–30%)",0,0
3809,20.15,50,One year,0.0328,"Low Risk
(0–30%)",0,0
3810,44.55,1,Month-to-month,0.518,"Medium Risk
(30–60%)",1,0
3811,54.45,2,Month-to-month,0.2965,"Low Risk
(0–30%)",0,0
3812,19.65,17,One year,0.0421,"Low Risk
(0–30%)",0,0
3813,105.0,69,Two year,0.1722,"Low Risk
(0–30%)",0,0
3814,88.7,72,Two year,0.0183,"Low Risk
(0–30%)",0,0
3815,74.25,3,Month-to-month,0.7589,"High Risk
(60–100%)",1,1
3816,75.15,50,Two year,0.0433,"Low Risk
(0–30%)",0,0
3817,20.25,53,Two year,0.0208,"Low Risk
(0–30%)",0,0
3818,109.1,58,Two year,0.1128,"Low Risk
(0–30%)",0,0
3819,30.75,46,One year,0.0609,"Low Risk
(0–30%)",0,0
3820,112.9,72,Month-to-month,0.2272,"Low Risk
(0–30%)",0,0
3821,74.2,1,Month-to-month,0.8552,"High Risk
(60–100%)",1,1
3822,94.05,6,Month-to-month,0.7424,"High Risk
(60–100%)",1,0
3823,78.85,72,Two year,0.017,"Low Risk
(0–30%)",0,0
3824,55.3,4,Month-to-month,0.3895,"Medium Risk
(30–60%)",0,0
3825,19.35,52,Two year,0.0183,"Low Risk
(0–30%)",0,0
3826,25.35,0,Two year,0.0157,"Low Risk
(0–30%)",0,0
3827,20.45,2,One year,0.0543,"Low Risk
(0–30%)",0,0
3828,19.35,65,Two year,0.0146,"Low Risk
(0–30%)",0,0
3829,101.0,43,Month-to-month,0.544,"Medium Risk
(30–60%)",1,1
3830,100.2,4,Month-to-month,0.8343,"High Risk
(60–100%)",1,1
3831,89.05,25,One year,0.1776,"Low Risk
(0–30%)",0,1
3832,78.65,51,One year,0.1096,"Low Risk
(0–30%)",0,0
3833,74.75,12,Month-to-month,0.2698,"Low Risk
(0–30%)",0,0
3834,70.1,57,One year,0.0652,"Low Risk
(0–30%)",0,1
3835,19.9,24,One year,0.0296,"Low Risk
(0–30%)",0,0
3836,58.35,64,One year,0.0459,"Low Risk
(0–30%)",0,0
3837,105.65,4,One year,0.4173,"Medium Risk
(30–60%)",0,1
3838,100.5,26,Month-to-month,0.5468,"Medium Risk
(30–60%)",1,0
3839,20.05,15,Month-to-month,0.0948,"Low Risk
(0–30%)",0,0
3840,25.65,64,Two year,0.0186,"Low Risk
(0–30%)",0,0
3841,96.5,36,Month-to-month,0.5217,"Medium Risk
(30–60%)",1,1
3842,95.0,27,Month-to-month,0.3971,"Medium Risk
(30–60%)",0,0
3843,70.85,1,Month-to-month,0.7349,"High Risk
(60–100%)",1,1
3844,85.95,35,One year,0.0879,"Low Risk
(0–30%)",0,1
3845,73.9,4,Month-to-month,0.6442,"High Risk
(60–100%)",1,1
3846,45.45,8,Month-to-month,0.3699,"Medium Risk
(30–60%)",0,0
3847,20.0,10,Month-to-month,0.1227,"Low Risk
(0–30%)",0,0
3848,49.2,2,Month-to-month,0.3623,"Medium Risk
(30–60%)",0,0
3849,109.45,58,Two year,0.1442,"Low Risk
(0–30%)",0,1
3850,83.25,51,Two year,0.0305,"Low Risk
(0–30%)",0,0
3851,19.25,46,Two year,0.0175,"Low Risk
(0–30%)",0,0
3852,19.65,1,Month-to-month,0.342,"Medium Risk
(30–60%)",0,0
3853,72.8,46,Month-to-month,0.2615,"Low Risk
(0–30%)",0,0
3854,109.65,50,Month-to-month,0.3396,"Medium Risk
(30–60%)",0,0
3855,65.0,53,Month-to-month,0.1024,"Low Risk
(0–30%)",0,0
3856,114.1,61,Month-to-month,0.4214,"Medium Risk
(30–60%)",0,0
3857,20.65,5,Month-to-month,0.1284,"Low Risk
(0–30%)",0,0
3858,86.95,47,One year,0.0792,"Low Risk
(0–30%)",0,0
3859,94.75,54,One year,0.1301,"Low Risk
(0–30%)",0,0
3860,25.35,19,Month-to-month,0.2279,"Low Risk
(0–30%)",0,0
3861,105.45,26,Two year,0.1417,"Low Risk
(0–30%)",0,0
3862,25.4,70,Two year,0.0143,"Low Risk
(0–30%)",0,0
3863,102.55,17,Month-to-month,0.6567,"High Risk
(60–100%)",1,0
3864,100.2,30,Month-to-month,0.5721,"Medium Risk
(30–60%)",1,1
3865,24.0,1,Month-to-month,0.3054,"Medium Risk
(30–60%)",0,0
3866,25.6,19,Two year,0.0216,"Low Risk
(0–30%)",0,0
3867,73.5,26,Two year,0.062,"Low Risk
(0–30%)",0,0
3868,74.05,21,Month-to-month,0.328,"Medium Risk
(30–60%)",0,1
3869,98.25,50,One year,0.3286,"Medium Risk
(30–60%)",0,0
3870,54.4,68,One year,0.1042,"Low Risk
(0–30%)",0,0
3871,101.55,3,Month-to-month,0.8253,"High Risk
(60–100%)",1,1
3872,103.1,9,Month-to-month,0.5718,"Medium Risk
(30–60%)",1,0
3873,34.2,51,Two year,0.0209,"Low Risk
(0–30%)",0,0
3874,43.75,9,Month-to-month,0.3834,"Medium Risk
(30–60%)",0,0
3875,111.95,41,One year,0.2926,"Low Risk
(0–30%)",0,1
3876,100.65,22,Month-to-month,0.6561,"High Risk
(60–100%)",1,0
3877,55.95,21,One year,0.1726,"Low Risk
(0–30%)",0,1
3878,116.05,71,Two year,0.0398,"Low Risk
(0–30%)",0,0
3879,45.75,1,Month-to-month,0.5848,"Medium Risk
(30–60%)",1,1
3880,82.0,26,One year,0.1165,"Low Risk
(0–30%)",0,0
3881,65.15,71,Two year,0.0135,"Low Risk
(0–30%)",0,0
3882,44.8,4,Month-to-month,0.3833,"Medium Risk
(30–60%)",0,0
3883,79.8,12,Month-to-month,0.5579,"Medium Risk
(30–60%)",1,0
3884,88.85,18,Month-to-month,0.5561,"Medium Risk
(30–60%)",1,0
3885,74.95,3,Month-to-month,0.7589,"High Risk
(60–100%)",1,0
3886,106.85,72,One year,0.1075,"Low Risk
(0–30%)",0,0
3887,74.95,11,Month-to-month,0.4293,"Medium Risk
(30–60%)",0,1
3888,80.15,1,Month-to-month,0.7924,"High Risk
(60–100%)",1,1
3889,19.3,13,One year,0.037,"Low Risk
(0–30%)",0,0
3890,109.25,72,One year,0.2249,"Low Risk
(0–30%)",0,1
3891,56.1,42,One year,0.0551,"Low Risk
(0–30%)",0,0
3892,19.7,17,Month-to-month,0.104,"Low Risk
(0–30%)",0,0
3893,51.3,7,Month-to-month,0.2981,"Low Risk
(0–30%)",0,0
3894,118.6,68,Two year,0.0704,"Low Risk
(0–30%)",0,0
3895,24.15,56,Two year,0.0137,"Low Risk
(0–30%)",0,0
3896,20.3,38,One year,0.0291,"Low Risk
(0–30%)",0,0
3897,115.5,72,Two year,0.0363,"Low Risk
(0–30%)",0,0
3898,25.05,48,One year,0.0353,"Low Risk
(0–30%)",0,0
3899,109.1,52,Month-to-month,0.4269,"Medium Risk
(30–60%)",0,0
3900,19.65,35,One year,0.0282,"Low Risk
(0–30%)",0,0
3901,111.3,67,Two year,0.1345,"Low Risk
(0–30%)",0,0
3902,29.9,1,Month-to-month,0.4158,"Medium Risk
(30–60%)",0,0
3903,80.6,53,Month-to-month,0.1894,"Low Risk
(0–30%)",0,0
3904,20.8,34,Month-to-month,0.0714,"Low Risk
(0–30%)",0,0
3905,35.2,3,Month-to-month,0.4351,"Medium Risk
(30–60%)",0,1
3906,78.8,1,Month-to-month,0.8099,"High Risk
(60–100%)",1,1
3907,89.95,19,Month-to-month,0.2976,"Low Risk
(0–30%)",0,0
3908,116.05,60,Two year,0.0871,"Low Risk
(0–30%)",0,0
3909,19.55,11,Two year,0.0251,"Low Risk
(0–30%)",0,0
3910,106.4,47,Month-to-month,0.5265,"Medium Risk
(30–60%)",1,1
3911,49.4,18,Month-to-month,0.2081,"Low Risk
(0–30%)",0,1
3912,115.25,60,Two year,0.0616,"Low Risk
(0–30%)",0,0
3913,24.8,72,Two year,0.0164,"Low Risk
(0–30%)",0,0
3914,19.9,39,One year,0.0321,"Low Risk
(0–30%)",0,0
3915,81.25,59,One year,0.0454,"Low Risk
(0–30%)",0,0
3916,69.95,2,Month-to-month,0.5269,"Medium Risk
(30–60%)",1,0
3917,69.1,1,Month-to-month,0.7795,"High Risk
(60–100%)",1,1
3918,90.2,20,Month-to-month,0.5177,"Medium Risk
(30–60%)",1,1
3919,93.55,6,Month-to-month,0.7913,"High Risk
(60–100%)",1,1
3920,86.4,71,Two year,0.0349,"Low Risk
(0–30%)",0,0
3921,66.3,24,Month-to-month,0.137,"Low Risk
(0–30%)",0,0
3922,94.65,67,Month-to-month,0.3463,"Medium Risk
(30–60%)",0,0
3923,80.85,1,Month-to-month,0.8339,"High Risk
(60–100%)",1,1
3924,82.05,48,One year,0.1732,"Low Risk
(0–30%)",0,1
3925,72.1,37,One year,0.0971,"Low Risk
(0–30%)",0,0
3926,34.7,11,Month-to-month,0.2114,"Low Risk
(0–30%)",0,0
3927,20.55,3,Month-to-month,0.1831,"Low Risk
(0–30%)",0,1
3928,95.95,18,Month-to-month,0.4603,"Medium Risk
(30–60%)",0,0
3929,44.8,50,One year,0.0759,"Low Risk
(0–30%)",0,0
3930,109.4,67,One year,0.1696,"Low Risk
(0–30%)",0,0
3931,71.05,25,Month-to-month,0.1051,"Low Risk
(0–30%)",0,0
3932,78.55,2,Month-to-month,0.812,"High Risk
(60–100%)",1,1
3933,19.7,9,Month-to-month,0.1064,"Low Risk
(0–30%)",0,0
3934,40.25,10,One year,0.0464,"Low Risk
(0–30%)",0,0
3935,19.85,70,Two year,0.0152,"Low Risk
(0–30%)",0,0
3936,68.25,9,Month-to-month,0.1541,"Low Risk
(0–30%)",0,0
3937,20.15,4,Month-to-month,0.1629,"Low Risk
(0–30%)",0,0
3938,50.95,2,Month-to-month,0.2402,"Low Risk
(0–30%)",0,0
3939,78.65,1,Month-to-month,0.7993,"High Risk
(60–100%)",1,1
3940,25.15,19,Month-to-month,0.2691,"Low Risk
(0–30%)",0,0
3941,20.25,7,Month-to-month,0.115,"Low Risk
(0–30%)",0,0
3942,42.9,1,Month-to-month,0.6029,"High Risk
(60–100%)",1,1
3943,44.0,1,Month-to-month,0.5851,"Medium Risk
(30–60%)",1,0
3944,20.25,9,One year,0.0393,"Low Risk
(0–30%)",0,0
3945,34.25,3,Month-to-month,0.1936,"Low Risk
(0–30%)",0,1
3946,58.5,9,Month-to-month,0.1701,"Low Risk
(0–30%)",0,1
3947,55.8,5,Month-to-month,0.2043,"Low Risk
(0–30%)",0,0
3948,88.9,56,One year,0.1104,"Low Risk
(0–30%)",0,0
3949,57.65,18,Month-to-month,0.1616,"Low Risk
(0–30%)",0,0
3950,96.2,49,Month-to-month,0.5677,"Medium Risk
(30–60%)",1,1
3951,79.15,70,Two year,0.0248,"Low Risk
(0–30%)",0,0
3952,108.05,72,Two year,0.0593,"Low Risk
(0–30%)",0,0
3953,74.4,6,Month-to-month,0.562,"Medium Risk
(30–60%)",1,1
3954,94.8,17,Month-to-month,0.6653,"High Risk
(60–100%)",1,0
3955,45.9,29,Month-to-month,0.3412,"Medium Risk
(30–60%)",0,0
3956,105.3,6,Month-to-month,0.8146,"High Risk
(60–100%)",1,1
3957,102.6,63,Two year,0.1563,"Low Risk
(0–30%)",0,0
3958,73.85,16,Month-to-month,0.4,"Medium Risk
(30–60%)",0,1
3959,61.35,59,One year,0.0854,"Low Risk
(0–30%)",0,0
3960,57.55,3,Month-to-month,0.415,"Medium Risk
(30–60%)",0,0
3961,29.25,8,Month-to-month,0.3341,"Medium Risk
(30–60%)",0,0
3962,84.55,7,Month-to-month,0.7657,"High Risk
(60–100%)",1,1
3963,19.6,68,Two year,0.0153,"Low Risk
(0–30%)",0,0
3964,111.75,68,Two year,0.0884,"Low Risk
(0–30%)",0,0
3965,106.5,52,One year,0.3735,"Medium Risk
(30–60%)",0,0
3966,107.7,72,Two year,0.0401,"Low Risk
(0–30%)",0,0
3967,19.3,32,One year,0.0296,"Low Risk
(0–30%)",0,0
3968,20.05,72,Two year,0.0106,"Low Risk
(0–30%)",0,0
3969,69.95,1,Month-to-month,0.7325,"High Risk
(60–100%)",1,0
3970,63.7,42,One year,0.0596,"Low Risk
(0–30%)",0,0
3971,24.75,25,Two year,0.0222,"Low Risk
(0–30%)",0,1
3972,50.9,45,Month-to-month,0.1516,"Low Risk
(0–30%)",0,0
3973,60.4,43,One year,0.073,"Low Risk
(0–30%)",0,0
3974,79.25,37,One year,0.0985,"Low Risk
(0–30%)",0,0
3975,85.8,20,Month-to-month,0.4749,"Medium Risk
(30–60%)",0,1
3976,24.45,4,Month-to-month,0.5861,"Medium Risk
(30–60%)",1,1
3977,110.1,63,Two year,0.0923,"Low Risk
(0–30%)",0,0
3978,90.7,3,Month-to-month,0.6552,"High Risk
(60–100%)",1,0
3979,25.3,66,Two year,0.015,"Low Risk
(0–30%)",0,0
3980,105.7,28,Month-to-month,0.6065,"High Risk
(60–100%)",1,1
3981,85.2,8,Month-to-month,0.6874,"High Risk
(60–100%)",1,0
3982,24.35,71,Two year,0.011,"Low Risk
(0–30%)",0,0
3983,24.25,1,Month-to-month,0.7043,"High Risk
(60–100%)",1,1
3984,25.1,72,Two year,0.0145,"Low Risk
(0–30%)",0,0
3985,54.55,16,Month-to-month,0.1795,"Low Risk
(0–30%)",0,0
3986,96.6,66,Two year,0.0314,"Low Risk
(0–30%)",0,0
3987,76.5,11,Month-to-month,0.6619,"High Risk
(60–100%)",1,1
3988,81.15,51,One year,0.0512,"Low Risk
(0–30%)",0,0
3989,38.5,8,Month-to-month,0.3398,"Medium Risk
(30–60%)",0,0
3990,92.9,14,Month-to-month,0.5812,"Medium Risk
(30–60%)",1,0
3991,93.5,4,Month-to-month,0.7184,"High Risk
(60–100%)",1,1
3992,84.7,70,Two year,0.0348,"Low Risk
(0–30%)",0,0
3993,66.0,70,Two year,0.0239,"Low Risk
(0–30%)",0,0
3994,101.5,54,One year,0.2987,"Low Risk
(0–30%)",0,1
3995,74.9,28,Month-to-month,0.2548,"Low Risk
(0–30%)",0,1
3996,20.75,24,Two year,0.0197,"Low Risk
(0–30%)",0,0
3997,61.45,69,Two year,0.0484,"Low Risk
(0–30%)",0,0
3998,54.5,42,Month-to-month,0.12,"Low Risk
(0–30%)",0,0
3999,69.6,2,Month-to-month,0.6653,"High Risk
(60–100%)",1,1
4000,99.75,39,Month-to-month,0.5971,"Medium Risk
(30–60%)",1,0
4001,109.75,45,Two year,0.1302,"Low Risk
(0–30%)",0,0
4002,80.85,72,Two year,0.0139,"Low Risk
(0–30%)",0,0
4003,20.3,38,Two year,0.0185,"Low Risk
(0–30%)",0,0
4004,67.8,72,Two year,0.0145,"Low Risk
(0–30%)",0,0
4005,24.05,1,Month-to-month,0.3714,"Medium Risk
(30–60%)",0,1
4006,19.8,72,Two year,0.0107,"Low Risk
(0–30%)",0,0
4007,25.7,55,Two year,0.0158,"Low Risk
(0–30%)",0,0
4008,56.15,51,One year,0.1384,"Low Risk
(0–30%)",0,0
4009,86.7,63,Two year,0.0228,"Low Risk
(0–30%)",0,0
4010,20.4,1,Month-to-month,0.322,"Medium Risk
(30–60%)",0,0
4011,19.65,23,Two year,0.0192,"Low Risk
(0–30%)",0,0
4012,50.55,1,Month-to-month,0.5499,"Medium Risk
(30–60%)",1,1
4013,54.35,2,Month-to-month,0.4416,"Medium Risk
(30–60%)",0,0
4014,108.1,52,Month-to-month,0.3007,"Medium Risk
(30–60%)",0,0
4015,54.45,36,One year,0.0469,"Low Risk
(0–30%)",0,0
4016,45.35,1,Month-to-month,0.504,"Medium Risk
(30–60%)",1,0
4017,59.0,28,One year,0.0505,"Low Risk
(0–30%)",0,0
4018,69.45,7,One year,0.0642,"Low Risk
(0–30%)",0,0
4019,100.55,14,Month-to-month,0.7139,"High Risk
(60–100%)",1,1
4020,64.95,72,Two year,0.0199,"Low Risk
(0–30%)",0,0
4021,20.5,1,Month-to-month,0.3636,"Medium Risk
(30–60%)",0,1
4022,18.85,10,Month-to-month,0.0957,"Low Risk
(0–30%)",0,0
4023,19.8,42,One year,0.0331,"Low Risk
(0–30%)",0,0
4024,25.05,7,Month-to-month,0.284,"Low Risk
(0–30%)",0,0
4025,74.8,4,Month-to-month,0.5993,"Medium Risk
(30–60%)",1,1
4026,114.3,72,Two year,0.0381,"Low Risk
(0–30%)",0,0
4027,24.45,20,Month-to-month,0.4378,"Medium Risk
(30–60%)",0,1
4028,109.2,63,Two year,0.1039,"Low Risk
(0–30%)",0,0
4029,45.05,56,Two year,0.0188,"Low Risk
(0–30%)",0,0
4030,51.0,5,Month-to-month,0.2969,"Low Risk
(0–30%)",0,0
4031,110.45,72,Two year,0.0512,"Low Risk
(0–30%)",0,0
4032,84.65,68,Month-to-month,0.3194,"Medium Risk
(30–60%)",0,0
4033,60.05,67,One year,0.0288,"Low Risk
(0–30%)",0,0
4034,44.65,8,Month-to-month,0.216,"Low Risk
(0–30%)",0,0
4035,93.25,52,Month-to-month,0.2379,"Low Risk
(0–30%)",0,0
4036,20.25,18,Month-to-month,0.0931,"Low Risk
(0–30%)",0,0
4037,25.45,59,Two year,0.0136,"Low Risk
(0–30%)",0,0
4038,20.6,60,Two year,0.0226,"Low Risk
(0–30%)",0,0
4039,94.1,7,Month-to-month,0.7938,"High Risk
(60–100%)",1,0
4040,34.8,59,One year,0.0349,"Low Risk
(0–30%)",0,0
4041,60.75,46,Two year,0.0352,"Low Risk
(0–30%)",0,0
4042,51.35,5,Month-to-month,0.4134,"Medium Risk
(30–60%)",0,0
4043,64.05,59,Two year,0.0299,"Low Risk
(0–30%)",0,0
4044,84.8,70,Two year,0.0463,"Low Risk
(0–30%)",0,0
4045,71.0,14,Month-to-month,0.3998,"Medium Risk
(30–60%)",0,1
4046,50.15,44,Month-to-month,0.2299,"Low Risk
(0–30%)",0,0
4047,94.6,64,Two year,0.0614,"Low Risk
(0–30%)",0,0
4048,59.75,58,Two year,0.0234,"Low Risk
(0–30%)",0,0
4049,100.25,46,One year,0.2824,"Low Risk
(0–30%)",0,0
4050,98.9,58,Month-to-month,0.4922,"Medium Risk
(30–60%)",0,0
4051,97.7,72,Two year,0.0717,"Low Risk
(0–30%)",0,0
4052,40.3,30,Month-to-month,0.3938,"Medium Risk
(30–60%)",0,1
4053,60.25,11,Month-to-month,0.195,"Low Risk
(0–30%)",0,0
4054,56.25,34,Month-to-month,0.3345,"Medium Risk
(30–60%)",0,0
4055,46.2,54,Two year,0.0415,"Low Risk
(0–30%)",0,0
4056,50.6,3,Month-to-month,0.6286,"High Risk
(60–100%)",1,1
4057,24.9,72,Two year,0.0146,"Low Risk
(0–30%)",0,0
4058,84.85,40,Month-to-month,0.3851,"Medium Risk
(30–60%)",0,1
4059,65.7,2,Month-to-month,0.4103,"Medium Risk
(30–60%)",0,1
4060,63.35,54,Two year,0.0586,"Low Risk
(0–30%)",0,0
4061,50.1,14,Month-to-month,0.1488,"Low Risk
(0–30%)",0,0
4062,70.5,1,Month-to-month,0.749,"High Risk
(60–100%)",1,1
4063,94.85,10,Month-to-month,0.7308,"High Risk
(60–100%)",1,1
4064,50.15,1,Month-to-month,0.472,"Medium Risk
(30–60%)",0,0
4065,19.75,1,Month-to-month,0.3222,"Medium Risk
(30–60%)",0,1
4066,64.65,56,One year,0.0343,"Low Risk
(0–30%)",0,0
4067,79.6,68,Two year,0.0278,"Low Risk
(0–30%)",0,0
4068,19.5,14,One year,0.0424,"Low Risk
(0–30%)",0,0
4069,99.55,68,Two year,0.0605,"Low Risk
(0–30%)",0,0
4070,74.0,55,Month-to-month,0.3719,"Medium Risk
(30–60%)",0,0
4071,38.9,16,Month-to-month,0.3705,"Medium Risk
(30–60%)",0,0
4072,79.55,9,Month-to-month,0.6497,"High Risk
(60–100%)",1,0
4073,65.45,14,Month-to-month,0.2272,"Low Risk
(0–30%)",0,1
4074,98.7,58,Month-to-month,0.519,"Medium Risk
(30–60%)",1,1
4075,46.3,53,Month-to-month,0.1315,"Low Risk
(0–30%)",0,0
4076,99.35,70,Two year,0.0579,"Low Risk
(0–30%)",0,0
4077,95.8,14,Month-to-month,0.692,"High Risk
(60–100%)",1,0
4078,67.5,22,One year,0.0469,"Low Risk
(0–30%)",0,1
4079,78.15,10,Month-to-month,0.4504,"Medium Risk
(30–60%)",0,0
4080,26.1,29,Two year,0.0181,"Low Risk
(0–30%)",0,0
4081,69.6,1,Month-to-month,0.8035,"High Risk
(60–100%)",1,1
4082,84.35,49,One year,0.103,"Low Risk
(0–30%)",0,1
4083,100.2,68,Month-to-month,0.4574,"Medium Risk
(30–60%)",0,1
4084,78.05,1,Month-to-month,0.8009,"High Risk
(60–100%)",1,1
4085,40.35,30,One year,0.105,"Low Risk
(0–30%)",0,0
4086,79.2,72,Two year,0.017,"Low Risk
(0–30%)",0,0
4087,20.9,10,Month-to-month,0.131,"Low Risk
(0–30%)",0,0
4088,73.6,7,Month-to-month,0.6055,"High Risk
(60–100%)",1,1
4089,74.75,9,Month-to-month,0.7009,"High Risk
(60–100%)",1,1
4090,49.9,1,Month-to-month,0.384,"Medium Risk
(30–60%)",0,0
4091,68.9,20,Month-to-month,0.1824,"Low Risk
(0–30%)",0,0
4092,20.25,1,Month-to-month,0.3653,"Medium Risk
(30–60%)",0,0
4093,76.0,29,Month-to-month,0.3591,"Medium Risk
(30–60%)",0,0
4094,74.0,1,Month-to-month,0.596,"Medium Risk
(30–60%)",1,0
4095,82.3,3,Month-to-month,0.4251,"Medium Risk
(30–60%)",0,0
4096,89.4,20,Month-to-month,0.3232,"Medium Risk
(30–60%)",0,0
4097,99.15,64,Month-to-month,0.256,"Low Risk
(0–30%)",0,0
4098,20.2,1,Month-to-month,0.3696,"Medium Risk
(30–60%)",0,1
4099,29.45,6,Month-to-month,0.2336,"Low Risk
(0–30%)",0,0
4100,19.8,50,Two year,0.0234,"Low Risk
(0–30%)",0,0
4101,59.15,6,Month-to-month,0.2436,"Low Risk
(0–30%)",0,0
4102,44.75,7,Month-to-month,0.2857,"Low Risk
(0–30%)",0,0
4103,90.8,72,Two year,0.049,"Low Risk
(0–30%)",0,0
4104,49.55,8,Month-to-month,0.2735,"Low Risk
(0–30%)",0,0
4105,106.7,67,Two year,0.0987,"Low Risk
(0–30%)",0,0
4106,93.55,24,Month-to-month,0.6536,"High Risk
(60–100%)",1,1
4107,94.45,72,Two year,0.0377,"Low Risk
(0–30%)",0,0
4108,19.45,33,One year,0.0316,"Low Risk
(0–30%)",0,0
4109,25.05,2,Month-to-month,0.6607,"High Risk
(60–100%)",1,1
4110,67.95,70,Two year,0.02,"Low Risk
(0–30%)",0,0
4111,65.25,22,One year,0.0717,"Low Risk
(0–30%)",0,0
4112,99.45,59,Month-to-month,0.2784,"Low Risk
(0–30%)",0,0
4113,20.35,36,One year,0.0344,"Low Risk
(0–30%)",0,0
4114,19.95,51,Two year,0.0164,"Low Risk
(0–30%)",0,0
4115,77.4,53,One year,0.0528,"Low Risk
(0–30%)",0,0
4116,19.7,20,One year,0.0316,"Low Risk
(0–30%)",0,0
4117,99.7,63,Two year,0.0545,"Low Risk
(0–30%)",0,0
4118,74.8,40,Month-to-month,0.2425,"Low Risk
(0–30%)",0,0
4119,19.15,35,One year,0.031,"Low Risk
(0–30%)",0,0
4120,78.95,26,One year,0.1207,"Low Risk
(0–30%)",0,0
4121,95.55,27,Month-to-month,0.5585,"Medium Risk
(30–60%)",1,1
4122,62.85,53,One year,0.0291,"Low Risk
(0–30%)",0,0
4123,71.55,34,Month-to-month,0.2716,"Low Risk
(0–30%)",0,0
4124,94.95,19,Month-to-month,0.6595,"High Risk
(60–100%)",1,0
4125,86.1,43,Month-to-month,0.2155,"Low Risk
(0–30%)",0,0
4126,19.55,6,Month-to-month,0.1075,"Low Risk
(0–30%)",0,0
4127,24.8,56,Two year,0.0152,"Low Risk
(0–30%)",0,0
4128,39.3,57,Month-to-month,0.3375,"Medium Risk
(30–60%)",0,1
4129,84.05,34,Month-to-month,0.3453,"Medium Risk
(30–60%)",0,0
4130,36.25,10,Month-to-month,0.25,"Low Risk
(0–30%)",0,0
4131,20.25,1,Month-to-month,0.3653,"Medium Risk
(30–60%)",0,1
4132,23.9,13,Month-to-month,0.462,"Medium Risk
(30–60%)",0,1
4133,98.6,56,Month-to-month,0.3929,"Medium Risk
(30–60%)",0,0
4134,103.65,55,Month-to-month,0.3928,"Medium Risk
(30–60%)",0,0
4135,92.9,36,Two year,0.0292,"Low Risk
(0–30%)",0,0
4136,19.9,47,One year,0.0331,"Low Risk
(0–30%)",0,0
4137,20.1,12,Month-to-month,0.1174,"Low Risk
(0–30%)",0,0
4138,85.45,1,Month-to-month,0.8534,"High Risk
(60–100%)",1,1
4139,80.5,24,Month-to-month,0.521,"Medium Risk
(30–60%)",1,0
4140,99.9,63,One year,0.17,"Low Risk
(0–30%)",0,1
4141,39.85,35,Month-to-month,0.3753,"Medium Risk
(30–60%)",0,0
4142,60.5,67,One year,0.0321,"Low Risk
(0–30%)",0,0
4143,84.8,25,Month-to-month,0.5694,"Medium Risk
(30–60%)",1,1
4144,103.85,21,Month-to-month,0.488,"Medium Risk
(30–60%)",0,0
4145,67.8,13,Month-to-month,0.1246,"Low Risk
(0–30%)",0,0
4146,75.2,35,Month-to-month,0.4813,"Medium Risk
(30–60%)",0,1
4147,24.85,71,Two year,0.0185,"Low Risk
(0–30%)",0,0
4148,19.35,29,Month-to-month,0.0792,"Low Risk
(0–30%)",0,0
4149,49.35,71,Two year,0.0703,"Low Risk
(0–30%)",0,1
4150,89.0,7,Month-to-month,0.7082,"High Risk
(60–100%)",1,0
4151,55.0,57,Month-to-month,0.2903,"Low Risk
(0–30%)",0,0
4152,76.15,65,Two year,0.0259,"Low Risk
(0–30%)",0,0
4153,20.3,27,One year,0.0316,"Low Risk
(0–30%)",0,0
4154,74.9,6,Month-to-month,0.7235,"High Risk
(60–100%)",1,1
4155,117.35,72,Two year,0.0401,"Low Risk
(0–30%)",0,0
4156,19.75,1,Month-to-month,0.3734,"Medium Risk
(30–60%)",0,0
4157,45.2,11,Month-to-month,0.1924,"Low Risk
(0–30%)",0,0
4158,25.2,39,Two year,0.0181,"Low Risk
(0–30%)",0,0
4159,89.75,59,Month-to-month,0.2347,"Low Risk
(0–30%)",0,0
4160,75.0,26,One year,0.0635,"Low Risk
(0–30%)",0,0
4161,49.95,2,Month-to-month,0.4558,"Medium Risk
(30–60%)",0,0
4162,65.7,72,Two year,0.0147,"Low Risk
(0–30%)",0,0
4163,67.05,65,One year,0.037,"Low Risk
(0–30%)",0,0
4164,110.9,72,Two year,0.0399,"Low Risk
(0–30%)",0,0
4165,87.95,6,Month-to-month,0.6756,"High Risk
(60–100%)",1,0
4166,19.8,32,One year,0.0367,"Low Risk
(0–30%)",0,0
4167,75.7,50,One year,0.117,"Low Risk
(0–30%)",0,0
4168,62.15,61,Two year,0.0262,"Low Risk
(0–30%)",0,0
4169,101.25,15,Month-to-month,0.6148,"High Risk
(60–100%)",1,1
4170,115.15,72,Two year,0.0406,"Low Risk
(0–30%)",0,0
4171,18.95,9,Month-to-month,0.1131,"Low Risk
(0–30%)",0,1
4172,19.5,1,Month-to-month,0.3238,"Medium Risk
(30–60%)",0,0
4173,86.55,12,Month-to-month,0.7019,"High Risk
(60–100%)",1,0
4174,28.6,37,Month-to-month,0.1277,"Low Risk
(0–30%)",0,1
4175,20.4,61,One year,0.0225,"Low Risk
(0–30%)",0,0
4176,19.8,18,One year,0.0347,"Low Risk
(0–30%)",0,0
4177,45.65,21,Month-to-month,0.1588,"Low Risk
(0–30%)",0,0
4178,56.4,68,Two year,0.0217,"Low Risk
(0–30%)",0,0
4179,73.3,12,Month-to-month,0.5362,"Medium Risk
(30–60%)",1,0
4180,24.35,2,Month-to-month,0.6461,"High Risk
(60–100%)",1,1
4181,101.35,62,Month-to-month,0.4853,"Medium Risk
(30–60%)",0,0
4182,98.65,29,Month-to-month,0.4708,"Medium Risk
(30–60%)",0,1
4183,33.6,1,Month-to-month,0.3774,"Medium Risk
(30–60%)",0,0
4184,79.9,5,Month-to-month,0.7637,"High Risk
(60–100%)",1,1
4185,20.7,1,Month-to-month,0.3453,"Medium Risk
(30–60%)",0,0
4186,104.05,62,Two year,0.1664,"Low Risk
(0–30%)",0,0
4187,20.25,36,Two year,0.0167,"Low Risk
(0–30%)",0,0
4188,103.3,28,Month-to-month,0.5745,"Medium Risk
(30–60%)",1,1
4189,73.7,69,One year,0.0316,"Low Risk
(0–30%)",0,0
4190,96.2,11,Month-to-month,0.5412,"Medium Risk
(30–60%)",1,1
4191,108.75,63,Month-to-month,0.3879,"Medium Risk
(30–60%)",0,0
4192,20.15,23,One year,0.0352,"Low Risk
(0–30%)",0,0
4193,19.75,10,Month-to-month,0.1064,"Low Risk
(0–30%)",0,0
4194,25.95,71,Two year,0.0137,"Low Risk
(0–30%)",0,0
4195,70.05,45,Month-to-month,0.1985,"Low Risk
(0–30%)",0,0
4196,24.05,70,Two year,0.0136,"Low Risk
(0–30%)",0,0
4197,84.75,22,Month-to-month,0.5679,"Medium Risk
(30–60%)",1,0
4198,23.05,52,Two year,0.0138,"Low Risk
(0–30%)",0,0
4199,104.15,55,One year,0.3553,"Medium Risk
(30–60%)",0,1
4200,59.95,65,Two year,0.0274,"Low Risk
(0–30%)",0,0
4201,19.55,72,Two year,0.014,"Low Risk
(0–30%)",0,0
4202,19.6,10,One year,0.0412,"Low Risk
(0–30%)",0,0
4203,20.05,7,One year,0.0414,"Low Risk
(0–30%)",0,0
4204,85.55,5,Month-to-month,0.6909,"High Risk
(60–100%)",1,0
4205,78.6,24,Two year,0.0427,"Low Risk
(0–30%)",0,0
4206,116.8,72,Two year,0.0294,"Low Risk
(0–30%)",0,0
4207,43.55,21,Month-to-month,0.1456,"Low Risk
(0–30%)",0,0
4208,60.8,69,One year,0.0896,"Low Risk
(0–30%)",0,0
4209,54.9,44,Month-to-month,0.1374,"Low Risk
(0–30%)",0,0
4210,65.2,61,One year,0.1249,"Low Risk
(0–30%)",0,0
4211,102.95,24,Month-to-month,0.5603,"Medium Risk
(30–60%)",1,1
4212,90.6,1,Month-to-month,0.8269,"High Risk
(60–100%)",1,1
4213,50.8,6,Month-to-month,0.2917,"Low Risk
(0–30%)",0,1
4214,90.05,4,Month-to-month,0.7798,"High Risk
(60–100%)",1,1
4215,108.2,72,Two year,0.1018,"Low Risk
(0–30%)",0,0
4216,92.0,72,Two year,0.0168,"Low Risk
(0–30%)",0,0
4217,75.1,14,Month-to-month,0.6562,"High Risk
(60–100%)",1,0
4218,25.05,7,Month-to-month,0.1572,"Low Risk
(0–30%)",0,0
4219,75.15,48,One year,0.0935,"Low Risk
(0–30%)",0,0
4220,19.5,55,One year,0.0304,"Low Risk
(0–30%)",0,0
4221,19.3,1,Month-to-month,0.2356,"Low Risk
(0–30%)",0,0
4222,112.2,45,One year,0.2109,"Low Risk
(0–30%)",0,0
4223,70.3,3,Month-to-month,0.5879,"Medium Risk
(30–60%)",1,0
4224,19.6,71,Two year,0.0107,"Low Risk
(0–30%)",0,0
4225,20.25,8,Month-to-month,0.1064,"Low Risk
(0–30%)",0,0
4226,75.85,3,Month-to-month,0.7624,"High Risk
(60–100%)",1,1
4227,80.65,69,Two year,0.0199,"Low Risk
(0–30%)",0,0
4228,68.5,1,Month-to-month,0.7884,"High Risk
(60–100%)",1,1
4229,115.75,72,Two year,0.041,"Low Risk
(0–30%)",0,0
4230,73.5,11,Month-to-month,0.4511,"Medium Risk
(30–60%)",0,1
4231,80.6,71,Two year,0.0172,"Low Risk
(0–30%)",0,0
4232,69.95,1,Month-to-month,0.7493,"High Risk
(60–100%)",1,1
4233,59.55,33,Two year,0.0305,"Low Risk
(0–30%)",0,0
4234,19.05,16,One year,0.0357,"Low Risk
(0–30%)",0,0
4235,95.65,56,One year,0.0852,"Low Risk
(0–30%)",0,0
4236,19.95,1,Month-to-month,0.3062,"Medium Risk
(30–60%)",0,0
4237,70.05,5,Month-to-month,0.4648,"Medium Risk
(30–60%)",0,1
4238,19.4,57,One year,0.0258,"Low Risk
(0–30%)",0,0
4239,36.1,56,One year,0.0627,"Low Risk
(0–30%)",0,0
4240,94.0,8,Month-to-month,0.7583,"High Risk
(60–100%)",1,1
4241,61.15,22,Month-to-month,0.1206,"Low Risk
(0–30%)",0,1
4242,19.75,1,Month-to-month,0.3338,"Medium Risk
(30–60%)",0,0
4243,64.1,40,Month-to-month,0.1138,"Low Risk
(0–30%)",0,0
4244,19.75,46,Two year,0.0168,"Low Risk
(0–30%)",0,0
4245,19.7,63,Two year,0.0136,"Low Risk
(0–30%)",0,0
4246,110.2,68,Two year,0.1132,"Low Risk
(0–30%)",0,0
4247,106.35,69,Two year,0.0777,"Low Risk
(0–30%)",0,0
4248,90.55,56,Month-to-month,0.2465,"Low Risk
(0–30%)",0,0
4249,65.9,10,One year,0.159,"Low Risk
(0–30%)",0,0
4250,104.5,63,One year,0.1189,"Low Risk
(0–30%)",0,0
4251,52.5,24,Two year,0.0277,"Low Risk
(0–30%)",0,0
4252,56.1,19,Month-to-month,0.2641,"Low Risk
(0–30%)",0,0
4253,88.75,22,Month-to-month,0.5806,"Medium Risk
(30–60%)",1,0
4254,84.45,29,Month-to-month,0.3689,"Medium Risk
(30–60%)",0,1
4255,75.3,13,One year,0.2177,"Low Risk
(0–30%)",0,1
4256,26.0,70,Two year,0.0184,"Low Risk
(0–30%)",0,0
4257,99.4,49,Month-to-month,0.3652,"Medium Risk
(30–60%)",0,0
4258,109.55,43,One year,0.2733,"Low Risk
(0–30%)",0,1
4259,19.6,3,Month-to-month,0.191,"Low Risk
(0–30%)",0,1
4260,73.15,42,One year,0.1126,"Low Risk
(0–30%)",0,0
4261,54.65,57,One year,0.0536,"Low Risk
(0–30%)",0,0
4262,66.4,2,Month-to-month,0.4583,"Medium Risk
(30–60%)",0,1
4263,115.55,72,Two year,0.0385,"Low Risk
(0–30%)",0,0
4264,104.45,46,Month-to-month,0.5369,"Medium Risk
(30–60%)",1,0
4265,100.05,66,Month-to-month,0.3766,"Medium Risk
(30–60%)",0,1
4266,102.0,62,One year,0.1265,"Low Risk
(0–30%)",0,1
4267,91.15,72,Two year,0.0186,"Low Risk
(0–30%)",0,0
4268,89.7,35,One year,0.1419,"Low Risk
(0–30%)",0,0
4269,90.2,17,Month-to-month,0.2879,"Low Risk
(0–30%)",0,1
4270,92.4,72,Two year,0.0284,"Low Risk
(0–30%)",0,0
4271,19.9,28,One year,0.0286,"Low Risk
(0–30%)",0,0
4272,25.15,56,Two year,0.0258,"Low Risk
(0–30%)",0,1
4273,79.85,31,Month-to-month,0.2894,"Low Risk
(0–30%)",0,1
4274,18.85,45,One year,0.0293,"Low Risk
(0–30%)",0,0
4275,25.75,1,Month-to-month,0.3329,"Medium Risk
(30–60%)",0,0
4276,49.6,2,Month-to-month,0.4428,"Medium Risk
(30–60%)",0,1
4277,20.95,6,Month-to-month,0.1545,"Low Risk
(0–30%)",0,0
4278,97.05,48,One year,0.2657,"Low Risk
(0–30%)",0,0
4279,25.4,25,Month-to-month,0.1015,"Low Risk
(0–30%)",0,0
4280,19.7,64,Two year,0.0144,"Low Risk
(0–30%)",0,0
4281,35.0,50,Month-to-month,0.1371,"Low Risk
(0–30%)",0,0
4282,101.25,52,One year,0.196,"Low Risk
(0–30%)",0,0
4283,70.2,4,Month-to-month,0.6446,"High Risk
(60–100%)",1,0
4284,90.95,32,Month-to-month,0.3803,"Medium Risk
(30–60%)",0,0
4285,73.85,45,Two year,0.0237,"Low Risk
(0–30%)",0,0
4286,88.05,9,Month-to-month,0.5927,"Medium Risk
(30–60%)",1,0
4287,105.95,66,One year,0.2166,"Low Risk
(0–30%)",0,1
4288,91.85,3,Month-to-month,0.678,"High Risk
(60–100%)",1,1
4289,20.1,54,Two year,0.0227,"Low Risk
(0–30%)",0,0
4290,40.1,1,Month-to-month,0.4599,"Medium Risk
(30–60%)",0,1
4291,110.3,64,Two year,0.0616,"Low Risk
(0–30%)",0,0
4292,73.9,31,Month-to-month,0.5055,"Medium Risk
(30–60%)",1,1
4293,89.8,14,Month-to-month,0.5507,"Medium Risk
(30–60%)",1,1
4294,85.15,12,One year,0.1034,"Low Risk
(0–30%)",0,0
4295,60.95,67,One year,0.0336,"Low Risk
(0–30%)",0,0
4296,72.25,35,Month-to-month,0.1536,"Low Risk
(0–30%)",0,1
4297,73.55,45,Two year,0.0332,"Low Risk
(0–30%)",0,0
4298,46.0,10,Month-to-month,0.2186,"Low Risk
(0–30%)",0,0
4299,58.55,29,Month-to-month,0.1815,"Low Risk
(0–30%)",0,0
4300,24.6,24,One year,0.0397,"Low Risk
(0–30%)",0,0
4301,19.75,66,Two year,0.0145,"Low Risk
(0–30%)",0,0
4302,86.35,51,One year,0.0639,"Low Risk
(0–30%)",0,0
4303,25.5,45,Two year,0.0209,"Low Risk
(0–30%)",0,0
4304,19.0,49,One year,0.029,"Low Risk
(0–30%)",0,0
4305,19.55,29,Two year,0.0197,"Low Risk
(0–30%)",0,0
4306,110.1,40,Month-to-month,0.2805,"Low Risk
(0–30%)",0,0
4307,96.55,37,Month-to-month,0.5643,"Medium Risk
(30–60%)",1,1
4308,69.75,25,Month-to-month,0.3242,"Medium Risk
(30–60%)",0,0
4309,50.6,22,Month-to-month,0.4635,"Medium Risk
(30–60%)",0,0
4310,65.6,72,Two year,0.0184,"Low Risk
(0–30%)",0,0
4311,40.1,7,Month-to-month,0.3735,"Medium Risk
(30–60%)",0,1
4312,82.1,33,Two year,0.0426,"Low Risk
(0–30%)",0,0
4313,79.1,23,Month-to-month,0.2704,"Low Risk
(0–30%)",0,0
4314,101.25,24,Month-to-month,0.6595,"High Risk
(60–100%)",1,1
4315,79.55,1,Month-to-month,0.8171,"High Risk
(60–100%)",1,1
4316,90.65,69,Two year,0.0267,"Low Risk
(0–30%)",0,0
4317,20.55,3,One year,0.0525,"Low Risk
(0–30%)",0,0
4318,75.75,56,One year,0.0834,"Low Risk
(0–30%)",0,0
4319,110.0,65,One year,0.2195,"Low Risk
(0–30%)",0,0
4320,20.85,71,One year,0.0339,"Low Risk
(0–30%)",0,0
4321,80.35,14,Month-to-month,0.5453,"Medium Risk
(30–60%)",1,0
4322,70.15,2,Month-to-month,0.6591,"High Risk
(60–100%)",1,0
4323,84.05,32,One year,0.1896,"Low Risk
(0–30%)",0,1
4324,67.45,40,Month-to-month,0.1768,"Low Risk
(0–30%)",0,0
4325,20.75,1,Month-to-month,0.2854,"Low Risk
(0–30%)",0,0
4326,89.1,1,Month-to-month,0.8534,"High Risk
(60–100%)",1,1
4327,69.9,7,Month-to-month,0.503,"Medium Risk
(30–60%)",1,0
4328,51.1,15,Month-to-month,0.4447,"Medium Risk
(30–60%)",0,0
4329,94.4,17,Month-to-month,0.4852,"Medium Risk
(30–60%)",0,1
4330,78.25,19,Month-to-month,0.4545,"Medium Risk
(30–60%)",0,1
4331,25.55,71,Two year,0.0167,"Low Risk
(0–30%)",0,0
4332,60.0,54,Two year,0.02,"Low Risk
(0–30%)",0,0
4333,90.55,31,Month-to-month,0.2144,"Low Risk
(0–30%)",0,0
4334,76.4,11,Month-to-month,0.3921,"Medium Risk
(30–60%)",0,0
4335,84.95,18,Month-to-month,0.5208,"Medium Risk
(30–60%)",1,0
4336,110.1,72,Two year,0.0455,"Low Risk
(0–30%)",0,0
4337,99.65,71,Month-to-month,0.3133,"Medium Risk
(30–60%)",0,0
4338,45.4,5,Month-to-month,0.3436,"Medium Risk
(30–60%)",0,0
4339,69.0,38,One year,0.0977,"Low Risk
(0–30%)",0,0
4340,48.65,5,Month-to-month,0.2845,"Low Risk
(0–30%)",0,0
4341,44.15,2,Month-to-month,0.5706,"Medium Risk
(30–60%)",1,1
4342,59.85,52,Two year,0.0408,"Low Risk
(0–30%)",0,0
4343,75.75,8,Month-to-month,0.7156,"High Risk
(60–100%)",1,1
4344,80.65,68,Two year,0.1077,"Low Risk
(0–30%)",0,0
4345,20.55,69,One year,0.0234,"Low Risk
(0–30%)",0,0
4346,66.4,42,Month-to-month,0.1176,"Low Risk
(0–30%)",0,0
4347,100.2,50,Two year,0.0829,"Low Risk
(0–30%)",0,0
4348,19.1,1,Month-to-month,0.3124,"Medium Risk
(30–60%)",0,1
4349,80.3,1,Month-to-month,0.8008,"High Risk
(60–100%)",1,1
4350,44.55,33,Month-to-month,0.1674,"Low Risk
(0–30%)",0,0
4351,20.35,7,Month-to-month,0.115,"Low Risk
(0–30%)",0,0
4352,91.8,64,Month-to-month,0.2309,"Low Risk
(0–30%)",0,0
4353,74.9,1,Month-to-month,0.8028,"High Risk
(60–100%)",1,1
4354,20.2,59,Two year,0.0176,"Low Risk
(0–30%)",0,0
4355,50.35,6,Month-to-month,0.4179,"Medium Risk
(30–60%)",0,0
4356,18.8,3,Month-to-month,0.1384,"Low Risk
(0–30%)",0,0
4357,20.45,15,Month-to-month,0.104,"Low Risk
(0–30%)",0,0
4358,64.75,13,One year,0.222,"Low Risk
(0–30%)",0,0
4359,98.7,23,Month-to-month,0.5574,"Medium Risk
(30–60%)",1,0
4360,89.45,31,Month-to-month,0.3746,"Medium Risk
(30–60%)",0,0
4361,58.75,29,One year,0.0478,"Low Risk
(0–30%)",0,0
4362,20.7,49,One year,0.0311,"Low Risk
(0–30%)",0,0
4363,85.6,56,Month-to-month,0.2917,"Low Risk
(0–30%)",0,0
4364,80.3,63,Two year,0.0234,"Low Risk
(0–30%)",0,0
4365,79.8,63,Two year,0.0386,"Low Risk
(0–30%)",0,0
4366,79.85,24,Month-to-month,0.4239,"Medium Risk
(30–60%)",0,0
4367,54.1,36,One year,0.071,"Low Risk
(0–30%)",0,0
4368,80.85,9,Month-to-month,0.6712,"High Risk
(60–100%)",1,1
4369,24.75,3,Month-to-month,0.4944,"Medium Risk
(30–60%)",0,1
4370,80.9,21,One year,0.0773,"Low Risk
(0–30%)",0,0
4371,24.5,13,One year,0.0363,"Low Risk
(0–30%)",0,0
4372,20.15,1,Month-to-month,0.3656,"Medium Risk
(30–60%)",0,0
4373,20.05,25,One year,0.0296,"Low Risk
(0–30%)",0,0
4374,19.6,71,Two year,0.0109,"Low Risk
(0–30%)",0,0
4375,114.3,66,One year,0.1943,"Low Risk
(0–30%)",0,0
4376,100.3,45,One year,0.1913,"Low Risk
(0–30%)",0,0
4377,80.0,22,Month-to-month,0.3629,"Medium Risk
(30–60%)",0,0
4378,20.85,67,One year,0.0259,"Low Risk
(0–30%)",0,0
4379,89.95,68,Two year,0.0675,"Low Risk
(0–30%)",0,0
4380,20.0,0,Two year,0.0153,"Low Risk
(0–30%)",0,0
4381,90.85,49,Month-to-month,0.3375,"Medium Risk
(30–60%)",0,1
4382,48.75,4,Month-to-month,0.4601,"Medium Risk
(30–60%)",0,0
4383,80.0,63,One year,0.0531,"Low Risk
(0–30%)",0,0
4384,79.7,2,Month-to-month,0.5918,"Medium Risk
(30–60%)",1,1
4385,20.35,21,One year,0.0398,"Low Risk
(0–30%)",0,0
4386,57.55,55,Two year,0.0194,"Low Risk
(0–30%)",0,1
4387,20.25,1,Month-to-month,0.3515,"Medium Risk
(30–60%)",0,0
4388,19.4,17,Two year,0.022,"Low Risk
(0–30%)",0,0
4389,100.4,30,Month-to-month,0.4784,"Medium Risk
(30–60%)",0,0
4390,57.95,22,Month-to-month,0.1082,"Low Risk
(0–30%)",0,0
4391,59.5,9,Month-to-month,0.2339,"Low Risk
(0–30%)",0,0
4392,19.2,1,Month-to-month,0.2374,"Low Risk
(0–30%)",0,0
4393,86.5,21,Month-to-month,0.5885,"Medium Risk
(30–60%)",1,1
4394,59.55,19,Month-to-month,0.2373,"Low Risk
(0–30%)",0,0
4395,103.95,69,Month-to-month,0.3846,"Medium Risk
(30–60%)",0,1
4396,25.1,1,Month-to-month,0.7385,"High Risk
(60–100%)",1,1
4397,103.95,72,Two year,0.0412,"Low Risk
(0–30%)",0,0
4398,68.95,70,Two year,0.0273,"Low Risk
(0–30%)",0,0
4399,103.1,66,Month-to-month,0.2345,"Low Risk
(0–30%)",0,0
4400,24.7,7,Month-to-month,0.4834,"Medium Risk
(30–60%)",0,0
4401,110.2,46,Month-to-month,0.3138,"Medium Risk
(30–60%)",0,0
4402,48.95,39,Month-to-month,0.1115,"Low Risk
(0–30%)",0,1
4403,62.45,32,Month-to-month,0.1616,"Low Risk
(0–30%)",0,0
4404,89.55,24,Month-to-month,0.4719,"Medium Risk
(30–60%)",0,0
4405,83.55,6,Month-to-month,0.6609,"High Risk
(60–100%)",1,1
4406,78.9,37,Month-to-month,0.1328,"Low Risk
(0–30%)",0,0
4407,20.35,8,Month-to-month,0.097,"Low Risk
(0–30%)",0,0
4408,71.45,72,Two year,0.0255,"Low Risk
(0–30%)",0,0
4409,46.35,71,Two year,0.0168,"Low Risk
(0–30%)",0,0
4410,94.65,16,Month-to-month,0.476,"Medium Risk
(30–60%)",0,0
4411,49.9,57,Month-to-month,0.0915,"Low Risk
(0–30%)",0,0
4412,25.45,66,One year,0.0275,"Low Risk
(0–30%)",0,0
4413,89.15,17,Month-to-month,0.5194,"Medium Risk
(30–60%)",1,1
4414,20.75,21,Month-to-month,0.0808,"Low Risk
(0–30%)",0,0
4415,66.1,66,Two year,0.029,"Low Risk
(0–30%)",0,0
4416,75.4,17,Month-to-month,0.2872,"Low Risk
(0–30%)",0,0
4417,70.45,1,Month-to-month,0.7502,"High Risk
(60–100%)",1,1
4418,60.3,58,One year,0.0329,"Low Risk
(0–30%)",0,1
4419,21.05,8,Month-to-month,0.112,"Low Risk
(0–30%)",0,0
4420,69.35,27,One year,0.0397,"Low Risk
(0–30%)",0,0
4421,88.85,34,Month-to-month,0.3136,"Medium Risk
(30–60%)",0,0
4422,97.0,30,One year,0.2389,"Low Risk
(0–30%)",0,0
4423,66.4,33,Month-to-month,0.2103,"Low Risk
(0–30%)",0,0
4424,24.75,1,Month-to-month,0.5647,"Medium Risk
(30–60%)",1,1
4425,69.2,14,Month-to-month,0.1546,"Low Risk
(0–30%)",0,0
4426,79.5,16,One year,0.112,"Low Risk
(0–30%)",0,0
4427,100.65,49,Two year,0.087,"Low Risk
(0–30%)",0,0
4428,103.3,19,Month-to-month,0.4805,"Medium Risk
(30–60%)",0,1
4429,79.7,70,Two year,0.0206,"Low Risk
(0–30%)",0,0
4430,61.4,32,Month-to-month,0.0846,"Low Risk
(0–30%)",0,0
4431,69.8,18,Month-to-month,0.4554,"Medium Risk
(30–60%)",0,0
4432,40.55,37,Two year,0.0241,"Low Risk
(0–30%)",0,0
4433,75.65,4,Month-to-month,0.7486,"High Risk
(60–100%)",1,0
4434,90.7,16,Month-to-month,0.3632,"Medium Risk
(30–60%)",0,0
4435,80.5,17,Month-to-month,0.4067,"Medium Risk
(30–60%)",0,0
4436,60.6,19,Month-to-month,0.2074,"Low Risk
(0–30%)",0,0
4437,101.15,60,Two year,0.1032,"Low Risk
(0–30%)",0,0
4438,24.95,51,Two year,0.0222,"Low Risk
(0–30%)",0,0
4439,20.3,28,Two year,0.0186,"Low Risk
(0–30%)",0,0
4440,60.0,43,Two year,0.0983,"Low Risk
(0–30%)",0,0
4441,20.25,42,Two year,0.024,"Low Risk
(0–30%)",0,0
4442,78.5,3,Month-to-month,0.7,"High Risk
(60–100%)",1,1
4443,44.75,1,Month-to-month,0.4807,"Medium Risk
(30–60%)",0,0
4444,19.85,3,Month-to-month,0.1387,"Low Risk
(0–30%)",0,1
4445,98.0,63,Two year,0.0452,"Low Risk
(0–30%)",0,0
4446,79.9,3,Month-to-month,0.7169,"High Risk
(60–100%)",1,1
4447,107.7,68,Month-to-month,0.3403,"Medium Risk
(30–60%)",0,0
4448,99.7,30,Month-to-month,0.5823,"Medium Risk
(30–60%)",1,1
4449,104.7,60,Two year,0.1506,"Low Risk
(0–30%)",0,0
4450,58.6,15,Month-to-month,0.2022,"Low Risk
(0–30%)",0,1
4451,93.9,45,Month-to-month,0.4413,"Medium Risk
(30–60%)",0,0
4452,86.45,70,Two year,0.0235,"Low Risk
(0–30%)",0,0
4453,98.5,10,Month-to-month,0.8263,"High Risk
(60–100%)",1,1
4454,19.4,4,Month-to-month,0.1284,"Low Risk
(0–30%)",0,0
4455,50.45,1,Month-to-month,0.5695,"Medium Risk
(30–60%)",1,1
4456,24.95,68,Two year,0.018,"Low Risk
(0–30%)",0,0
4457,75.0,22,Month-to-month,0.24,"Low Risk
(0–30%)",0,0
4458,94.65,38,Month-to-month,0.4442,"Medium Risk
(30–60%)",0,1
4459,100.25,1,Month-to-month,0.8799,"High Risk
(60–100%)",1,1
4460,78.2,18,Month-to-month,0.3329,"Medium Risk
(30–60%)",0,0
4461,94.2,29,Month-to-month,0.4232,"Medium Risk
(30–60%)",0,0
4462,88.45,16,Month-to-month,0.6437,"High Risk
(60–100%)",1,1
4463,69.85,1,Month-to-month,0.7976,"High Risk
(60–100%)",1,1
4464,81.7,12,Month-to-month,0.3667,"Medium Risk
(30–60%)",0,1
4465,50.05,31,One year,0.2192,"Low Risk
(0–30%)",0,0
4466,79.9,4,Month-to-month,0.6941,"High Risk
(60–100%)",1,1
4467,69.55,48,One year,0.0975,"Low Risk
(0–30%)",0,0
4468,25.4,15,Month-to-month,0.1431,"Low Risk
(0–30%)",0,1
4469,90.1,50,One year,0.0504,"Low Risk
(0–30%)",0,0
4470,44.65,7,Month-to-month,0.2931,"Low Risk
(0–30%)",0,0
4471,83.75,41,Month-to-month,0.3,"Low Risk
(0–30%)",0,1
4472,80.35,68,Two year,0.0282,"Low Risk
(0–30%)",0,0
4473,98.1,26,Month-to-month,0.588,"Medium Risk
(30–60%)",1,0
4474,53.35,57,Two year,0.0404,"Low Risk
(0–30%)",0,0
4475,19.55,3,Month-to-month,0.1551,"Low Risk
(0–30%)",0,0
4476,20.9,1,Month-to-month,0.322,"Medium Risk
(30–60%)",0,1
4477,48.95,19,One year,0.0612,"Low Risk
(0–30%)",0,0
4478,54.2,3,Month-to-month,0.5315,"Medium Risk
(30–60%)",1,0
4479,24.45,59,Two year,0.0236,"Low Risk
(0–30%)",0,0
4480,69.4,1,Month-to-month,0.7562,"High Risk
(60–100%)",1,1
4481,40.15,42,Month-to-month,0.1776,"Low Risk
(0–30%)",0,0
4482,74.9,7,Month-to-month,0.7116,"High Risk
(60–100%)",1,1
4483,25.6,67,Two year,0.0166,"Low Risk
(0–30%)",0,0
4484,70.35,1,Month-to-month,0.7976,"High Risk
(60–100%)",1,0
4485,91.7,66,Two year,0.0249,"Low Risk
(0–30%)",0,0
4486,89.2,61,Month-to-month,0.2355,"Low Risk
(0–30%)",0,0
4487,24.1,4,One year,0.0437,"Low Risk
(0–30%)",0,0
4488,74.15,42,Month-to-month,0.2445,"Low Risk
(0–30%)",0,1
4489,53.85,64,One year,0.057,"Low Risk
(0–30%)",0,0
4490,115.6,54,One year,0.2047,"Low Risk
(0–30%)",0,0
4491,19.75,1,Month-to-month,0.336,"Medium Risk
(30–60%)",0,0
4492,24.05,54,Two year,0.019,"Low Risk
(0–30%)",0,0
4493,25.3,18,Two year,0.0227,"Low Risk
(0–30%)",0,0
4494,84.3,3,Month-to-month,0.5736,"Medium Risk
(30–60%)",1,0
4495,70.1,1,Month-to-month,0.7976,"High Risk
(60–100%)",1,1
4496,89.75,72,Two year,0.015,"Low Risk
(0–30%)",0,0
4497,97.95,60,One year,0.208,"Low Risk
(0–30%)",0,0
4498,20.0,11,One year,0.0451,"Low Risk
(0–30%)",0,0
4499,78.3,12,Month-to-month,0.5212,"Medium Risk
(30–60%)",1,1
4500,103.9,61,One year,0.1475,"Low Risk
(0–30%)",0,0
4501,20.7,39,Two year,0.0185,"Low Risk
(0–30%)",0,0
4502,96.8,55,Month-to-month,0.4891,"Medium Risk
(30–60%)",0,1
4503,94.4,17,Month-to-month,0.5417,"Medium Risk
(30–60%)",1,1
4504,20.15,37,One year,0.0321,"Low Risk
(0–30%)",0,0
4505,26.0,72,Two year,0.0137,"Low Risk
(0–30%)",0,0
4506,77.35,72,Two year,0.0316,"Low Risk
(0–30%)",0,0
4507,66.05,8,Month-to-month,0.1434,"Low Risk
(0–30%)",0,0
4508,19.9,22,Month-to-month,0.0808,"Low Risk
(0–30%)",0,0
4509,84.3,1,Month-to-month,0.7963,"High Risk
(60–100%)",1,1
4510,68.15,38,Month-to-month,0.1406,"Low Risk
(0–30%)",0,0
4511,80.85,17,One year,0.1269,"Low Risk
(0–30%)",0,0
4512,75.5,70,Two year,0.0443,"Low Risk
(0–30%)",0,0
4513,92.45,72,Two year,0.0181,"Low Risk
(0–30%)",0,1
4514,80.6,28,Month-to-month,0.438,"Medium Risk
(30–60%)",0,0
4515,83.2,15,Month-to-month,0.4817,"Medium Risk
(30–60%)",0,0
4516,87.55,72,Two year,0.0218,"Low Risk
(0–30%)",0,0
4517,99.55,11,Month-to-month,0.8122,"High Risk
(60–100%)",1,1
4518,81.25,8,Month-to-month,0.7639,"High Risk
(60–100%)",1,1
4519,109.4,57,One year,0.2328,"Low Risk
(0–30%)",0,0
4520,19.95,1,Month-to-month,0.3089,"Medium Risk
(30–60%)",0,1
4521,45.55,46,Month-to-month,0.1814,"Low Risk
(0–30%)",0,0
4522,20.7,30,One year,0.0316,"Low Risk
(0–30%)",0,0
4523,75.3,10,Month-to-month,0.4388,"Medium Risk
(30–60%)",0,0
4524,99.25,23,Month-to-month,0.5917,"Medium Risk
(30–60%)",1,1
4525,93.4,32,Month-to-month,0.2899,"Low Risk
(0–30%)",0,0
4526,73.75,13,Month-to-month,0.3321,"Medium Risk
(30–60%)",0,0
4527,80.45,39,Two year,0.0842,"Low Risk
(0–30%)",0,1
4528,88.15,44,Month-to-month,0.3213,"Medium Risk
(30–60%)",0,0
4529,49.2,9,Month-to-month,0.2181,"Low Risk
(0–30%)",0,0
4530,19.65,67,Two year,0.0147,"Low Risk
(0–30%)",0,0
4531,79.35,9,Month-to-month,0.607,"High Risk
(60–100%)",1,1
4532,79.75,15,Month-to-month,0.6246,"High Risk
(60–100%)",1,1
4533,105.15,71,Two year,0.0899,"Low Risk
(0–30%)",0,0
4534,49.0,1,Month-to-month,0.3795,"Medium Risk
(30–60%)",0,0
4535,100.05,30,Month-to-month,0.5853,"Medium Risk
(30–60%)",1,1
4536,69.35,1,Month-to-month,0.8035,"High Risk
(60–100%)",1,1
4537,49.8,17,Month-to-month,0.2968,"Low Risk
(0–30%)",0,0
4538,85.8,3,Month-to-month,0.5712,"Medium Risk
(30–60%)",1,1
4539,79.7,67,Two year,0.0604,"Low Risk
(0–30%)",0,1
4540,20.95,1,Month-to-month,0.3004,"Medium Risk
(30–60%)",0,0
4541,50.55,1,Month-to-month,0.633,"High Risk
(60–100%)",1,1
4542,79.3,32,Month-to-month,0.3245,"Medium Risk
(30–60%)",0,0
4543,19.5,41,One year,0.03,"Low Risk
(0–30%)",0,0
4544,80.55,1,Month-to-month,0.8514,"High Risk
(60–100%)",1,1
4545,44.15,1,Month-to-month,0.4807,"Medium Risk
(30–60%)",0,0
4546,84.5,12,Month-to-month,0.6432,"High Risk
(60–100%)",1,1
4547,105.5,62,Month-to-month,0.3105,"Medium Risk
(30–60%)",0,0
4548,84.3,22,Month-to-month,0.3909,"Medium Risk
(30–60%)",0,1
4549,92.7,17,Month-to-month,0.3574,"Medium Risk
(30–60%)",0,0
4550,26.25,72,Two year,0.0166,"Low Risk
(0–30%)",0,0
4551,96.95,56,Month-to-month,0.224,"Low Risk
(0–30%)",0,0
4552,20.45,9,Month-to-month,0.131,"Low Risk
(0–30%)",0,0
4553,115.8,72,Two year,0.0486,"Low Risk
(0–30%)",0,0
4554,108.2,20,Month-to-month,0.4089,"Medium Risk
(30–60%)",0,0
4555,20.2,19,Two year,0.0189,"Low Risk
(0–30%)",0,0
4556,67.75,2,Month-to-month,0.6591,"High Risk
(60–100%)",1,1
4557,54.9,53,One year,0.077,"Low Risk
(0–30%)",0,0
4558,85.25,27,Month-to-month,0.5779,"Medium Risk
(30–60%)",1,1
4559,20.15,6,Month-to-month,0.1178,"Low Risk
(0–30%)",0,0
4560,90.35,9,One year,0.2981,"Low Risk
(0–30%)",0,0
4561,55.75,8,Month-to-month,0.2919,"Low Risk
(0–30%)",0,0
4562,114.6,71,Two year,0.0286,"Low Risk
(0–30%)",0,0
4563,80.05,10,Month-to-month,0.6158,"High Risk
(60–100%)",1,1
4564,20.0,1,Month-to-month,0.3303,"Medium Risk
(30–60%)",0,1
4565,66.8,71,One year,0.0369,"Low Risk
(0–30%)",0,0
4566,100.3,68,One year,0.2295,"Low Risk
(0–30%)",0,0
4567,105.35,34,Month-to-month,0.4861,"Medium Risk
(30–60%)",0,0
4568,85.2,26,One year,0.1364,"Low Risk
(0–30%)",0,0
4569,48.8,22,Month-to-month,0.1741,"Low Risk
(0–30%)",0,1
4570,18.95,7,Month-to-month,0.127,"Low Risk
(0–30%)",0,0
4571,69.8,20,Month-to-month,0.3282,"Medium Risk
(30–60%)",0,0
4572,106.15,60,Month-to-month,0.449,"Medium Risk
(30–60%)",0,0
4573,20.55,72,Two year,0.0148,"Low Risk
(0–30%)",0,0
4574,105.75,72,One year,0.1333,"Low Risk
(0–30%)",0,0
4575,25.25,4,Month-to-month,0.147,"Low Risk
(0–30%)",0,0
4576,19.75,16,Month-to-month,0.1154,"Low Risk
(0–30%)",0,0
4577,104.85,62,One year,0.2387,"Low Risk
(0–30%)",0,0
4578,60.95,10,Month-to-month,0.2264,"Low Risk
(0–30%)",0,0
4579,81.15,31,Month-to-month,0.4774,"Medium Risk
(30–60%)",0,0
4580,19.1,71,Two year,0.0099,"Low Risk
(0–30%)",0,0
4581,20.8,58,Two year,0.017,"Low Risk
(0–30%)",0,0
4582,90.15,70,Two year,0.0232,"Low Risk
(0–30%)",0,0
4583,90.1,71,Two year,0.0247,"Low Risk
(0–30%)",0,0
4584,74.1,69,Two year,0.03,"Low Risk
(0–30%)",0,0
4585,85.05,1,Month-to-month,0.8921,"High Risk
(60–100%)",1,1
4586,118.75,72,Two year,0.0314,"Low Risk
(0–30%)",0,0
4587,85.9,26,Month-to-month,0.2748,"Low Risk
(0–30%)",0,0
4588,95.0,33,Month-to-month,0.345,"Medium Risk
(30–60%)",0,0
4589,20.15,10,Two year,0.0223,"Low Risk
(0–30%)",0,0
4590,101.3,57,Two year,0.0649,"Low Risk
(0–30%)",0,0
4591,21.2,10,Month-to-month,0.1706,"Low Risk
(0–30%)",0,0
4592,24.2,39,One year,0.0339,"Low Risk
(0–30%)",0,0
4593,20.3,11,Month-to-month,0.106,"Low Risk
(0–30%)",0,0
4594,102.8,21,Month-to-month,0.4586,"Medium Risk
(30–60%)",0,1
4595,85.3,68,Two year,0.0337,"Low Risk
(0–30%)",0,0
4596,89.6,18,One year,0.1564,"Low Risk
(0–30%)",0,0
4597,99.95,6,Month-to-month,0.7195,"High Risk
(60–100%)",1,1
4598,56.25,18,Month-to-month,0.1724,"Low Risk
(0–30%)",0,0
4599,50.95,52,One year,0.0764,"Low Risk
(0–30%)",0,0
4600,115.85,56,Two year,0.0771,"Low Risk
(0–30%)",0,0
4601,103.65,45,Month-to-month,0.3922,"Medium Risk
(30–60%)",0,0
4602,26.1,67,Two year,0.0184,"Low Risk
(0–30%)",0,0
4603,35.1,3,Month-to-month,0.2088,"Low Risk
(0–30%)",0,0
4604,99.1,65,Month-to-month,0.3226,"Medium Risk
(30–60%)",0,0
4605,67.25,63,Two year,0.0314,"Low Risk
(0–30%)",0,0
4606,25.0,11,Two year,0.0225,"Low Risk
(0–30%)",0,0
4607,59.55,1,Month-to-month,0.4667,"Medium Risk
(30–60%)",0,0
4608,77.8,55,Two year,0.0628,"Low Risk
(0–30%)",0,0
4609,55.1,25,One year,0.0683,"Low Risk
(0–30%)",0,0
4610,117.8,72,One year,0.1626,"Low Risk
(0–30%)",0,1
4611,24.15,72,Two year,0.0135,"Low Risk
(0–30%)",0,0
4612,45.25,65,Two year,0.0288,"Low Risk
(0–30%)",0,0
4613,79.5,54,Month-to-month,0.3602,"Medium Risk
(30–60%)",0,1
4614,20.25,7,Month-to-month,0.1001,"Low Risk
(0–30%)",0,0
4615,64.75,72,Two year,0.0193,"Low Risk
(0–30%)",0,0
4616,54.6,21,Month-to-month,0.1784,"Low Risk
(0–30%)",0,0
4617,20.7,2,Month-to-month,0.2073,"Low Risk
(0–30%)",0,0
4618,94.75,4,Month-to-month,0.7491,"High Risk
(60–100%)",1,0
4619,79.65,3,Month-to-month,0.664,"High Risk
(60–100%)",1,1
4620,115.8,72,Two year,0.0406,"Low Risk
(0–30%)",0,0
4621,49.45,6,Month-to-month,0.2908,"Low Risk
(0–30%)",0,0
4622,83.8,52,Month-to-month,0.2825,"Low Risk
(0–30%)",0,0
4623,95.35,69,Month-to-month,0.2773,"Low Risk
(0–30%)",0,0
4624,94.7,8,Month-to-month,0.7022,"High Risk
(60–100%)",1,1
4625,74.05,8,Month-to-month,0.5253,"Medium Risk
(30–60%)",1,0
4626,89.6,63,Month-to-month,0.2537,"Low Risk
(0–30%)",0,0
4627,116.6,60,One year,0.1832,"Low Risk
(0–30%)",0,0
4628,54.2,12,Month-to-month,0.1325,"Low Risk
(0–30%)",0,0
4629,19.3,13,Month-to-month,0.1179,"Low Risk
(0–30%)",0,0
4630,65.05,22,Month-to-month,0.1456,"Low Risk
(0–30%)",0,0
4631,92.5,5,Month-to-month,0.8172,"High Risk
(60–100%)",1,1
4632,19.45,1,Month-to-month,0.2911,"Low Risk
(0–30%)",0,1
4633,24.05,72,Two year,0.011,"Low Risk
(0–30%)",0,0
4634,18.75,2,Month-to-month,0.1345,"Low Risk
(0–30%)",0,0
4635,20.15,40,Two year,0.0173,"Low Risk
(0–30%)",0,0
4636,20.0,44,One year,0.03,"Low Risk
(0–30%)",0,0
4637,71.0,71,One year,0.029,"Low Risk
(0–30%)",0,0
4638,75.55,2,Month-to-month,0.7642,"High Risk
(60–100%)",1,1
4639,93.6,26,Month-to-month,0.6389,"High Risk
(60–100%)",1,0
4640,70.0,1,Month-to-month,0.7969,"High Risk
(60–100%)",1,1
4641,24.4,1,Month-to-month,0.5133,"Medium Risk
(30–60%)",1,0
4642,74.8,65,Two year,0.0259,"Low Risk
(0–30%)",0,1
4643,65.25,3,Month-to-month,0.3637,"Medium Risk
(30–60%)",0,0
4644,50.55,13,Month-to-month,0.1887,"Low Risk
(0–30%)",0,0
4645,104.4,33,Month-to-month,0.5389,"Medium Risk
(30–60%)",1,1
4646,70.7,1,Month-to-month,0.7493,"High Risk
(60–100%)",1,0
4647,45.25,4,Month-to-month,0.3159,"Medium Risk
(30–60%)",0,0
4648,70.3,2,Month-to-month,0.6544,"High Risk
(60–100%)",1,0
4649,108.95,72,Two year,0.0528,"Low Risk
(0–30%)",0,0
4650,26.45,37,Month-to-month,0.0788,"Low Risk
(0–30%)",0,0
4651,86.2,15,Month-to-month,0.3793,"Medium Risk
(30–60%)",0,1
4652,19.65,23,One year,0.0376,"Low Risk
(0–30%)",0,0
4653,51.2,30,Month-to-month,0.1177,"Low Risk
(0–30%)",0,1
4654,19.05,42,One year,0.0347,"Low Risk
(0–30%)",0,0
4655,74.75,32,One year,0.1003,"Low Risk
(0–30%)",0,0
4656,75.8,22,Month-to-month,0.3722,"Medium Risk
(30–60%)",0,0
4657,25.1,42,Month-to-month,0.2178,"Low Risk
(0–30%)",0,0
4658,44.45,8,Month-to-month,0.2276,"Low Risk
(0–30%)",0,0
4659,104.3,65,Two year,0.1105,"Low Risk
(0–30%)",0,0
4660,19.5,2,Month-to-month,0.2293,"Low Risk
(0–30%)",0,1
4661,89.0,70,Two year,0.0224,"Low Risk
(0–30%)",0,0
4662,20.15,22,Month-to-month,0.0791,"Low Risk
(0–30%)",0,0
4663,74.9,4,Month-to-month,0.7617,"High Risk
(60–100%)",1,1
4664,74.9,2,Month-to-month,0.5884,"Medium Risk
(30–60%)",1,1
4665,36.15,67,Two year,0.0252,"Low Risk
(0–30%)",0,0
4666,19.2,25,Month-to-month,0.0838,"Low Risk
(0–30%)",0,0
4667,19.25,20,Month-to-month,0.0916,"Low Risk
(0–30%)",0,0
4668,61.2,2,Month-to-month,0.3162,"Medium Risk
(30–60%)",0,0
4669,20.45,51,Two year,0.018,"Low Risk
(0–30%)",0,0
4670,35.05,46,Month-to-month,0.1214,"Low Risk
(0–30%)",0,0
4671,100.25,25,Month-to-month,0.6601,"High Risk
(60–100%)",1,1
4672,44.0,13,Month-to-month,0.168,"Low Risk
(0–30%)",0,0
4673,102.8,25,Month-to-month,0.5114,"Medium Risk
(30–60%)",1,1
4674,50.35,26,One year,0.063,"Low Risk
(0–30%)",0,0
4675,100.0,43,One year,0.3526,"Medium Risk
(30–60%)",0,1
4676,20.0,19,Month-to-month,0.1331,"Low Risk
(0–30%)",0,0
4677,99.85,10,Month-to-month,0.6672,"High Risk
(60–100%)",1,1
4678,94.2,2,Month-to-month,0.7875,"High Risk
(60–100%)",1,1
4679,86.4,72,Two year,0.0182,"Low Risk
(0–30%)",0,0
4680,58.4,18,Month-to-month,0.2132,"Low Risk
(0–30%)",0,0
4681,83.85,9,Month-to-month,0.7657,"High Risk
(60–100%)",1,1
4682,88.3,27,Month-to-month,0.3859,"Medium Risk
(30–60%)",0,1
4683,94.1,24,Month-to-month,0.6314,"High Risk
(60–100%)",1,0
4684,104.05,69,One year,0.2385,"Low Risk
(0–30%)",0,1
4685,108.9,46,Two year,0.1688,"Low Risk
(0–30%)",0,0
4686,107.4,72,Two year,0.042,"Low Risk
(0–30%)",0,0
4687,94.7,22,Month-to-month,0.4405,"Medium Risk
(30–60%)",0,1
4688,90.85,70,Month-to-month,0.2667,"Low Risk
(0–30%)",0,0
4689,19.9,2,Month-to-month,0.1802,"Low Risk
(0–30%)",0,0
4690,66.4,31,Month-to-month,0.1418,"Low Risk
(0–30%)",0,0
4691,100.65,56,Month-to-month,0.4226,"Medium Risk
(30–60%)",0,1
4692,100.7,16,Month-to-month,0.4293,"Medium Risk
(30–60%)",0,0
4693,25.6,52,Two year,0.0159,"Low Risk
(0–30%)",0,0
4694,19.85,13,Month-to-month,0.1059,"Low Risk
(0–30%)",0,0
4695,20.75,35,One year,0.0318,"Low Risk
(0–30%)",0,0
4696,95.8,59,Two year,0.1073,"Low Risk
(0–30%)",0,0
4697,94.65,72,Month-to-month,0.3229,"Medium Risk
(30–60%)",0,0
4698,80.55,66,Two year,0.0736,"Low Risk
(0–30%)",0,1
4699,106.65,49,Two year,0.1106,"Low Risk
(0–30%)",0,0
4700,45.85,2,Month-to-month,0.4586,"Medium Risk
(30–60%)",0,0
4701,104.35,21,Month-to-month,0.6694,"High Risk
(60–100%)",1,0
4702,55.45,54,One year,0.2555,"Low Risk
(0–30%)",0,0
4703,78.85,24,Month-to-month,0.4542,"Medium Risk
(30–60%)",0,1
4704,61.15,1,Month-to-month,0.5014,"Medium Risk
(30–60%)",1,0
4705,78.95,6,Month-to-month,0.4559,"Medium Risk
(30–60%)",0,0
4706,44.45,1,Month-to-month,0.5418,"Medium Risk
(30–60%)",1,1
4707,109.2,49,One year,0.2177,"Low Risk
(0–30%)",0,0
4708,61.3,56,Two year,0.0245,"Low Risk
(0–30%)",0,0
4709,96.85,56,Month-to-month,0.3056,"Medium Risk
(30–60%)",0,0
4710,40.55,6,Two year,0.0522,"Low Risk
(0–30%)",0,0
4711,19.8,32,One year,0.0307,"Low Risk
(0–30%)",0,0
4712,108.25,50,One year,0.2105,"Low Risk
(0–30%)",0,0
4713,105.05,58,One year,0.2139,"Low Risk
(0–30%)",0,0
4714,90.45,65,Two year,0.0229,"Low Risk
(0–30%)",0,0
4715,86.4,64,Two year,0.025,"Low Risk
(0–30%)",0,0
4716,66.9,66,Two year,0.025,"Low Risk
(0–30%)",0,0
4717,110.7,38,One year,0.3136,"Medium Risk
(30–60%)",0,0
4718,20.0,20,One year,0.0398,"Low Risk
(0–30%)",0,0
4719,84.9,36,Month-to-month,0.5159,"Medium Risk
(30–60%)",1,1
4720,102.1,64,One year,0.2415,"Low Risk
(0–30%)",0,0
4721,20.25,1,Month-to-month,0.3107,"Medium Risk
(30–60%)",0,1
4722,70.15,60,One year,0.0512,"Low Risk
(0–30%)",0,0
4723,74.35,1,Month-to-month,0.7831,"High Risk
(60–100%)",1,1
4724,80.05,50,One year,0.0626,"Low Risk
(0–30%)",0,0
4725,62.05,1,Month-to-month,0.4333,"Medium Risk
(30–60%)",0,1
4726,49.2,72,Two year,0.0382,"Low Risk
(0–30%)",0,0
4727,20.5,60,Two year,0.0168,"Low Risk
(0–30%)",0,0
4728,38.25,46,Two year,0.0262,"Low Risk
(0–30%)",0,0
4729,54.95,69,Two year,0.0548,"Low Risk
(0–30%)",0,0
4730,96.6,31,Month-to-month,0.3993,"Medium Risk
(30–60%)",0,0
4731,19.9,19,One year,0.0334,"Low Risk
(0–30%)",0,0
4732,19.9,71,Two year,0.0098,"Low Risk
(0–30%)",0,0
4733,84.6,12,Month-to-month,0.436,"Medium Risk
(30–60%)",0,0
4734,80.0,39,One year,0.072,"Low Risk
(0–30%)",0,1
4735,85.25,44,One year,0.1441,"Low Risk
(0–30%)",0,0
4736,81.25,56,Two year,0.0175,"Low Risk
(0–30%)",0,0
4737,115.5,72,Two year,0.0385,"Low Risk
(0–30%)",0,0
4738,104.1,5,Month-to-month,0.718,"High Risk
(60–100%)",1,1
4739,79.0,11,Month-to-month,0.434,"Medium Risk
(30–60%)",0,0
4740,39.1,24,Month-to-month,0.221,"Low Risk
(0–30%)",0,1
4741,94.65,15,Month-to-month,0.6082,"High Risk
(60–100%)",1,0
4742,20.8,72,Two year,0.0133,"Low Risk
(0–30%)",0,0
4743,59.5,56,Two year,0.0401,"Low Risk
(0–30%)",0,0
4744,20.05,64,Two year,0.0179,"Low Risk
(0–30%)",0,0
4745,100.45,34,Month-to-month,0.5749,"Medium Risk
(30–60%)",1,0
4746,76.5,2,Month-to-month,0.7883,"High Risk
(60–100%)",1,1
4747,20.6,35,One year,0.0321,"Low Risk
(0–30%)",0,0
4748,20.3,22,One year,0.0341,"Low Risk
(0–30%)",0,0
4749,49.2,5,Month-to-month,0.3579,"Medium Risk
(30–60%)",0,1
4750,39.55,9,One year,0.0646,"Low Risk
(0–30%)",0,0
4751,23.15,11,Month-to-month,0.1187,"Low Risk
(0–30%)",0,1
4752,20.45,23,One year,0.0334,"Low Risk
(0–30%)",0,0
4753,80.85,4,Month-to-month,0.6067,"High Risk
(60–100%)",1,1
4754,25.25,68,Two year,0.0158,"Low Risk
(0–30%)",0,0
4755,91.25,33,Month-to-month,0.3656,"Medium Risk
(30–60%)",0,0
4756,72.45,31,Month-to-month,0.1145,"Low Risk
(0–30%)",0,0
4757,60.1,1,Month-to-month,0.421,"Medium Risk
(30–60%)",0,1
4758,19.7,56,Two year,0.024,"Low Risk
(0–30%)",0,0
4759,78.95,1,Month-to-month,0.8514,"High Risk
(60–100%)",1,1
4760,75.1,66,One year,0.0452,"Low Risk
(0–30%)",0,0
4761,25.0,72,Two year,0.0109,"Low Risk
(0–30%)",0,0
4762,69.15,34,Month-to-month,0.2778,"Low Risk
(0–30%)",0,0
4763,91.55,58,Month-to-month,0.3067,"Medium Risk
(30–60%)",0,0
4764,45.15,2,Month-to-month,0.5339,"Medium Risk
(30–60%)",1,1
4765,35.8,37,Two year,0.0574,"Low Risk
(0–30%)",0,0
4766,113.15,71,Two year,0.043,"Low Risk
(0–30%)",0,0
4767,19.85,1,One year,0.0669,"Low Risk
(0–30%)",0,0
4768,19.8,71,Two year,0.0113,"Low Risk
(0–30%)",0,0
4769,19.9,35,One year,0.0322,"Low Risk
(0–30%)",0,0
4770,19.7,6,One year,0.0414,"Low Risk
(0–30%)",0,0
4771,79.4,3,Month-to-month,0.7119,"High Risk
(60–100%)",1,1
4772,59.1,69,One year,0.0421,"Low Risk
(0–30%)",0,0
4773,53.95,44,One year,0.1761,"Low Risk
(0–30%)",0,1
4774,91.15,53,One year,0.1915,"Low Risk
(0–30%)",0,0
4775,99.3,24,Month-to-month,0.4947,"Medium Risk
(30–60%)",0,1
4776,68.95,5,Month-to-month,0.6271,"High Risk
(60–100%)",1,0
4777,51.55,2,Month-to-month,0.3563,"Medium Risk
(30–60%)",0,0
4778,24.4,62,Two year,0.0142,"Low Risk
(0–30%)",0,0
4779,96.8,19,Month-to-month,0.5636,"Medium Risk
(30–60%)",1,0
4780,70.05,9,Month-to-month,0.4183,"Medium Risk
(30–60%)",0,0
4781,19.5,53,Two year,0.0168,"Low Risk
(0–30%)",0,0
4782,78.75,5,Month-to-month,0.5581,"Medium Risk
(30–60%)",1,0
4783,69.2,71,One year,0.0471,"Low Risk
(0–30%)",0,0
4784,19.55,1,Month-to-month,0.3751,"Medium Risk
(30–60%)",0,0
4785,80.65,18,Month-to-month,0.5486,"Medium Risk
(30–60%)",1,1
4786,103.65,72,Two year,0.1532,"Low Risk
(0–30%)",0,0
4787,54.7,4,Month-to-month,0.1818,"Low Risk
(0–30%)",0,0
4788,54.15,59,Two year,0.0428,"Low Risk
(0–30%)",0,0
4789,71.1,1,Month-to-month,0.7094,"High Risk
(60–100%)",1,1
4790,84.85,31,Month-to-month,0.5438,"Medium Risk
(30–60%)",1,0
4791,20.0,3,Month-to-month,0.1503,"Low Risk
(0–30%)",0,0
4792,106.25,65,One year,0.2778,"Low Risk
(0–30%)",0,1
4793,99.25,49,One year,0.2128,"Low Risk
(0–30%)",0,0
4794,19.35,2,Month-to-month,0.1503,"Low Risk
(0–30%)",0,0
4795,20.8,53,One year,0.0399,"Low Risk
(0–30%)",0,1
4796,94.75,55,One year,0.1692,"Low Risk
(0–30%)",0,0
4797,114.05,72,Two year,0.0371,"Low Risk
(0–30%)",0,0
4798,74.9,36,Month-to-month,0.3765,"Medium Risk
(30–60%)",0,0
4799,19.8,10,Month-to-month,0.1174,"Low Risk
(0–30%)",0,0
4800,94.0,1,Month-to-month,0.9033,"High Risk
(60–100%)",1,1
4801,80.85,72,Two year,0.0135,"Low Risk
(0–30%)",0,0
4802,54.65,28,Month-to-month,0.1074,"Low Risk
(0–30%)",0,0
4803,91.7,38,Month-to-month,0.2851,"Low Risk
(0–30%)",0,0
4804,118.6,61,One year,0.1832,"Low Risk
(0–30%)",0,0
4805,24.55,52,Two year,0.0137,"Low Risk
(0–30%)",0,0
4806,19.45,67,One year,0.0279,"Low Risk
(0–30%)",0,0
4807,116.15,34,Two year,0.0975,"Low Risk
(0–30%)",0,0
4808,80.6,54,Two year,0.0473,"Low Risk
(0–30%)",0,0
4809,20.3,1,Month-to-month,0.3542,"Medium Risk
(30–60%)",0,0
4810,89.85,15,Month-to-month,0.5124,"Medium Risk
(30–60%)",1,1
4811,46.0,4,Month-to-month,0.385,"Medium Risk
(30–60%)",0,1
4812,66.25,9,Month-to-month,0.1827,"Low Risk
(0–30%)",0,1
4813,99.8,46,Month-to-month,0.4369,"Medium Risk
(30–60%)",0,0
4814,90.0,22,Month-to-month,0.5092,"Medium Risk
(30–60%)",1,1
4815,70.45,38,One year,0.1056,"Low Risk
(0–30%)",0,1
4816,75.0,55,One year,0.0349,"Low Risk
(0–30%)",0,0
4817,19.9,1,Month-to-month,0.3421,"Medium Risk
(30–60%)",0,0
4818,80.3,64,One year,0.0406,"Low Risk
(0–30%)",0,0
4819,19.75,53,Two year,0.0206,"Low Risk
(0–30%)",0,1
4820,84.3,58,Two year,0.0453,"Low Risk
(0–30%)",0,0
4821,54.05,56,One year,0.0826,"Low Risk
(0–30%)",0,0
4822,104.9,72,Two year,0.0534,"Low Risk
(0–30%)",0,0
4823,53.95,1,Month-to-month,0.3926,"Medium Risk
(30–60%)",0,1
4824,97.25,72,One year,0.154,"Low Risk
(0–30%)",0,0
4825,83.05,22,Month-to-month,0.4614,"Medium Risk
(30–60%)",0,0
4826,105.5,8,Month-to-month,0.7946,"High Risk
(60–100%)",1,1
4827,81.0,16,Month-to-month,0.5515,"Medium Risk
(30–60%)",1,1
4828,41.1,39,Month-to-month,0.1272,"Low Risk
(0–30%)",0,0
4829,45.0,12,Month-to-month,0.2458,"Low Risk
(0–30%)",0,0
4830,74.55,54,Two year,0.0341,"Low Risk
(0–30%)",0,0
4831,40.2,18,One year,0.0605,"Low Risk
(0–30%)",0,0
4832,70.5,32,One year,0.0635,"Low Risk
(0–30%)",0,0
4833,19.75,41,One year,0.0355,"Low Risk
(0–30%)",0,0
4834,24.65,67,Two year,0.0141,"Low Risk
(0–30%)",0,0
4835,104.25,65,Month-to-month,0.4512,"Medium Risk
(30–60%)",0,0
4836,78.35,25,Month-to-month,0.1393,"Low Risk
(0–30%)",0,0
4837,69.8,1,Month-to-month,0.8029,"High Risk
(60–100%)",1,1
4838,109.7,67,One year,0.1977,"Low Risk
(0–30%)",0,0
4839,73.75,7,Month-to-month,0.5356,"Medium Risk
(30–60%)",1,1
4840,33.45,43,Month-to-month,0.1728,"Low Risk
(0–30%)",0,0
4841,94.6,24,Month-to-month,0.5043,"Medium Risk
(30–60%)",1,0
4842,54.55,9,Month-to-month,0.3327,"Medium Risk
(30–60%)",0,1
4843,20.2,69,Two year,0.013,"Low Risk
(0–30%)",0,0
4844,20.3,37,One year,0.03,"Low Risk
(0–30%)",0,0
4845,39.4,20,Two year,0.0308,"Low Risk
(0–30%)",0,0
4846,69.15,7,Month-to-month,0.4492,"Medium Risk
(30–60%)",0,0
4847,76.25,37,Month-to-month,0.499,"Medium Risk
(30–60%)",0,1
4848,93.9,5,Month-to-month,0.7913,"High Risk
(60–100%)",1,1
4849,51.35,41,One year,0.2354,"Low Risk
(0–30%)",0,0
4850,100.05,54,One year,0.1921,"Low Risk
(0–30%)",0,0
4851,70.4,3,Month-to-month,0.6505,"High Risk
(60–100%)",1,1
4852,20.3,69,Two year,0.0175,"Low Risk
(0–30%)",0,0
4853,94.45,53,One year,0.1626,"Low Risk
(0–30%)",0,0
4854,46.4,18,One year,0.083,"Low Risk
(0–30%)",0,0
4855,104.05,64,Two year,0.085,"Low Risk
(0–30%)",0,0
4856,91.15,31,Month-to-month,0.4519,"Medium Risk
(30–60%)",0,1
4857,24.9,20,Month-to-month,0.198,"Low Risk
(0–30%)",0,0
4858,59.6,57,One year,0.0284,"Low Risk
(0–30%)",0,0
4859,108.5,63,Two year,0.1359,"Low Risk
(0–30%)",0,0
4860,40.55,13,Two year,0.0236,"Low Risk
(0–30%)",0,0
4861,58.95,48,One year,0.1492,"Low Risk
(0–30%)",0,0
4862,70.95,2,Month-to-month,0.6544,"High Risk
(60–100%)",1,1
4863,20.75,57,Two year,0.0157,"Low Risk
(0–30%)",0,0
4864,113.15,71,One year,0.1697,"Low Risk
(0–30%)",0,0
4865,48.8,7,Month-to-month,0.3501,"Medium Risk
(30–60%)",0,0
4866,63.05,16,Month-to-month,0.2929,"Low Risk
(0–30%)",0,0
4867,100.85,34,Month-to-month,0.4501,"Medium Risk
(30–60%)",0,0
4868,99.5,37,Month-to-month,0.5933,"Medium Risk
(30–60%)",1,1
4869,80.55,16,Month-to-month,0.4664,"Medium Risk
(30–60%)",0,0
4870,64.4,48,One year,0.0608,"Low Risk
(0–30%)",0,0
4871,75.2,58,One year,0.0751,"Low Risk
(0–30%)",0,0
4872,84.9,72,Two year,0.0207,"Low Risk
(0–30%)",0,0
4873,19.3,7,Month-to-month,0.1065,"Low Risk
(0–30%)",0,0
4874,83.9,38,Month-to-month,0.2283,"Low Risk
(0–30%)",0,1
4875,117.45,48,Month-to-month,0.3502,"Medium Risk
(30–60%)",0,1
4876,104.4,10,Month-to-month,0.6164,"High Risk
(60–100%)",1,1
4877,74.65,30,One year,0.0482,"Low Risk
(0–30%)",0,0
4878,59.05,31,Month-to-month,0.2138,"Low Risk
(0–30%)",0,0
4879,69.1,46,One year,0.132,"Low Risk
(0–30%)",0,0
4880,20.55,50,Two year,0.0176,"Low Risk
(0–30%)",0,0
4881,76.55,28,Month-to-month,0.214,"Low Risk
(0–30%)",0,0
4882,62.5,66,Two year,0.0242,"Low Risk
(0–30%)",0,0
4883,29.4,8,Month-to-month,0.5444,"Medium Risk
(30–60%)",1,1
4884,94.9,41,Month-to-month,0.3583,"Medium Risk
(30–60%)",0,0
4885,111.65,72,Two year,0.0642,"Low Risk
(0–30%)",0,0
4886,19.9,7,One year,0.0434,"Low Risk
(0–30%)",0,0
4887,20.45,38,Month-to-month,0.0732,"Low Risk
(0–30%)",0,0
4888,106.05,44,One year,0.2451,"Low Risk
(0–30%)",0,0
4889,113.45,47,One year,0.1855,"Low Risk
(0–30%)",0,0
4890,92.55,53,Month-to-month,0.2797,"Low Risk
(0–30%)",0,0
4891,65.6,4,Month-to-month,0.4766,"Medium Risk
(30–60%)",0,0
4892,84.35,20,Month-to-month,0.6236,"High Risk
(60–100%)",1,0
4893,44.65,2,Month-to-month,0.4546,"Medium Risk
(30–60%)",0,1
4894,71.1,57,One year,0.0842,"Low Risk
(0–30%)",0,0
4895,85.15,44,Month-to-month,0.2348,"Low Risk
(0–30%)",0,0
4896,49.7,24,Month-to-month,0.1999,"Low Risk
(0–30%)",0,0
4897,30.2,15,Month-to-month,0.2003,"Low Risk
(0–30%)",0,0
4898,25.25,3,Month-to-month,0.5062,"Medium Risk
(30–60%)",1,1
4899,84.05,4,Month-to-month,0.6404,"High Risk
(60–100%)",1,1
4900,85.7,37,Month-to-month,0.5309,"Medium Risk
(30–60%)",1,1
4901,74.7,1,Month-to-month,0.7831,"High Risk
(60–100%)",1,1
4902,56.35,24,Month-to-month,0.0976,"Low Risk
(0–30%)",0,0
4903,90.8,5,Month-to-month,0.786,"High Risk
(60–100%)",1,1
4904,107.55,33,Month-to-month,0.4229,"Medium Risk
(30–60%)",0,0
4905,19.85,58,Two year,0.0165,"Low Risk
(0–30%)",0,0
4906,95.9,72,Two year,0.0333,"Low Risk
(0–30%)",0,0
4907,23.85,71,Two year,0.0115,"Low Risk
(0–30%)",0,0
4908,106.15,28,Month-to-month,0.6044,"High Risk
(60–100%)",1,1
4909,83.85,51,Two year,0.0273,"Low Risk
(0–30%)",0,0
4910,85.35,30,One year,0.0772,"Low Risk
(0–30%)",0,1
4911,84.8,72,Two year,0.0173,"Low Risk
(0–30%)",0,0
4912,90.85,36,Month-to-month,0.4136,"Medium Risk
(30–60%)",0,1
4913,76.1,14,Two year,0.0279,"Low Risk
(0–30%)",0,0
4914,74.55,72,Two year,0.0155,"Low Risk
(0–30%)",0,0
4915,39.2,22,Month-to-month,0.2455,"Low Risk
(0–30%)",0,0
4916,79.55,2,Month-to-month,0.654,"High Risk
(60–100%)",1,0
4917,19.6,15,Month-to-month,0.104,"Low Risk
(0–30%)",0,0
4918,19.55,51,Two year,0.015,"Low Risk
(0–30%)",0,0
4919,39.15,70,Two year,0.0237,"Low Risk
(0–30%)",0,0
4920,20.1,71,Two year,0.0103,"Low Risk
(0–30%)",0,0
4921,99.95,39,Month-to-month,0.3847,"Medium Risk
(30–60%)",0,0
4922,59.8,61,Month-to-month,0.1116,"Low Risk
(0–30%)",0,0
4923,49.75,52,Month-to-month,0.1354,"Low Risk
(0–30%)",0,0
4924,35.75,1,Month-to-month,0.7229,"High Risk
(60–100%)",1,1
4925,108.5,64,One year,0.2036,"Low Risk
(0–30%)",0,0
4926,60.15,62,Two year,0.0294,"Low Risk
(0–30%)",0,0
4927,19.05,30,Two year,0.0161,"Low Risk
(0–30%)",0,0
4928,46.0,4,Month-to-month,0.4077,"Medium Risk
(30–60%)",0,1
4929,84.0,63,One year,0.0587,"Low Risk
(0–30%)",0,0
4930,44.55,1,Month-to-month,0.5357,"Medium Risk
(30–60%)",1,0
4931,103.45,15,Month-to-month,0.6783,"High Risk
(60–100%)",1,0
4932,80.65,27,One year,0.0702,"Low Risk
(0–30%)",0,0
4933,57.2,4,Month-to-month,0.3063,"Medium Risk
(30–60%)",0,0
4934,110.75,72,Two year,0.0781,"Low Risk
(0–30%)",0,0
4935,24.7,45,One year,0.0431,"Low Risk
(0–30%)",0,0
4936,97.05,45,Month-to-month,0.3451,"Medium Risk
(30–60%)",0,0
4937,76.35,36,One year,0.0526,"Low Risk
(0–30%)",0,0
4938,89.4,17,Month-to-month,0.4175,"Medium Risk
(30–60%)",0,1
4939,18.9,1,Month-to-month,0.2413,"Low Risk
(0–30%)",0,0
4940,74.45,16,Month-to-month,0.4283,"Medium Risk
(30–60%)",0,0
4941,19.8,3,Month-to-month,0.1831,"Low Risk
(0–30%)",0,1
4942,50.9,4,Month-to-month,0.5408,"Medium Risk
(30–60%)",1,1
4943,84.4,71,Two year,0.018,"Low Risk
(0–30%)",0,0
4944,24.4,10,Month-to-month,0.1207,"Low Risk
(0–30%)",0,0
4945,20.05,20,Two year,0.0182,"Low Risk
(0–30%)",0,0
4946,81.0,4,Month-to-month,0.7164,"High Risk
(60–100%)",1,1
4947,98.35,26,Month-to-month,0.6834,"High Risk
(60–100%)",1,1
4948,55.5,4,Month-to-month,0.3331,"Medium Risk
(30–60%)",0,0
4949,51.0,5,Month-to-month,0.4727,"Medium Risk
(30–60%)",0,1
4950,91.65,4,Month-to-month,0.7913,"High Risk
(60–100%)",1,1
4951,84.3,29,Month-to-month,0.5537,"Medium Risk
(30–60%)",1,0
4952,100.2,2,Month-to-month,0.5361,"Medium Risk
(30–60%)",1,0
4953,19.4,29,Two year,0.0182,"Low Risk
(0–30%)",0,0
4954,90.85,1,Month-to-month,0.8473,"High Risk
(60–100%)",1,1
4955,69.4,1,Month-to-month,0.717,"High Risk
(60–100%)",1,1
4956,94.45,8,Month-to-month,0.6653,"High Risk
(60–100%)",1,1
4957,20.4,13,Month-to-month,0.1603,"Low Risk
(0–30%)",0,0
4958,94.75,59,Month-to-month,0.3244,"Medium Risk
(30–60%)",0,0
4959,20.15,1,Month-to-month,0.361,"Medium Risk
(30–60%)",0,1
4960,95.7,50,Month-to-month,0.5253,"Medium Risk
(30–60%)",1,1
4961,44.35,18,Month-to-month,0.2148,"Low Risk
(0–30%)",0,0
4962,74.55,17,Month-to-month,0.1508,"Low Risk
(0–30%)",0,0
4963,73.6,47,Two year,0.0733,"Low Risk
(0–30%)",0,0
4964,74.95,26,Month-to-month,0.3681,"Medium Risk
(30–60%)",0,1
4965,47.95,6,Month-to-month,0.5641,"Medium Risk
(30–60%)",1,1
4966,50.1,19,Month-to-month,0.1741,"Low Risk
(0–30%)",0,0
4967,63.6,3,Month-to-month,0.5388,"Medium Risk
(30–60%)",1,1
4968,53.0,68,Two year,0.0909,"Low Risk
(0–30%)",0,0
4969,19.85,2,Month-to-month,0.1572,"Low Risk
(0–30%)",0,0
4970,24.35,7,One year,0.1554,"Low Risk
(0–30%)",0,0
4971,19.55,18,Month-to-month,0.1021,"Low Risk
(0–30%)",0,0
4972,25.05,71,Two year,0.0165,"Low Risk
(0–30%)",0,0
4973,93.8,13,Month-to-month,0.4412,"Medium Risk
(30–60%)",0,0
4974,36.85,3,Month-to-month,0.3975,"Medium Risk
(30–60%)",0,1
4975,103.75,72,Two year,0.1046,"Low Risk
(0–30%)",0,0
4976,56.75,66,Two year,0.0557,"Low Risk
(0–30%)",0,0
4977,20.8,24,One year,0.0348,"Low Risk
(0–30%)",0,0
4978,44.1,1,Month-to-month,0.6029,"High Risk
(60–100%)",1,1
4979,24.45,56,Two year,0.015,"Low Risk
(0–30%)",0,0
4980,25.6,22,One year,0.048,"Low Risk
(0–30%)",0,0
4981,50.75,14,Month-to-month,0.4892,"Medium Risk
(30–60%)",0,1
4982,104.4,61,One year,0.2108,"Low Risk
(0–30%)",0,1
4983,39.3,40,Month-to-month,0.348,"Medium Risk
(30–60%)",0,1
4984,59.65,42,Month-to-month,0.1238,"Low Risk
(0–30%)",0,0
4985,83.3,72,Two year,0.0184,"Low Risk
(0–30%)",0,0
4986,79.55,12,Month-to-month,0.503,"Medium Risk
(30–60%)",1,0
4987,24.45,71,Two year,0.0115,"Low Risk
(0–30%)",0,0
4988,19.2,26,One year,0.0286,"Low Risk
(0–30%)",0,0
4989,29.8,7,Month-to-month,0.2009,"Low Risk
(0–30%)",0,0
4990,45.5,6,Month-to-month,0.2516,"Low Risk
(0–30%)",0,0
4991,106.45,58,One year,0.2135,"Low Risk
(0–30%)",0,1
4992,30.05,51,Month-to-month,0.1826,"Low Risk
(0–30%)",0,0
4993,65.65,72,Two year,0.0153,"Low Risk
(0–30%)",0,0
4994,96.05,18,Month-to-month,0.5379,"Medium Risk
(30–60%)",1,1
4995,75.1,7,Month-to-month,0.5957,"Medium Risk
(30–60%)",1,1
4996,74.05,47,Two year,0.0285,"Low Risk
(0–30%)",0,0
4997,44.7,2,Month-to-month,0.5706,"Medium Risk
(30–60%)",1,1
4998,110.75,62,One year,0.2198,"Low Risk
(0–30%)",0,0
4999,19.7,16,Two year,0.0211,"Low Risk
(0–30%)",0,0
5000,49.5,6,Month-to-month,0.2385,"Low Risk
(0–30%)",0,0
5001,55.0,19,Month-to-month,0.1641,"Low Risk
(0–30%)",0,1
5002,43.95,69,Two year,0.0319,"Low Risk
(0–30%)",0,0
5003,74.35,11,Month-to-month,0.6281,"High Risk
(60–100%)",1,1
5004,111.15,64,Month-to-month,0.3879,"Medium Risk
(30–60%)",0,0
5005,104.7,39,One year,0.25,"Low Risk
(0–30%)",0,1
5006,55.7,15,Month-to-month,0.217,"Low Risk
(0–30%)",0,1
5007,20.6,25,Month-to-month,0.0816,"Low Risk
(0–30%)",0,0
5008,19.65,6,Two year,0.0261,"Low Risk
(0–30%)",0,0
5009,115.8,66,One year,0.1868,"Low Risk
(0–30%)",0,0
5010,88.65,61,Two year,0.0382,"Low Risk
(0–30%)",0,0
5011,94.5,43,Month-to-month,0.3921,"Medium Risk
(30–60%)",0,0
5012,20.1,12,Month-to-month,0.1115,"Low Risk
(0–30%)",0,0
5013,34.65,23,Month-to-month,0.2991,"Low Risk
(0–30%)",0,0
5014,52.3,71,Month-to-month,0.1447,"Low Risk
(0–30%)",0,0
5015,65.0,34,Month-to-month,0.1306,"Low Risk
(0–30%)",0,0
5016,19.85,5,Month-to-month,0.1344,"Low Risk
(0–30%)",0,1
5017,35.45,41,One year,0.0611,"Low Risk
(0–30%)",0,0
5018,19.7,72,Two year,0.0098,"Low Risk
(0–30%)",0,0
5019,95.6,14,Month-to-month,0.7441,"High Risk
(60–100%)",1,0
5020,19.85,41,Two year,0.0201,"Low Risk
(0–30%)",0,0
5021,81.85,23,One year,0.0642,"Low Risk
(0–30%)",0,0
5022,109.3,71,Two year,0.0354,"Low Risk
(0–30%)",0,0
5023,70.3,1,Month-to-month,0.7976,"High Risk
(60–100%)",1,1
5024,25.4,72,Two year,0.0116,"Low Risk
(0–30%)",0,0
5025,69.8,6,Month-to-month,0.6214,"High Risk
(60–100%)",1,0
5026,20.0,23,One year,0.0341,"Low Risk
(0–30%)",0,0
5027,85.55,10,Month-to-month,0.6795,"High Risk
(60–100%)",1,1
5028,109.9,72,Two year,0.0627,"Low Risk
(0–30%)",0,0
5029,50.3,7,Month-to-month,0.2244,"Low Risk
(0–30%)",0,0
5030,94.5,6,Month-to-month,0.5745,"Medium Risk
(30–60%)",1,1
5031,101.5,9,Month-to-month,0.6311,"High Risk
(60–100%)",1,0
5032,89.15,12,Month-to-month,0.6829,"High Risk
(60–100%)",1,0
5033,19.4,1,Month-to-month,0.3446,"Medium Risk
(30–60%)",0,0
5034,29.9,48,One year,0.0861,"Low Risk
(0–30%)",0,0
5035,78.8,20,Month-to-month,0.3804,"Medium Risk
(30–60%)",0,0
5036,85.35,16,Month-to-month,0.5372,"Medium Risk
(30–60%)",1,1
5037,79.65,2,Month-to-month,0.7285,"High Risk
(60–100%)",1,1
5038,19.3,10,One year,0.0481,"Low Risk
(0–30%)",0,0
5039,79.6,2,Month-to-month,0.7176,"High Risk
(60–100%)",1,1
5040,96.8,20,Month-to-month,0.2934,"Low Risk
(0–30%)",0,0
5041,20.65,20,One year,0.0349,"Low Risk
(0–30%)",0,0
5042,19.8,19,One year,0.0347,"Low Risk
(0–30%)",0,0
5043,90.6,19,Month-to-month,0.5236,"Medium Risk
(30–60%)",1,1
5044,104.6,22,Month-to-month,0.4688,"Medium Risk
(30–60%)",0,0
5045,80.05,35,Month-to-month,0.2392,"Low Risk
(0–30%)",0,0
5046,45.15,1,Month-to-month,0.504,"Medium Risk
(30–60%)",1,0
5047,73.15,39,Month-to-month,0.3383,"Medium Risk
(30–60%)",0,0
5048,99.1,54,One year,0.235,"Low Risk
(0–30%)",0,0
5049,20.2,1,Month-to-month,0.3706,"Medium Risk
(30–60%)",0,1
5050,106.05,66,Two year,0.1736,"Low Risk
(0–30%)",0,1
5051,105.35,56,Month-to-month,0.3675,"Medium Risk
(30–60%)",0,0
5052,45.65,18,Month-to-month,0.2027,"Low Risk
(0–30%)",0,0
5053,79.95,16,Month-to-month,0.4432,"Medium Risk
(30–60%)",0,0
5054,54.45,68,One year,0.0373,"Low Risk
(0–30%)",0,0
5055,25.1,53,Two year,0.0249,"Low Risk
(0–30%)",0,0
5056,84.7,72,Two year,0.0177,"Low Risk
(0–30%)",0,0
5057,75.85,9,Month-to-month,0.7009,"High Risk
(60–100%)",1,0
5058,48.8,30,Month-to-month,0.1372,"Low Risk
(0–30%)",0,0
5059,99.15,36,Month-to-month,0.5524,"Medium Risk
(30–60%)",1,1
5060,35.2,18,Month-to-month,0.3546,"Medium Risk
(30–60%)",0,0
5061,76.25,55,One year,0.0607,"Low Risk
(0–30%)",0,0
5062,55.9,39,Month-to-month,0.2432,"Low Risk
(0–30%)",0,1
5063,82.35,21,Month-to-month,0.5417,"Medium Risk
(30–60%)",1,1
5064,40.4,2,Month-to-month,0.4656,"Medium Risk
(30–60%)",0,1
5065,24.9,33,One year,0.0463,"Low Risk
(0–30%)",0,0
5066,54.3,44,Two year,0.0718,"Low Risk
(0–30%)",0,0
5067,66.3,30,Month-to-month,0.1033,"Low Risk
(0–30%)",0,0
5068,20.9,71,Two year,0.0121,"Low Risk
(0–30%)",0,0
5069,75.35,4,Month-to-month,0.6449,"High Risk
(60–100%)",1,1
5070,85.15,35,One year,0.1863,"Low Risk
(0–30%)",0,1
5071,75.35,1,Month-to-month,0.6927,"High Risk
(60–100%)",1,0
5072,104.45,23,Month-to-month,0.6634,"High Risk
(60–100%)",1,0
5073,49.45,22,One year,0.1767,"Low Risk
(0–30%)",0,0
5074,19.45,49,One year,0.0297,"Low Risk
(0–30%)",0,0
5075,92.15,42,Month-to-month,0.4092,"Medium Risk
(30–60%)",0,0
5076,93.8,33,One year,0.2764,"Low Risk
(0–30%)",0,1
5077,19.85,7,Two year,0.0225,"Low Risk
(0–30%)",0,0
5078,100.25,67,One year,0.1203,"Low Risk
(0–30%)",0,0
5079,95.7,15,Month-to-month,0.4375,"Medium Risk
(30–60%)",0,0
5080,93.15,67,Two year,0.1015,"Low Risk
(0–30%)",0,0
5081,69.7,53,Two year,0.0211,"Low Risk
(0–30%)",0,0
5082,19.8,21,One year,0.0334,"Low Risk
(0–30%)",0,0
5083,71.35,40,Month-to-month,0.1143,"Low Risk
(0–30%)",0,0
5084,20.75,22,One year,0.0323,"Low Risk
(0–30%)",0,0
5085,40.6,39,Month-to-month,0.2387,"Low Risk
(0–30%)",0,0
5086,20.4,45,One year,0.0424,"Low Risk
(0–30%)",0,1
5087,20.35,2,Month-to-month,0.1712,"Low Risk
(0–30%)",0,0
5088,19.75,57,Two year,0.0138,"Low Risk
(0–30%)",0,0
5089,54.4,8,Month-to-month,0.3903,"Medium Risk
(30–60%)",0,0
5090,94.7,7,Month-to-month,0.6175,"High Risk
(60–100%)",1,1
5091,30.5,6,Month-to-month,0.3774,"Medium Risk
(30–60%)",0,1
5092,20.45,7,Month-to-month,0.1049,"Low Risk
(0–30%)",0,0
5093,66.15,49,Two year,0.0544,"Low Risk
(0–30%)",0,0
5094,89.85,65,One year,0.0626,"Low Risk
(0–30%)",0,0
5095,45.05,55,One year,0.0568,"Low Risk
(0–30%)",0,0
5096,86.85,71,Two year,0.0145,"Low Risk
(0–30%)",0,0
5097,96.75,35,Month-to-month,0.2506,"Low Risk
(0–30%)",0,0
5098,77.0,3,Month-to-month,0.79,"High Risk
(60–100%)",1,1
5099,20.1,11,Month-to-month,0.1017,"Low Risk
(0–30%)",0,1
5100,75.3,1,Month-to-month,0.7497,"High Risk
(60–100%)",1,1
5101,106.65,17,Month-to-month,0.4476,"Medium Risk
(30–60%)",0,0
5102,110.15,72,Two year,0.0549,"Low Risk
(0–30%)",0,0
5103,82.85,28,One year,0.1101,"Low Risk
(0–30%)",0,0
5104,20.1,18,Two year,0.022,"Low Risk
(0–30%)",0,0
5105,99.2,40,One year,0.2321,"Low Risk
(0–30%)",0,1
5106,59.45,52,Month-to-month,0.2515,"Low Risk
(0–30%)",0,0
5107,58.6,47,Month-to-month,0.2021,"Low Risk
(0–30%)",0,0
5108,49.7,23,Month-to-month,0.1621,"Low Risk
(0–30%)",0,0
5109,65.85,66,Two year,0.0156,"Low Risk
(0–30%)",0,0
5110,73.5,8,Month-to-month,0.691,"High Risk
(60–100%)",1,0
5111,85.5,47,Month-to-month,0.2479,"Low Risk
(0–30%)",0,1
5112,20.05,7,Month-to-month,0.1144,"Low Risk
(0–30%)",0,1
5113,113.65,71,Two year,0.0279,"Low Risk
(0–30%)",0,0
5114,83.4,50,Month-to-month,0.3021,"Medium Risk
(30–60%)",0,0
5115,65.65,46,Two year,0.0228,"Low Risk
(0–30%)",0,0
5116,70.4,1,Month-to-month,0.749,"High Risk
(60–100%)",1,1
5117,61.35,66,Two year,0.0284,"Low Risk
(0–30%)",0,0
5118,85.9,42,Month-to-month,0.2817,"Low Risk
(0–30%)",0,0
5119,75.65,5,Month-to-month,0.5386,"Medium Risk
(30–60%)",1,0
5120,49.75,7,One year,0.0853,"Low Risk
(0–30%)",0,1
5121,70.9,29,One year,0.1113,"Low Risk
(0–30%)",0,0
5122,49.85,27,Month-to-month,0.1281,"Low Risk
(0–30%)",0,0
5123,75.3,15,Month-to-month,0.3998,"Medium Risk
(30–60%)",0,1
5124,20.1,25,Two year,0.0174,"Low Risk
(0–30%)",0,0
5125,94.0,11,Month-to-month,0.7599,"High Risk
(60–100%)",1,1
5126,103.05,57,Month-to-month,0.3302,"Medium Risk
(30–60%)",0,0
5127,118.35,67,One year,0.2056,"Low Risk
(0–30%)",0,1
5128,99.7,47,Month-to-month,0.4789,"Medium Risk
(30–60%)",0,0
5129,81.9,13,Month-to-month,0.515,"Medium Risk
(30–60%)",1,0
5130,30.45,8,Month-to-month,0.3772,"Medium Risk
(30–60%)",0,1
5131,96.1,44,Month-to-month,0.5442,"Medium Risk
(30–60%)",1,1
5132,66.2,71,One year,0.0604,"Low Risk
(0–30%)",0,0
5133,104.25,24,Month-to-month,0.6643,"High Risk
(60–100%)",1,1
5134,80.2,15,Month-to-month,0.6186,"High Risk
(60–100%)",1,1
5135,19.75,1,Month-to-month,0.3476,"Medium Risk
(30–60%)",0,0
5136,72.6,2,Month-to-month,0.7078,"High Risk
(60–100%)",1,0
5137,116.5,55,Month-to-month,0.3662,"Medium Risk
(30–60%)",0,0
5138,106.8,71,Two year,0.1297,"Low Risk
(0–30%)",0,0
5139,24.95,50,Two year,0.0159,"Low Risk
(0–30%)",0,0
5140,89.25,1,Month-to-month,0.8534,"High Risk
(60–100%)",1,0
5141,19.25,5,Month-to-month,0.1467,"Low Risk
(0–30%)",0,0
5142,104.55,66,One year,0.1198,"Low Risk
(0–30%)",0,0
5143,87.2,49,One year,0.0637,"Low Risk
(0–30%)",0,0
5144,30.75,3,Month-to-month,0.6267,"High Risk
(60–100%)",1,0
5145,25.7,66,One year,0.0248,"Low Risk
(0–30%)",0,0
5146,86.2,11,Month-to-month,0.5643,"Medium Risk
(30–60%)",1,0
5147,30.1,28,Month-to-month,0.1506,"Low Risk
(0–30%)",0,0
5148,99.35,65,Two year,0.0848,"Low Risk
(0–30%)",0,0
5149,19.2,62,Two year,0.0162,"Low Risk
(0–30%)",0,0
5150,20.1,2,Month-to-month,0.166,"Low Risk
(0–30%)",0,0
5151,20.35,2,Month-to-month,0.2104,"Low Risk
(0–30%)",0,0
5152,25.65,55,Two year,0.0146,"Low Risk
(0–30%)",0,0
5153,94.55,41,Month-to-month,0.423,"Medium Risk
(30–60%)",0,0
5154,104.2,17,Month-to-month,0.6355,"High Risk
(60–100%)",1,1
5155,94.4,30,One year,0.209,"Low Risk
(0–30%)",0,0
5156,56.1,17,One year,0.0483,"Low Risk
(0–30%)",0,0
5157,68.25,16,Two year,0.0279,"Low Risk
(0–30%)",0,0
5158,24.75,72,Two year,0.0118,"Low Risk
(0–30%)",0,0
5159,76.25,9,Month-to-month,0.7009,"High Risk
(60–100%)",1,0
5160,74.35,1,Month-to-month,0.7223,"High Risk
(60–100%)",1,0
5161,54.15,23,Month-to-month,0.1449,"Low Risk
(0–30%)",0,0
5162,19.45,8,Month-to-month,0.097,"Low Risk
(0–30%)",0,0
5163,34.95,19,Month-to-month,0.1772,"Low Risk
(0–30%)",0,0
5164,53.65,7,Month-to-month,0.361,"Medium Risk
(30–60%)",0,0
5165,69.65,1,Month-to-month,0.8111,"High Risk
(60–100%)",1,1
5166,104.0,61,One year,0.2316,"Low Risk
(0–30%)",0,0
5167,70.35,57,Two year,0.0212,"Low Risk
(0–30%)",0,0
5168,80.8,9,Month-to-month,0.6429,"High Risk
(60–100%)",1,1
5169,64.85,15,One year,0.0794,"Low Risk
(0–30%)",0,0
5170,19.65,1,Month-to-month,0.3238,"Medium Risk
(30–60%)",0,0
5171,45.9,12,Month-to-month,0.1963,"Low Risk
(0–30%)",0,0
5172,20.0,54,Two year,0.0168,"Low Risk
(0–30%)",0,0
5173,44.8,4,Month-to-month,0.3496,"Medium Risk
(30–60%)",0,0
5174,80.3,7,Month-to-month,0.6277,"High Risk
(60–100%)",1,1
5175,20.35,20,One year,0.038,"Low Risk
(0–30%)",0,0
5176,45.8,26,Month-to-month,0.0998,"Low Risk
(0–30%)",0,0
5177,84.1,36,Month-to-month,0.531,"Medium Risk
(30–60%)",1,1
5178,108.95,53,One year,0.2645,"Low Risk
(0–30%)",0,0
5179,69.35,3,Month-to-month,0.4182,"Medium Risk
(30–60%)",0,1
5180,64.35,68,Two year,0.0233,"Low Risk
(0–30%)",0,0
5181,90.8,72,Two year,0.0166,"Low Risk
(0–30%)",0,0
5182,24.95,12,One year,0.0464,"Low Risk
(0–30%)",0,0
5183,79.6,34,Month-to-month,0.3728,"Medium Risk
(30–60%)",0,1
5184,84.7,68,Two year,0.033,"Low Risk
(0–30%)",0,0
5185,70.8,50,One year,0.0499,"Low Risk
(0–30%)",0,0
5186,36.45,1,Month-to-month,0.7557,"High Risk
(60–100%)",1,1
5187,104.4,41,Month-to-month,0.5493,"Medium Risk
(30–60%)",1,0
5188,101.5,30,Month-to-month,0.5336,"Medium Risk
(30–60%)",1,0
5189,54.3,1,Month-to-month,0.6035,"High Risk
(60–100%)",1,0
5190,103.95,29,Month-to-month,0.6019,"High Risk
(60–100%)",1,0
5191,91.1,23,Two year,0.0306,"Low Risk
(0–30%)",0,0
5192,19.95,60,Two year,0.0145,"Low Risk
(0–30%)",0,0
5193,26.45,72,Two year,0.0115,"Low Risk
(0–30%)",0,0
5194,89.4,22,Month-to-month,0.473,"Medium Risk
(30–60%)",0,1
5195,75.1,72,Two year,0.017,"Low Risk
(0–30%)",0,0
5196,108.1,66,One year,0.2006,"Low Risk
(0–30%)",0,0
5197,110.15,72,Two year,0.0792,"Low Risk
(0–30%)",0,0
5198,80.35,47,Month-to-month,0.3134,"Medium Risk
(30–60%)",0,1
5199,111.5,51,One year,0.3308,"Medium Risk
(30–60%)",0,0
5200,106.5,70,One year,0.2236,"Low Risk
(0–30%)",0,0
5201,19.9,9,One year,0.0567,"Low Risk
(0–30%)",0,0
5202,111.1,59,Two year,0.0723,"Low Risk
(0–30%)",0,0
5203,70.7,3,Month-to-month,0.2674,"Low Risk
(0–30%)",0,0
5204,24.85,38,Month-to-month,0.3744,"Medium Risk
(30–60%)",0,0
5205,91.2,37,Month-to-month,0.205,"Low Risk
(0–30%)",0,0
5206,65.6,37,Two year,0.0229,"Low Risk
(0–30%)",0,0
5207,40.65,24,Month-to-month,0.2876,"Low Risk
(0–30%)",0,1
5208,59.45,14,Month-to-month,0.1113,"Low Risk
(0–30%)",0,0
5209,109.95,72,Two year,0.0493,"Low Risk
(0–30%)",0,0
5210,60.45,53,One year,0.1552,"Low Risk
(0–30%)",0,1
5211,84.9,8,Month-to-month,0.7546,"High Risk
(60–100%)",1,1
5212,38.5,72,Two year,0.0202,"Low Risk
(0–30%)",0,0
5213,92.55,17,Month-to-month,0.6434,"High Risk
(60–100%)",1,0
5214,73.55,2,Month-to-month,0.592,"Medium Risk
(30–60%)",1,1
5215,20.15,8,Month-to-month,0.1115,"Low Risk
(0–30%)",0,1
5216,34.7,48,One year,0.0754,"Low Risk
(0–30%)",0,1
5217,24.5,10,Month-to-month,0.1474,"Low Risk
(0–30%)",0,0
5218,19.7,0,One year,0.0297,"Low Risk
(0–30%)",0,0
5219,20.6,1,Month-to-month,0.3107,"Medium Risk
(30–60%)",0,0
5220,58.0,29,One year,0.0361,"Low Risk
(0–30%)",0,0
5221,107.45,65,One year,0.2184,"Low Risk
(0–30%)",0,0
5222,65.5,8,Month-to-month,0.2231,"Low Risk
(0–30%)",0,0
5223,25.45,61,Two year,0.0152,"Low Risk
(0–30%)",0,0
5224,100.15,45,One year,0.311,"Medium Risk
(30–60%)",0,0
5225,104.45,72,One year,0.1385,"Low Risk
(0–30%)",0,0
5226,21.15,12,Month-to-month,0.1455,"Low Risk
(0–30%)",0,0
5227,96.2,7,Month-to-month,0.7215,"High Risk
(60–100%)",1,0
5228,44.4,9,Month-to-month,0.2825,"Low Risk
(0–30%)",0,0
5229,107.55,43,One year,0.3948,"Medium Risk
(30–60%)",0,1
5230,94.35,58,Two year,0.0583,"Low Risk
(0–30%)",0,0
5231,98.75,16,Month-to-month,0.7566,"High Risk
(60–100%)",1,1
5232,20.3,2,Month-to-month,0.161,"Low Risk
(0–30%)",0,0
5233,101.15,8,Month-to-month,0.6115,"High Risk
(60–100%)",1,1
5234,105.75,40,One year,0.2346,"Low Risk
(0–30%)",0,0
5235,81.15,9,Month-to-month,0.589,"Medium Risk
(30–60%)",1,0
5236,89.55,41,One year,0.1515,"Low Risk
(0–30%)",0,0
5237,54.75,26,Month-to-month,0.1761,"Low Risk
(0–30%)",0,0
5238,53.75,33,One year,0.0635,"Low Risk
(0–30%)",0,0
5239,105.75,68,One year,0.1605,"Low Risk
(0–30%)",0,0
5240,105.85,65,Two year,0.1131,"Low Risk
(0–30%)",0,0
5241,64.2,55,One year,0.1032,"Low Risk
(0–30%)",0,0
5242,88.7,20,Month-to-month,0.6146,"High Risk
(60–100%)",1,1
5243,87.7,19,One year,0.1386,"Low Risk
(0–30%)",0,0
5244,89.3,45,Month-to-month,0.3478,"Medium Risk
(30–60%)",0,0
5245,20.15,70,Two year,0.0149,"Low Risk
(0–30%)",0,0
5246,79.75,2,Month-to-month,0.7314,"High Risk
(60–100%)",1,1
5247,94.55,27,Month-to-month,0.4909,"Medium Risk
(30–60%)",0,1
5248,20.05,12,Two year,0.0372,"Low Risk
(0–30%)",0,0
5249,67.2,72,Two year,0.0155,"Low Risk
(0–30%)",0,0
5250,94.55,12,Month-to-month,0.6329,"High Risk
(60–100%)",1,0
5251,69.05,5,Month-to-month,0.618,"High Risk
(60–100%)",1,1
5252,107.5,71,Month-to-month,0.3248,"Medium Risk
(30–60%)",0,0
5253,73.0,35,One year,0.1676,"Low Risk
(0–30%)",0,0
5254,114.75,70,Two year,0.0581,"Low Risk
(0–30%)",0,0
5255,76.05,31,Month-to-month,0.4878,"Medium Risk
(30–60%)",0,0
5256,96.25,52,Two year,0.0789,"Low Risk
(0–30%)",0,1
5257,101.1,37,Month-to-month,0.5863,"Medium Risk
(30–60%)",1,1
5258,104.7,69,One year,0.2432,"Low Risk
(0–30%)",0,1
5259,77.9,30,Month-to-month,0.3193,"Medium Risk
(30–60%)",0,0
5260,90.65,33,Month-to-month,0.3796,"Medium Risk
(30–60%)",0,0
5261,110.45,54,Two year,0.1993,"Low Risk
(0–30%)",0,0
5262,68.7,59,One year,0.0487,"Low Risk
(0–30%)",0,0
5263,44.85,55,Month-to-month,0.2135,"Low Risk
(0–30%)",0,0
5264,29.8,69,One year,0.0736,"Low Risk
(0–30%)",0,0
5265,88.9,66,One year,0.0988,"Low Risk
(0–30%)",0,0
5266,58.75,37,One year,0.0453,"Low Risk
(0–30%)",0,0
5267,19.85,9,One year,0.0503,"Low Risk
(0–30%)",0,0
5268,86.9,69,Two year,0.0245,"Low Risk
(0–30%)",0,0
5269,59.65,10,Month-to-month,0.2738,"Low Risk
(0–30%)",0,0
5270,55.25,40,Month-to-month,0.1379,"Low Risk
(0–30%)",0,1
5271,66.4,13,Month-to-month,0.197,"Low Risk
(0–30%)",0,0
5272,90.1,6,Month-to-month,0.786,"High Risk
(60–100%)",1,1
5273,20.15,69,Two year,0.0136,"Low Risk
(0–30%)",0,0
5274,108.1,66,One year,0.1959,"Low Risk
(0–30%)",0,0
5275,53.75,11,Month-to-month,0.3371,"Medium Risk
(30–60%)",0,1
5276,56.9,46,One year,0.0404,"Low Risk
(0–30%)",0,0
5277,89.3,6,Month-to-month,0.6164,"High Risk
(60–100%)",1,1
5278,109.6,56,Month-to-month,0.2676,"Low Risk
(0–30%)",0,0
5279,25.15,70,Two year,0.0135,"Low Risk
(0–30%)",0,0
5280,79.15,33,One year,0.1828,"Low Risk
(0–30%)",0,0
5281,66.75,72,Two year,0.0122,"Low Risk
(0–30%)",0,0
5282,95.2,3,Month-to-month,0.8354,"High Risk
(60–100%)",1,1
5283,48.8,19,Month-to-month,0.1331,"Low Risk
(0–30%)",0,0
5284,45.7,5,Month-to-month,0.5423,"Medium Risk
(30–60%)",1,1
5285,80.7,71,Two year,0.0287,"Low Risk
(0–30%)",0,0
5286,74.5,8,Month-to-month,0.4811,"Medium Risk
(30–60%)",0,1
5287,20.55,1,Month-to-month,0.2854,"Low Risk
(0–30%)",0,0
5288,79.65,1,Month-to-month,0.8514,"High Risk
(60–100%)",1,1
5289,115.1,61,One year,0.1633,"Low Risk
(0–30%)",0,0
5290,59.7,71,Two year,0.0147,"Low Risk
(0–30%)",0,0
5291,86.45,68,One year,0.0704,"Low Risk
(0–30%)",0,0
5292,33.7,46,One year,0.0615,"Low Risk
(0–30%)",0,0
5293,80.1,33,One year,0.0709,"Low Risk
(0–30%)",0,0
5294,104.05,53,Two year,0.0714,"Low Risk
(0–30%)",0,0
5295,108.75,50,Month-to-month,0.3299,"Medium Risk
(30–60%)",0,0
5296,41.1,57,One year,0.0345,"Low Risk
(0–30%)",0,0
5297,20.35,54,Two year,0.0211,"Low Risk
(0–30%)",0,0
5298,105.9,60,Month-to-month,0.4415,"Medium Risk
(30–60%)",0,0
5299,101.3,28,Month-to-month,0.4833,"Medium Risk
(30–60%)",0,1
5300,80.05,1,Month-to-month,0.8289,"High Risk
(60–100%)",1,1
5301,89.2,29,Month-to-month,0.5096,"Medium Risk
(30–60%)",1,1
5302,65.5,10,Month-to-month,0.2711,"Low Risk
(0–30%)",0,0
5303,40.45,43,Month-to-month,0.1789,"Low Risk
(0–30%)",0,0
5304,70.45,13,Month-to-month,0.3851,"Medium Risk
(30–60%)",0,0
5305,78.8,43,Two year,0.0467,"Low Risk
(0–30%)",0,0
5306,83.65,19,Month-to-month,0.5733,"Medium Risk
(30–60%)",1,1
5307,90.1,1,Month-to-month,0.8473,"High Risk
(60–100%)",1,0
5308,82.45,69,Two year,0.0299,"Low Risk
(0–30%)",0,0
5309,20.25,61,Two year,0.0141,"Low Risk
(0–30%)",0,0
5310,66.25,43,Month-to-month,0.1008,"Low Risk
(0–30%)",0,0
5311,19.5,6,Month-to-month,0.1144,"Low Risk
(0–30%)",0,1
5312,51.25,1,Month-to-month,0.3874,"Medium Risk
(30–60%)",0,1
5313,89.7,56,Month-to-month,0.2587,"Low Risk
(0–30%)",0,0
5314,64.55,70,Two year,0.0227,"Low Risk
(0–30%)",0,0
5315,45.6,1,Month-to-month,0.6418,"High Risk
(60–100%)",1,1
5316,93.65,49,One year,0.2349,"Low Risk
(0–30%)",0,0
5317,49.65,6,Month-to-month,0.2917,"Low Risk
(0–30%)",0,1
5318,73.6,32,Two year,0.0256,"Low Risk
(0–30%)",0,0
5319,109.75,72,Two year,0.0604,"Low Risk
(0–30%)",0,0
5320,61.45,37,Two year,0.022,"Low Risk
(0–30%)",0,0
5321,106.4,69,One year,0.1652,"Low Risk
(0–30%)",0,0
5322,81.9,26,Month-to-month,0.1418,"Low Risk
(0–30%)",0,0
5323,105.2,58,One year,0.1932,"Low Risk
(0–30%)",0,0
5324,54.6,24,One year,0.0633,"Low Risk
(0–30%)",0,0
5325,20.55,5,One year,0.0435,"Low Risk
(0–30%)",0,0
5326,20.0,15,Month-to-month,0.1427,"Low Risk
(0–30%)",0,1
5327,19.7,30,Two year,0.0169,"Low Risk
(0–30%)",0,0
5328,66.05,55,One year,0.0431,"Low Risk
(0–30%)",0,0
5329,34.0,25,Month-to-month,0.2514,"Low Risk
(0–30%)",0,1
5330,92.5,10,Month-to-month,0.5571,"Medium Risk
(30–60%)",1,1
5331,54.05,44,Two year,0.0284,"Low Risk
(0–30%)",0,0
5332,58.9,47,One year,0.0443,"Low Risk
(0–30%)",0,0
5333,88.35,13,Month-to-month,0.4857,"Medium Risk
(30–60%)",0,1
5334,107.95,49,Two year,0.1488,"Low Risk
(0–30%)",0,1
5335,96.9,64,One year,0.1266,"Low Risk
(0–30%)",0,0
5336,19.1,1,Month-to-month,0.2413,"Low Risk
(0–30%)",0,0
5337,50.0,20,Month-to-month,0.1301,"Low Risk
(0–30%)",0,0
5338,45.4,37,Two year,0.0432,"Low Risk
(0–30%)",0,0
5339,85.45,30,Month-to-month,0.4072,"Medium Risk
(30–60%)",0,0
5340,84.1,38,One year,0.0956,"Low Risk
(0–30%)",0,0
5341,74.45,1,Month-to-month,0.8105,"High Risk
(60–100%)",1,1
5342,64.75,37,Month-to-month,0.3014,"Medium Risk
(30–60%)",0,1
5343,66.25,52,Two year,0.0255,"Low Risk
(0–30%)",0,0
5344,76.9,71,Two year,0.0157,"Low Risk
(0–30%)",0,0
5345,89.8,26,Month-to-month,0.3821,"Medium Risk
(30–60%)",0,1
5346,74.6,66,Two year,0.0339,"Low Risk
(0–30%)",0,0
5347,116.95,72,Two year,0.0501,"Low Risk
(0–30%)",0,0
5348,40.65,25,One year,0.0651,"Low Risk
(0–30%)",0,0
5349,114.35,69,Two year,0.079,"Low Risk
(0–30%)",0,0
5350,69.7,53,Two year,0.0322,"Low Risk
(0–30%)",0,0
5351,95.5,12,One year,0.2538,"Low Risk
(0–30%)",0,1
5352,98.65,26,Month-to-month,0.5308,"Medium Risk
(30–60%)",1,0
5353,61.65,21,Month-to-month,0.1656,"Low Risk
(0–30%)",0,0
5354,89.35,1,Month-to-month,0.8473,"High Risk
(60–100%)",1,0
5355,95.4,48,Month-to-month,0.3576,"Medium Risk
(30–60%)",0,0
5356,35.4,26,One year,0.0553,"Low Risk
(0–30%)",0,0
5357,19.95,60,Two year,0.0147,"Low Risk
(0–30%)",0,0
5358,19.25,18,Month-to-month,0.0923,"Low Risk
(0–30%)",0,0
5359,29.65,10,Month-to-month,0.4078,"Medium Risk
(30–60%)",0,1
5360,84.5,5,Month-to-month,0.5923,"Medium Risk
(30–60%)",1,1
5361,20.4,4,One year,0.0512,"Low Risk
(0–30%)",0,0
5362,24.75,65,Two year,0.014,"Low Risk
(0–30%)",0,0
5363,25.35,70,Two year,0.0142,"Low Risk
(0–30%)",0,0
5364,90.7,18,Month-to-month,0.4485,"Medium Risk
(30–60%)",0,1
5365,20.0,62,Two year,0.0128,"Low Risk
(0–30%)",0,0
5366,59.75,66,Two year,0.045,"Low Risk
(0–30%)",0,0
5367,82.5,65,Two year,0.02,"Low Risk
(0–30%)",0,0
5368,70.3,3,Month-to-month,0.6446,"High Risk
(60–100%)",1,1
5369,20.35,34,Month-to-month,0.078,"Low Risk
(0–30%)",0,0
5370,90.8,16,Month-to-month,0.4905,"Medium Risk
(30–60%)",0,0
5371,103.95,54,One year,0.2459,"Low Risk
(0–30%)",0,1
5372,104.95,50,Month-to-month,0.5073,"Medium Risk
(30–60%)",1,0
5373,105.25,71,Two year,0.1145,"Low Risk
(0–30%)",0,0
5374,74.75,10,Month-to-month,0.6859,"High Risk
(60–100%)",1,1
5375,50.8,1,Month-to-month,0.532,"Medium Risk
(30–60%)",1,1
5376,23.75,18,One year,0.0421,"Low Risk
(0–30%)",0,0
5377,61.3,4,Month-to-month,0.372,"Medium Risk
(30–60%)",0,0
5378,75.8,58,Two year,0.0221,"Low Risk
(0–30%)",0,0
5379,98.0,56,One year,0.2852,"Low Risk
(0–30%)",0,0
5380,80.25,2,Month-to-month,0.7355,"High Risk
(60–100%)",1,1
5381,78.9,32,Month-to-month,0.499,"Medium Risk
(30–60%)",0,1
5382,52.0,56,One year,0.0312,"Low Risk
(0–30%)",0,0
5383,84.75,36,Month-to-month,0.5159,"Medium Risk
(30–60%)",1,1
5384,64.4,4,Month-to-month,0.376,"Medium Risk
(30–60%)",0,0
5385,85.45,53,Month-to-month,0.3381,"Medium Risk
(30–60%)",0,1
5386,45.8,10,Month-to-month,0.2814,"Low Risk
(0–30%)",0,0
5387,30.5,4,Month-to-month,0.3493,"Medium Risk
(30–60%)",0,0
5388,19.9,1,Month-to-month,0.3287,"Medium Risk
(30–60%)",0,1
5389,69.15,51,Month-to-month,0.2186,"Low Risk
(0–30%)",0,0
5390,99.45,12,Month-to-month,0.8058,"High Risk
(60–100%)",1,1
5391,49.25,6,One year,0.2015,"Low Risk
(0–30%)",0,0
5392,39.35,63,Two year,0.0253,"Low Risk
(0–30%)",0,0
5393,70.6,1,Month-to-month,0.7976,"High Risk
(60–100%)",1,1
5394,105.1,48,Month-to-month,0.3881,"Medium Risk
(30–60%)",0,0
5395,81.0,5,Month-to-month,0.694,"High Risk
(60–100%)",1,1
5396,20.1,35,One year,0.0307,"Low Risk
(0–30%)",0,0
5397,84.85,6,Month-to-month,0.6742,"High Risk
(60–100%)",1,1
5398,19.75,2,Month-to-month,0.1639,"Low Risk
(0–30%)",0,0
5399,19.75,50,One year,0.0328,"Low Risk
(0–30%)",0,0
5400,70.4,33,Month-to-month,0.2989,"Low Risk
(0–30%)",0,0
5401,20.45,31,Two year,0.0182,"Low Risk
(0–30%)",0,0
5402,20.35,9,Two year,0.0223,"Low Risk
(0–30%)",0,0
5403,86.2,54,Month-to-month,0.1948,"Low Risk
(0–30%)",0,0
5404,95.65,46,One year,0.1052,"Low Risk
(0–30%)",0,0
5405,103.8,34,One year,0.2383,"Low Risk
(0–30%)",0,0
5406,97.2,71,Two year,0.0726,"Low Risk
(0–30%)",0,0
5407,63.55,63,Two year,0.0157,"Low Risk
(0–30%)",0,0
5408,24.95,51,Two year,0.0191,"Low Risk
(0–30%)",0,0
5409,89.15,26,Month-to-month,0.5858,"Medium Risk
(30–60%)",1,1
5410,99.0,64,Two year,0.0661,"Low Risk
(0–30%)",0,0
5411,24.8,1,Month-to-month,0.7385,"High Risk
(60–100%)",1,1
5412,85.55,61,One year,0.0672,"Low Risk
(0–30%)",0,0
5413,94.0,15,Month-to-month,0.4921,"Medium Risk
(30–60%)",0,0
5414,105.65,64,One year,0.2345,"Low Risk
(0–30%)",0,1
5415,50.3,18,Month-to-month,0.4208,"Medium Risk
(30–60%)",0,0
5416,95.0,57,One year,0.1936,"Low Risk
(0–30%)",0,0
5417,61.4,14,Two year,0.0446,"Low Risk
(0–30%)",0,0
5418,80.55,18,Month-to-month,0.4319,"Medium Risk
(30–60%)",0,0
5419,78.5,72,Two year,0.0267,"Low Risk
(0–30%)",0,0
5420,114.3,70,Two year,0.0701,"Low Risk
(0–30%)",0,0
5421,20.05,38,Two year,0.0185,"Low Risk
(0–30%)",0,0
5422,62.65,68,Two year,0.0171,"Low Risk
(0–30%)",0,0
5423,80.85,13,Month-to-month,0.5974,"Medium Risk
(30–60%)",1,1
5424,92.7,65,Two year,0.0422,"Low Risk
(0–30%)",0,0
5425,100.45,30,Month-to-month,0.4584,"Medium Risk
(30–60%)",0,0
5426,75.2,51,Two year,0.0517,"Low Risk
(0–30%)",0,0
5427,84.75,31,Month-to-month,0.2971,"Low Risk
(0–30%)",0,0
5428,89.45,9,Month-to-month,0.6051,"High Risk
(60–100%)",1,1
5429,79.5,72,Two year,0.0163,"Low Risk
(0–30%)",0,0
5430,72.15,10,Month-to-month,0.3624,"Medium Risk
(30–60%)",0,1
5431,19.8,37,One year,0.0432,"Low Risk
(0–30%)",0,0
5432,76.4,2,Month-to-month,0.4222,"Medium Risk
(30–60%)",0,1
5433,100.9,55,One year,0.1741,"Low Risk
(0–30%)",0,0
5434,95.3,33,Month-to-month,0.3351,"Medium Risk
(30–60%)",0,0
5435,90.95,46,One year,0.1101,"Low Risk
(0–30%)",0,0
5436,54.5,1,Month-to-month,0.3622,"Medium Risk
(30–60%)",0,0
5437,61.6,20,Month-to-month,0.3187,"Medium Risk
(30–60%)",0,1
5438,79.9,9,Month-to-month,0.6204,"High Risk
(60–100%)",1,1
5439,96.15,32,Month-to-month,0.4924,"Medium Risk
(30–60%)",0,1
5440,49.6,19,Month-to-month,0.207,"Low Risk
(0–30%)",0,0
5441,65.3,70,Two year,0.0221,"Low Risk
(0–30%)",0,1
5442,25.0,61,Two year,0.0143,"Low Risk
(0–30%)",0,0
5443,45.45,26,Month-to-month,0.1925,"Low Risk
(0–30%)",0,0
5444,107.75,45,Month-to-month,0.4422,"Medium Risk
(30–60%)",0,0
5445,89.1,62,Two year,0.0573,"Low Risk
(0–30%)",0,0
5446,19.65,1,Month-to-month,0.3124,"Medium Risk
(30–60%)",0,1
5447,44.75,3,Month-to-month,0.3221,"Medium Risk
(30–60%)",0,0
5448,101.6,41,One year,0.1713,"Low Risk
(0–30%)",0,0
5449,103.15,67,Two year,0.0673,"Low Risk
(0–30%)",0,0
5450,84.65,1,Month-to-month,0.8654,"High Risk
(60–100%)",1,1
5451,95.65,71,One year,0.0553,"Low Risk
(0–30%)",0,0
5452,75.1,37,One year,0.0807,"Low Risk
(0–30%)",0,0
5453,61.35,60,Two year,0.0185,"Low Risk
(0–30%)",0,0
5454,69.55,1,Month-to-month,0.8111,"High Risk
(60–100%)",1,1
5455,19.7,6,Month-to-month,0.1233,"Low Risk
(0–30%)",0,0
5456,31.05,13,Month-to-month,0.4196,"Medium Risk
(30–60%)",0,1
5457,51.0,11,Month-to-month,0.1639,"Low Risk
(0–30%)",0,0
5458,51.0,7,Month-to-month,0.2244,"Low Risk
(0–30%)",0,1
5459,88.85,10,Month-to-month,0.6569,"High Risk
(60–100%)",1,0
5460,20.05,34,Two year,0.018,"Low Risk
(0–30%)",0,0
5461,65.1,62,Two year,0.025,"Low Risk
(0–30%)",0,0
5462,70.15,64,One year,0.0839,"Low Risk
(0–30%)",0,0
5463,44.35,1,Month-to-month,0.5377,"Medium Risk
(30–60%)",1,1
5464,20.75,25,Two year,0.0217,"Low Risk
(0–30%)",0,0
5465,56.05,26,One year,0.0795,"Low Risk
(0–30%)",0,0
5466,19.95,10,One year,0.0429,"Low Risk
(0–30%)",0,0
5467,98.6,53,One year,0.0849,"Low Risk
(0–30%)",0,0
5468,79.7,7,Month-to-month,0.6664,"High Risk
(60–100%)",1,1
5469,79.0,33,Month-to-month,0.312,"Medium Risk
(30–60%)",0,0
5470,89.45,71,Two year,0.0411,"Low Risk
(0–30%)",0,0
5471,74.2,29,Month-to-month,0.4638,"Medium Risk
(30–60%)",0,0
5472,81.0,24,Month-to-month,0.1288,"Low Risk
(0–30%)",0,0
5473,49.6,20,Month-to-month,0.3149,"Medium Risk
(30–60%)",0,0
5474,84.6,1,Month-to-month,0.8863,"High Risk
(60–100%)",1,0
5475,55.0,54,Month-to-month,0.1553,"Low Risk
(0–30%)",0,1
5476,84.85,5,Month-to-month,0.7199,"High Risk
(60–100%)",1,1
5477,84.2,72,Two year,0.0184,"Low Risk
(0–30%)",0,0
5478,106.3,52,Two year,0.1321,"Low Risk
(0–30%)",0,0
5479,69.05,9,Month-to-month,0.4919,"Medium Risk
(30–60%)",0,0
5480,45.4,1,Month-to-month,0.5544,"Medium Risk
(30–60%)",1,0
5481,73.65,1,Month-to-month,0.8541,"High Risk
(60–100%)",1,1
5482,73.9,33,One year,0.1184,"Low Risk
(0–30%)",0,1
5483,77.75,55,Month-to-month,0.3674,"Medium Risk
(30–60%)",0,1
5484,99.35,69,Two year,0.1169,"Low Risk
(0–30%)",0,0
5485,50.75,1,Month-to-month,0.444,"Medium Risk
(30–60%)",0,0
5486,87.1,54,Two year,0.0275,"Low Risk
(0–30%)",0,0
5487,20.15,33,One year,0.0311,"Low Risk
(0–30%)",0,0
5488,98.7,45,One year,0.177,"Low Risk
(0–30%)",0,0
5489,25.2,11,Month-to-month,0.3057,"Medium Risk
(30–60%)",0,0
5490,55.7,6,Month-to-month,0.219,"Low Risk
(0–30%)",0,0
5491,65.35,21,Month-to-month,0.1499,"Low Risk
(0–30%)",0,0
5492,25.3,65,Two year,0.0161,"Low Risk
(0–30%)",0,0
5493,84.35,6,Month-to-month,0.8047,"High Risk
(60–100%)",1,1
5494,84.95,8,Month-to-month,0.4669,"Medium Risk
(30–60%)",0,1
5495,73.85,11,Month-to-month,0.5112,"Medium Risk
(30–60%)",1,1
5496,24.25,43,Two year,0.0174,"Low Risk
(0–30%)",0,0
5497,51.8,49,One year,0.1773,"Low Risk
(0–30%)",0,1
5498,46.0,1,Month-to-month,0.6431,"High Risk
(60–100%)",1,1
5499,79.4,15,Month-to-month,0.5515,"Medium Risk
(30–60%)",1,1
5500,60.5,60,Two year,0.0195,"Low Risk
(0–30%)",0,0
5501,25.1,17,Month-to-month,0.2091,"Low Risk
(0–30%)",0,0
5502,71.8,16,Month-to-month,0.4014,"Medium Risk
(30–60%)",0,1
5503,20.05,35,One year,0.029,"Low Risk
(0–30%)",0,0
5504,88.4,44,One year,0.157,"Low Risk
(0–30%)",0,1
5505,30.25,12,One year,0.0713,"Low Risk
(0–30%)",0,0
5506,20.2,1,Month-to-month,0.3187,"Medium Risk
(30–60%)",0,0
5507,59.9,28,One year,0.0478,"Low Risk
(0–30%)",0,0
5508,25.15,70,Two year,0.0163,"Low Risk
(0–30%)",0,0
5509,46.0,5,Month-to-month,0.3038,"Medium Risk
(30–60%)",0,1
5510,101.3,18,Month-to-month,0.3727,"Medium Risk
(30–60%)",0,0
5511,76.95,70,Two year,0.0327,"Low Risk
(0–30%)",0,0
5512,55.3,9,Month-to-month,0.3138,"Medium Risk
(30–60%)",0,0
5513,92.45,67,Two year,0.0271,"Low Risk
(0–30%)",0,0
5514,48.45,1,Month-to-month,0.4321,"Medium Risk
(30–60%)",0,0
5515,19.35,18,Two year,0.0211,"Low Risk
(0–30%)",0,0
5516,51.75,4,Month-to-month,0.382,"Medium Risk
(30–60%)",0,1
5517,86.7,71,One year,0.0329,"Low Risk
(0–30%)",0,0
5518,94.4,30,Month-to-month,0.4172,"Medium Risk
(30–60%)",0,1
5519,55.7,1,Month-to-month,0.4153,"Medium Risk
(30–60%)",0,0
5520,84.25,55,One year,0.0543,"Low Risk
(0–30%)",0,0
5521,64.65,59,Month-to-month,0.1666,"Low Risk
(0–30%)",0,0
5522,70.15,1,Month-to-month,0.7493,"High Risk
(60–100%)",1,1
5523,69.2,7,Month-to-month,0.5257,"Medium Risk
(30–60%)",1,0
5524,54.65,45,Two year,0.0259,"Low Risk
(0–30%)",0,0
5525,24.75,54,One year,0.0251,"Low Risk
(0–30%)",0,0
5526,23.95,51,One year,0.0314,"Low Risk
(0–30%)",0,0
5527,105.0,72,One year,0.114,"Low Risk
(0–30%)",0,0
5528,59.85,44,One year,0.0452,"Low Risk
(0–30%)",0,0
5529,20.05,2,Month-to-month,0.1639,"Low Risk
(0–30%)",0,0
5530,92.15,66,One year,0.1016,"Low Risk
(0–30%)",0,0
5531,44.8,68,One year,0.0396,"Low Risk
(0–30%)",0,0
5532,20.9,31,Two year,0.0189,"Low Risk
(0–30%)",0,0
5533,95.4,21,Month-to-month,0.5305,"Medium Risk
(30–60%)",1,0
5534,80.35,21,Month-to-month,0.3538,"Medium Risk
(30–60%)",0,0
5535,85.1,55,Two year,0.0248,"Low Risk
(0–30%)",0,0
5536,34.7,9,Month-to-month,0.3639,"Medium Risk
(30–60%)",0,1
5537,115.05,71,Two year,0.0595,"Low Risk
(0–30%)",0,0
5538,81.1,1,Month-to-month,0.8508,"High Risk
(60–100%)",1,1
5539,19.95,22,One year,0.0316,"Low Risk
(0–30%)",0,0
5540,20.55,1,Month-to-month,0.3204,"Medium Risk
(30–60%)",0,1
5541,106.6,61,Two year,0.2224,"Low Risk
(0–30%)",0,1
5542,86.15,67,Two year,0.0381,"Low Risk
(0–30%)",0,0
5543,78.85,14,Month-to-month,0.3488,"Medium Risk
(30–60%)",0,0
5544,106.75,59,Month-to-month,0.3313,"Medium Risk
(30–60%)",0,1
5545,86.55,21,Month-to-month,0.3564,"Medium Risk
(30–60%)",0,0
5546,42.4,4,Month-to-month,0.1648,"Low Risk
(0–30%)",0,0
5547,89.45,3,Month-to-month,0.7324,"High Risk
(60–100%)",1,1
5548,24.25,70,Two year,0.0156,"Low Risk
(0–30%)",0,0
5549,97.9,3,Month-to-month,0.7185,"High Risk
(60–100%)",1,1
5550,20.5,21,One year,0.0408,"Low Risk
(0–30%)",0,0
5551,19.6,20,Month-to-month,0.108,"Low Risk
(0–30%)",0,0
5552,20.25,22,One year,0.0309,"Low Risk
(0–30%)",0,0
5553,55.7,1,Month-to-month,0.5945,"Medium Risk
(30–60%)",1,1
5554,20.6,63,Two year,0.0155,"Low Risk
(0–30%)",0,0
5555,19.8,70,Two year,0.0137,"Low Risk
(0–30%)",0,0
5556,79.8,13,Month-to-month,0.5739,"Medium Risk
(30–60%)",1,1
5557,80.2,5,Month-to-month,0.6116,"High Risk
(60–100%)",1,0
5558,116.4,72,Two year,0.0317,"Low Risk
(0–30%)",0,0
5559,31.65,13,Month-to-month,0.42,"Medium Risk
(30–60%)",0,0
5560,94.15,61,Month-to-month,0.2039,"Low Risk
(0–30%)",0,0
5561,20.65,1,Month-to-month,0.3335,"Medium Risk
(30–60%)",0,0
5562,76.85,56,Month-to-month,0.1902,"Low Risk
(0–30%)",0,0
5563,20.15,4,Month-to-month,0.1344,"Low Risk
(0–30%)",0,0
5564,55.25,35,Two year,0.0335,"Low Risk
(0–30%)",0,0
5565,39.05,18,Month-to-month,0.4551,"Medium Risk
(30–60%)",0,1
5566,82.15,72,Two year,0.0431,"Low Risk
(0–30%)",0,0
5567,103.0,49,One year,0.1619,"Low Risk
(0–30%)",0,0
5568,95.1,44,Month-to-month,0.2434,"Low Risk
(0–30%)",0,0
5569,83.9,3,Month-to-month,0.6649,"High Risk
(60–100%)",1,1
5570,95.15,37,Month-to-month,0.4206,"Medium Risk
(30–60%)",0,0
5571,79.8,61,One year,0.1739,"Low Risk
(0–30%)",0,0
5572,74.8,70,Two year,0.0306,"Low Risk
(0–30%)",0,0
5573,69.85,1,Month-to-month,0.8053,"High Risk
(60–100%)",1,1
5574,20.45,41,Month-to-month,0.0954,"Low Risk
(0–30%)",0,0
5575,78.35,70,One year,0.0534,"Low Risk
(0–30%)",0,0
5576,53.55,1,Month-to-month,0.5821,"Medium Risk
(30–60%)",1,1
5577,19.1,51,One year,0.0362,"Low Risk
(0–30%)",0,0
5578,20.0,42,Two year,0.0168,"Low Risk
(0–30%)",0,0
5579,93.9,70,Two year,0.031,"Low Risk
(0–30%)",0,1
5580,19.95,48,One year,0.0314,"Low Risk
(0–30%)",0,0
5581,113.15,68,Two year,0.075,"Low Risk
(0–30%)",0,1
5582,24.0,48,Two year,0.0209,"Low Risk
(0–30%)",0,0
5583,84.95,26,Month-to-month,0.3803,"Medium Risk
(30–60%)",0,1
5584,80.5,11,Month-to-month,0.5754,"Medium Risk
(30–60%)",1,1
5585,19.3,1,Month-to-month,0.3226,"Medium Risk
(30–60%)",0,1
5586,19.15,27,One year,0.028,"Low Risk
(0–30%)",0,0
5587,91.3,46,One year,0.1248,"Low Risk
(0–30%)",0,0
5588,49.65,1,Month-to-month,0.5695,"Medium Risk
(30–60%)",1,1
5589,54.35,46,Two year,0.0411,"Low Risk
(0–30%)",0,1
5590,19.15,25,Month-to-month,0.0794,"Low Risk
(0–30%)",0,0
5591,88.45,4,Month-to-month,0.7236,"High Risk
(60–100%)",1,1
5592,19.75,13,Two year,0.0221,"Low Risk
(0–30%)",0,0
5593,75.5,31,One year,0.0746,"Low Risk
(0–30%)",0,0
5594,83.75,23,Month-to-month,0.5595,"Medium Risk
(30–60%)",1,0
5595,19.4,2,Month-to-month,0.1387,"Low Risk
(0–30%)",0,0
5596,26.5,65,Two year,0.0165,"Low Risk
(0–30%)",0,0
5597,90.5,22,Month-to-month,0.3825,"Medium Risk
(30–60%)",0,1
5598,19.15,55,One year,0.0269,"Low Risk
(0–30%)",0,0
5599,94.85,9,Month-to-month,0.5504,"Medium Risk
(30–60%)",1,1
5600,69.95,7,Month-to-month,0.4934,"Medium Risk
(30–60%)",0,1
5601,40.9,35,One year,0.0544,"Low Risk
(0–30%)",0,0
5602,80.25,6,Two year,0.046,"Low Risk
(0–30%)",0,0
5603,48.6,1,Month-to-month,0.4379,"Medium Risk
(30–60%)",0,1
5604,70.8,17,Month-to-month,0.4549,"Medium Risk
(30–60%)",0,0
5605,60.2,10,Month-to-month,0.2375,"Low Risk
(0–30%)",0,0
5606,55.2,15,One year,0.0685,"Low Risk
(0–30%)",0,0
5607,55.8,40,Month-to-month,0.257,"Low Risk
(0–30%)",0,1
5608,54.15,13,One year,0.0469,"Low Risk
(0–30%)",0,0
5609,80.15,29,Month-to-month,0.3785,"Medium Risk
(30–60%)",0,1
5610,75.5,3,Month-to-month,0.7589,"High Risk
(60–100%)",1,1
5611,100.4,58,Month-to-month,0.3566,"Medium Risk
(30–60%)",0,0
5612,62.55,45,One year,0.0443,"Low Risk
(0–30%)",0,0
5613,70.45,72,Two year,0.0162,"Low Risk
(0–30%)",0,0
5614,85.5,68,One year,0.0455,"Low Risk
(0–30%)",0,0
5615,20.2,1,Month-to-month,0.3584,"Medium Risk
(30–60%)",0,1
5616,54.5,38,Month-to-month,0.1253,"Low Risk
(0–30%)",0,0
5617,20.75,2,Month-to-month,0.167,"Low Risk
(0–30%)",0,0
5618,20.35,11,Month-to-month,0.1064,"Low Risk
(0–30%)",0,0
5619,91.0,20,One year,0.204,"Low Risk
(0–30%)",0,0
5620,104.8,72,Two year,0.101,"Low Risk
(0–30%)",0,0
5621,74.75,3,Month-to-month,0.6864,"High Risk
(60–100%)",1,1
5622,104.05,23,Month-to-month,0.5025,"Medium Risk
(30–60%)",1,1
5623,51.1,40,Month-to-month,0.2029,"Low Risk
(0–30%)",0,0
5624,89.8,62,Month-to-month,0.2509,"Low Risk
(0–30%)",0,0
5625,20.55,22,Month-to-month,0.1188,"Low Risk
(0–30%)",0,0
5626,64.05,11,Month-to-month,0.1762,"Low Risk
(0–30%)",0,0
5627,74.85,7,Month-to-month,0.7375,"High Risk
(60–100%)",1,0
5628,96.65,13,Month-to-month,0.626,"High Risk
(60–100%)",1,1
5629,20.05,1,Month-to-month,0.4058,"Medium Risk
(30–60%)",0,1
5630,103.45,39,Month-to-month,0.5336,"Medium Risk
(30–60%)",1,1
5631,25.0,3,Month-to-month,0.3704,"Medium Risk
(30–60%)",0,0
5632,20.3,58,Two year,0.0168,"Low Risk
(0–30%)",0,0
5633,26.35,6,Month-to-month,0.1118,"Low Risk
(0–30%)",0,0
5634,19.9,1,Month-to-month,0.4099,"Medium Risk
(30–60%)",0,1
5635,54.7,22,Month-to-month,0.2094,"Low Risk
(0–30%)",0,0
5636,46.35,14,Month-to-month,0.3691,"Medium Risk
(30–60%)",0,1
5637,90.25,64,One year,0.0971,"Low Risk
(0–30%)",0,0
5638,19.95,1,Month-to-month,0.3441,"Medium Risk
(30–60%)",0,1
5639,20.65,6,Month-to-month,0.123,"Low Risk
(0–30%)",0,0
5640,79.6,1,Month-to-month,0.8141,"High Risk
(60–100%)",1,1
5641,25.45,39,One year,0.0324,"Low Risk
(0–30%)",0,0
5642,19.5,20,One year,0.0349,"Low Risk
(0–30%)",0,0
5643,75.9,1,Month-to-month,0.6858,"High Risk
(60–100%)",1,1
5644,76.2,1,Month-to-month,0.7874,"High Risk
(60–100%)",1,1
5645,66.15,64,One year,0.0497,"Low Risk
(0–30%)",0,0
5646,19.25,1,Month-to-month,0.2622,"Low Risk
(0–30%)",0,1
5647,69.1,46,Month-to-month,0.2079,"Low Risk
(0–30%)",0,0
5648,39.1,28,One year,0.1792,"Low Risk
(0–30%)",0,0
5649,20.05,33,Month-to-month,0.078,"Low Risk
(0–30%)",0,0
5650,59.8,39,One year,0.0522,"Low Risk
(0–30%)",0,0
5651,84.3,42,Month-to-month,0.4089,"Medium Risk
(30–60%)",0,1
5652,48.6,1,Month-to-month,0.6236,"High Risk
(60–100%)",1,0
5653,79.0,7,Month-to-month,0.6792,"High Risk
(60–100%)",1,1
5654,105.35,70,Two year,0.094,"Low Risk
(0–30%)",0,0
5655,25.1,65,Two year,0.0182,"Low Risk
(0–30%)",0,0
5656,49.75,1,Month-to-month,0.472,"Medium Risk
(30–60%)",0,0
5657,94.75,18,Month-to-month,0.6458,"High Risk
(60–100%)",1,0
5658,93.0,24,Month-to-month,0.6228,"High Risk
(60–100%)",1,0
5659,71.9,63,Two year,0.0259,"Low Risk
(0–30%)",0,0
5660,77.55,44,One year,0.15,"Low Risk
(0–30%)",0,0
5661,19.85,4,Month-to-month,0.184,"Low Risk
(0–30%)",0,0
5662,70.25,1,Month-to-month,0.7976,"High Risk
(60–100%)",1,1
5663,95.25,37,Month-to-month,0.5003,"Medium Risk
(30–60%)",1,0
5664,84.6,10,Month-to-month,0.605,"High Risk
(60–100%)",1,1
5665,25.05,34,Month-to-month,0.2224,"Low Risk
(0–30%)",0,0
5666,53.15,35,One year,0.0815,"Low Risk
(0–30%)",0,0
5667,20.15,4,Month-to-month,0.1504,"Low Risk
(0–30%)",0,0
5668,101.25,39,Month-to-month,0.5215,"Medium Risk
(30–60%)",1,0
5669,100.55,43,One year,0.2622,"Low Risk
(0–30%)",0,0
5670,24.1,17,Month-to-month,0.1015,"Low Risk
(0–30%)",0,1
5671,25.3,61,Two year,0.0153,"Low Risk
(0–30%)",0,0
5672,71.8,49,One year,0.0857,"Low Risk
(0–30%)",0,0
5673,19.7,4,One year,0.0435,"Low Risk
(0–30%)",0,0
5674,49.85,64,Two year,0.0408,"Low Risk
(0–30%)",0,0
5675,69.6,3,Month-to-month,0.5941,"Medium Risk
(30–60%)",1,0
5676,19.75,1,Month-to-month,0.3266,"Medium Risk
(30–60%)",0,0
5677,80.8,40,One year,0.1102,"Low Risk
(0–30%)",0,0
5678,60.0,1,Month-to-month,0.3858,"Medium Risk
(30–60%)",0,1
5679,86.55,8,Month-to-month,0.7474,"High Risk
(60–100%)",1,1
5680,20.85,1,Month-to-month,0.4237,"Medium Risk
(30–60%)",0,1
5681,64.2,34,One year,0.0763,"Low Risk
(0–30%)",0,0
5682,35.0,1,Month-to-month,0.6274,"High Risk
(60–100%)",1,0
5683,50.75,39,Month-to-month,0.3562,"Medium Risk
(30–60%)",0,1
5684,105.5,58,One year,0.1982,"Low Risk
(0–30%)",0,1
5685,19.2,45,Two year,0.0186,"Low Risk
(0–30%)",0,0
5686,85.15,6,Month-to-month,0.5447,"Medium Risk
(30–60%)",1,1
5687,90.65,43,One year,0.0559,"Low Risk
(0–30%)",0,0
5688,20.0,41,Two year,0.0181,"Low Risk
(0–30%)",0,0
5689,74.65,5,Month-to-month,0.6182,"High Risk
(60–100%)",1,0
5690,61.2,72,Two year,0.0206,"Low Risk
(0–30%)",0,0
5691,19.95,4,One year,0.0435,"Low Risk
(0–30%)",0,0
5692,54.8,9,Month-to-month,0.1622,"Low Risk
(0–30%)",0,0
5693,73.45,72,Two year,0.0619,"Low Risk
(0–30%)",0,0
5694,51.45,33,One year,0.064,"Low Risk
(0–30%)",0,0
5695,80.45,72,Two year,0.0246,"Low Risk
(0–30%)",0,0
5696,54.2,22,Month-to-month,0.1876,"Low Risk
(0–30%)",0,1
5697,109.5,70,One year,0.2784,"Low Risk
(0–30%)",0,1
5698,104.4,21,Month-to-month,0.4832,"Medium Risk
(30–60%)",0,1
5699,85.3,15,Month-to-month,0.4717,"Medium Risk
(30–60%)",0,0
5700,79.3,29,Month-to-month,0.4334,"Medium Risk
(30–60%)",0,0
5701,76.5,15,Month-to-month,0.161,"Low Risk
(0–30%)",0,0
5702,105.1,71,Month-to-month,0.254,"Low Risk
(0–30%)",0,1
5703,25.4,72,Two year,0.0133,"Low Risk
(0–30%)",0,0
5704,86.85,19,Month-to-month,0.6146,"High Risk
(60–100%)",1,0
5705,19.65,1,Month-to-month,0.3124,"Medium Risk
(30–60%)",0,0
5706,75.7,1,Month-to-month,0.7959,"High Risk
(60–100%)",1,1
5707,45.55,2,Month-to-month,0.4665,"Medium Risk
(30–60%)",0,0
5708,78.1,11,Month-to-month,0.5392,"Medium Risk
(30–60%)",1,0
5709,19.3,12,One year,0.0397,"Low Risk
(0–30%)",0,0
5710,110.5,70,Two year,0.137,"Low Risk
(0–30%)",0,0
5711,90.8,20,Month-to-month,0.5201,"Medium Risk
(30–60%)",1,1
5712,20.3,23,Month-to-month,0.0975,"Low Risk
(0–30%)",0,0
5713,81.35,49,Two year,0.0332,"Low Risk
(0–30%)",0,0
5714,97.95,4,Month-to-month,0.8046,"High Risk
(60–100%)",1,1
5715,108.15,32,Month-to-month,0.3358,"Medium Risk
(30–60%)",0,1
5716,55.3,2,Month-to-month,0.5469,"Medium Risk
(30–60%)",1,0
5717,56.55,69,Two year,0.0397,"Low Risk
(0–30%)",0,0
5718,80.5,6,Month-to-month,0.6736,"High Risk
(60–100%)",1,1
5719,19.7,24,Two year,0.0184,"Low Risk
(0–30%)",0,0
5720,104.05,32,One year,0.2994,"Low Risk
(0–30%)",0,0
5721,52.85,27,Two year,0.0278,"Low Risk
(0–30%)",0,0
5722,104.3,27,Month-to-month,0.4951,"Medium Risk
(30–60%)",0,1
5723,80.65,58,Month-to-month,0.1799,"Low Risk
(0–30%)",0,0
5724,71.35,1,Month-to-month,0.7493,"High Risk
(60–100%)",1,1
5725,24.65,18,Two year,0.0246,"Low Risk
(0–30%)",0,0
5726,21.3,47,Two year,0.0208,"Low Risk
(0–30%)",0,0
5727,110.2,70,Two year,0.1129,"Low Risk
(0–30%)",0,0
5728,89.4,13,Month-to-month,0.5148,"Medium Risk
(30–60%)",1,1
5729,51.05,36,Month-to-month,0.1106,"Low Risk
(0–30%)",0,0
5730,19.8,67,Two year,0.0166,"Low Risk
(0–30%)",0,0
5731,19.9,10,Month-to-month,0.1284,"Low Risk
(0–30%)",0,0
5732,87.3,19,Month-to-month,0.3976,"Medium Risk
(30–60%)",0,0
5733,19.85,71,Two year,0.0107,"Low Risk
(0–30%)",0,0
5734,89.4,72,Two year,0.016,"Low Risk
(0–30%)",0,0
5735,20.0,48,Two year,0.0164,"Low Risk
(0–30%)",0,0
5736,20.05,1,Month-to-month,0.3366,"Medium Risk
(30–60%)",0,0
5737,83.25,18,Month-to-month,0.1767,"Low Risk
(0–30%)",0,0
5738,20.6,1,Month-to-month,0.3107,"Medium Risk
(30–60%)",0,1
5739,102.9,67,Two year,0.0801,"Low Risk
(0–30%)",0,0
5740,39.1,69,Two year,0.0208,"Low Risk
(0–30%)",0,0
5741,99.95,19,Month-to-month,0.6611,"High Risk
(60–100%)",1,1
5742,114.5,72,Two year,0.0495,"Low Risk
(0–30%)",0,0
5743,20.2,38,Two year,0.022,"Low Risk
(0–30%)",0,0
5744,55.8,40,One year,0.1637,"Low Risk
(0–30%)",0,0
5745,24.2,61,Two year,0.014,"Low Risk
(0–30%)",0,0
5746,81.0,10,Month-to-month,0.6323,"High Risk
(60–100%)",1,1
5747,72.8,32,One year,0.0542,"Low Risk
(0–30%)",0,0
5748,99.85,21,Month-to-month,0.5457,"Medium Risk
(30–60%)",1,0
5749,99.5,59,One year,0.2919,"Low Risk
(0–30%)",0,0
5750,70.15,13,Month-to-month,0.5454,"Medium Risk
(30–60%)",1,1
5751,20.25,47,Two year,0.0176,"Low Risk
(0–30%)",0,0
5752,26.0,69,Two year,0.016,"Low Risk
(0–30%)",0,0
5753,19.9,2,Month-to-month,0.2505,"Low Risk
(0–30%)",0,0
5754,19.05,22,Month-to-month,0.0661,"Low Risk
(0–30%)",0,0
5755,96.5,15,Month-to-month,0.6755,"High Risk
(60–100%)",1,0
5756,19.85,53,Two year,0.0232,"Low Risk
(0–30%)",0,0
5757,25.7,28,Month-to-month,0.1061,"Low Risk
(0–30%)",0,0
5758,20.3,22,One year,0.0341,"Low Risk
(0–30%)",0,0
5759,70.15,1,Month-to-month,0.7493,"High Risk
(60–100%)",1,1
5760,91.55,16,Month-to-month,0.4699,"Medium Risk
(30–60%)",0,0
5761,39.4,48,Two year,0.0176,"Low Risk
(0–30%)",0,0
5762,105.7,30,Month-to-month,0.3714,"Medium Risk
(30–60%)",0,0
5763,70.25,3,Month-to-month,0.6334,"High Risk
(60–100%)",1,0
5764,93.75,57,Two year,0.0628,"Low Risk
(0–30%)",0,0
5765,96.55,68,One year,0.1124,"Low Risk
(0–30%)",0,1
5766,60.0,23,One year,0.0594,"Low Risk
(0–30%)",0,0
5767,59.8,65,Two year,0.0348,"Low Risk
(0–30%)",0,0
5768,90.65,44,One year,0.1785,"Low Risk
(0–30%)",0,0
5769,109.0,71,Two year,0.0688,"Low Risk
(0–30%)",0,0
5770,68.1,37,One year,0.0428,"Low Risk
(0–30%)",0,0
5771,20.4,12,Month-to-month,0.106,"Low Risk
(0–30%)",0,0
5772,81.95,69,Two year,0.0364,"Low Risk
(0–30%)",0,0
5773,60.55,35,Month-to-month,0.1294,"Low Risk
(0–30%)",0,0
5774,65.6,5,Month-to-month,0.2838,"Low Risk
(0–30%)",0,0
5775,82.5,58,Two year,0.0489,"Low Risk
(0–30%)",0,0
5776,82.3,72,Two year,0.0177,"Low Risk
(0–30%)",0,0
5777,68.15,72,Two year,0.0138,"Low Risk
(0–30%)",0,0
5778,20.3,1,Month-to-month,0.2963,"Low Risk
(0–30%)",0,0
5779,95.55,39,One year,0.1379,"Low Risk
(0–30%)",0,1
5780,20.2,53,One year,0.0328,"Low Risk
(0–30%)",0,0
5781,89.2,27,Month-to-month,0.3798,"Medium Risk
(30–60%)",0,0
5782,69.65,1,Month-to-month,0.8111,"High Risk
(60–100%)",1,1
5783,89.3,1,Month-to-month,0.8618,"High Risk
(60–100%)",1,1
5784,74.8,18,Month-to-month,0.3142,"Medium Risk
(30–60%)",0,0
5785,20.2,46,Two year,0.0181,"Low Risk
(0–30%)",0,0
5786,84.4,72,Two year,0.021,"Low Risk
(0–30%)",0,0
5787,87.55,36,Month-to-month,0.3525,"Medium Risk
(30–60%)",0,1
5788,25.15,4,Month-to-month,0.5861,"Medium Risk
(30–60%)",1,0
5789,19.8,25,Two year,0.0193,"Low Risk
(0–30%)",0,0
5790,50.85,40,Month-to-month,0.2919,"Low Risk
(0–30%)",0,0
5791,102.4,63,Month-to-month,0.4652,"Medium Risk
(30–60%)",0,0
5792,96.3,15,Month-to-month,0.4399,"Medium Risk
(30–60%)",0,1
5793,55.5,14,Month-to-month,0.2706,"Low Risk
(0–30%)",0,0
5794,109.75,72,Two year,0.0642,"Low Risk
(0–30%)",0,0
5795,106.4,39,Month-to-month,0.4364,"Medium Risk
(30–60%)",0,0
5796,60.0,47,Two year,0.0479,"Low Risk
(0–30%)",0,0
5797,88.8,19,Month-to-month,0.2592,"Low Risk
(0–30%)",0,0
5798,85.2,5,Month-to-month,0.8035,"High Risk
(60–100%)",1,1
5799,35.1,13,Month-to-month,0.4712,"Medium Risk
(30–60%)",0,1
5800,80.05,17,Month-to-month,0.3215,"Medium Risk
(30–60%)",0,0
5801,75.55,34,Month-to-month,0.499,"Medium Risk
(30–60%)",0,0
5802,49.55,42,Month-to-month,0.2512,"Low Risk
(0–30%)",0,0
5803,81.3,5,Month-to-month,0.7603,"High Risk
(60–100%)",1,1
5804,23.9,71,Two year,0.0102,"Low Risk
(0–30%)",0,0
5805,66.4,19,Month-to-month,0.1868,"Low Risk
(0–30%)",0,0
5806,19.6,2,Month-to-month,0.2532,"Low Risk
(0–30%)",0,1
5807,18.8,57,Two year,0.0156,"Low Risk
(0–30%)",0,0
5808,108.4,72,Two year,0.1173,"Low Risk
(0–30%)",0,0
5809,85.95,6,Month-to-month,0.6641,"High Risk
(60–100%)",1,0
5810,85.45,17,Month-to-month,0.5796,"Medium Risk
(30–60%)",1,1
5811,80.9,61,Two year,0.0498,"Low Risk
(0–30%)",0,0
5812,71.0,1,Month-to-month,0.7969,"High Risk
(60–100%)",1,1
5813,111.8,48,Two year,0.0948,"Low Risk
(0–30%)",0,0
5814,20.6,16,Month-to-month,0.116,"Low Risk
(0–30%)",0,0
5815,85.05,9,Month-to-month,0.7657,"High Risk
(60–100%)",1,1
5816,44.6,3,Month-to-month,0.397,"Medium Risk
(30–60%)",0,0
5817,44.4,1,Month-to-month,0.5968,"Medium Risk
(30–60%)",1,1
5818,105.1,65,Two year,0.1197,"Low Risk
(0–30%)",0,0
5819,115.15,70,Two year,0.0504,"Low Risk
(0–30%)",0,0
5820,59.8,60,One year,0.0422,"Low Risk
(0–30%)",0,0
5821,26.3,69,One year,0.0406,"Low Risk
(0–30%)",0,0
5822,70.55,35,Month-to-month,0.3292,"Medium Risk
(30–60%)",0,0
5823,20.05,22,Month-to-month,0.0979,"Low Risk
(0–30%)",0,0
5824,79.85,66,Two year,0.0536,"Low Risk
(0–30%)",0,0
5825,70.3,1,Month-to-month,0.8053,"High Risk
(60–100%)",1,1
5826,79.35,1,Month-to-month,0.8259,"High Risk
(60–100%)",1,1
5827,90.05,34,Month-to-month,0.3669,"Medium Risk
(30–60%)",0,0
5828,24.45,72,Two year,0.0103,"Low Risk
(0–30%)",0,0
5829,59.95,31,One year,0.0716,"Low Risk
(0–30%)",0,0
5830,25.35,30,One year,0.0323,"Low Risk
(0–30%)",0,0
5831,90.8,9,Month-to-month,0.632,"High Risk
(60–100%)",1,1
5832,70.45,20,Month-to-month,0.4467,"Medium Risk
(30–60%)",0,1
5833,34.3,19,Month-to-month,0.2786,"Low Risk
(0–30%)",0,0
5834,105.05,65,Month-to-month,0.4298,"Medium Risk
(30–60%)",0,0
5835,19.3,30,Two year,0.0159,"Low Risk
(0–30%)",0,0
5836,19.15,6,One year,0.0368,"Low Risk
(0–30%)",0,0
5837,51.4,2,Month-to-month,0.5217,"Medium Risk
(30–60%)",1,0
5838,71.85,53,Month-to-month,0.1293,"Low Risk
(0–30%)",0,0
5839,75.4,7,Month-to-month,0.7375,"High Risk
(60–100%)",1,0
5840,49.7,61,One year,0.0345,"Low Risk
(0–30%)",0,0
5841,45.25,70,One year,0.1945,"Low Risk
(0–30%)",0,1
5842,78.75,13,Month-to-month,0.384,"Medium Risk
(30–60%)",0,0
5843,81.6,35,One year,0.1449,"Low Risk
(0–30%)",0,0
5844,70.4,2,Month-to-month,0.5899,"Medium Risk
(30–60%)",1,0
5845,75.8,3,Month-to-month,0.7624,"High Risk
(60–100%)",1,1
5846,76.1,3,Month-to-month,0.6577,"High Risk
(60–100%)",1,0
5847,94.0,62,One year,0.1998,"Low Risk
(0–30%)",0,0
5848,103.95,72,Two year,0.0331,"Low Risk
(0–30%)",0,0
5849,19.95,63,Two year,0.0158,"Low Risk
(0–30%)",0,0
5850,71.3,20,Month-to-month,0.291,"Low Risk
(0–30%)",0,1
5851,110.8,35,One year,0.2468,"Low Risk
(0–30%)",0,0
5852,69.1,21,Month-to-month,0.4698,"Medium Risk
(30–60%)",0,1
5853,96.1,62,One year,0.1062,"Low Risk
(0–30%)",0,0
5854,48.8,15,Month-to-month,0.2801,"Low Risk
(0–30%)",0,0
5855,50.55,55,Month-to-month,0.1148,"Low Risk
(0–30%)",0,0
5856,44.65,11,Month-to-month,0.2458,"Low Risk
(0–30%)",0,0
5857,88.25,17,Month-to-month,0.4741,"Medium Risk
(30–60%)",0,1
5858,19.45,61,One year,0.0246,"Low Risk
(0–30%)",0,0
5859,89.3,71,Two year,0.0169,"Low Risk
(0–30%)",0,0
5860,70.0,2,Month-to-month,0.5164,"Medium Risk
(30–60%)",1,1
5861,19.25,35,Two year,0.0174,"Low Risk
(0–30%)",0,0
5862,70.5,17,Month-to-month,0.272,"Low Risk
(0–30%)",0,0
5863,97.35,21,Month-to-month,0.7079,"High Risk
(60–100%)",1,1
5864,19.65,47,Two year,0.0191,"Low Risk
(0–30%)",0,0
5865,20.85,3,Month-to-month,0.1414,"Low Risk
(0–30%)",0,0
5866,19.65,3,Month-to-month,0.1558,"Low Risk
(0–30%)",0,0
5867,19.35,44,Two year,0.0229,"Low Risk
(0–30%)",0,0
5868,44.0,1,Month-to-month,0.5418,"Medium Risk
(30–60%)",1,0
5869,94.4,44,One year,0.1766,"Low Risk
(0–30%)",0,0
5870,25.9,5,Month-to-month,0.155,"Low Risk
(0–30%)",0,1
5871,55.65,24,Month-to-month,0.177,"Low Risk
(0–30%)",0,1
5872,69.65,1,Month-to-month,0.8029,"High Risk
(60–100%)",1,1
5873,75.4,18,Month-to-month,0.3821,"Medium Risk
(30–60%)",0,0
5874,100.6,10,Month-to-month,0.8151,"High Risk
(60–100%)",1,1
5875,71.0,65,Two year,0.0248,"Low Risk
(0–30%)",0,0
5876,86.0,1,Month-to-month,0.8451,"High Risk
(60–100%)",1,1
5877,106.95,53,One year,0.2459,"Low Risk
(0–30%)",0,1
5878,21.2,3,One year,0.0435,"Low Risk
(0–30%)",0,0
5879,61.05,33,Two year,0.0224,"Low Risk
(0–30%)",0,0
5880,29.6,3,Month-to-month,0.5943,"Medium Risk
(30–60%)",1,1
5881,79.95,34,One year,0.0842,"Low Risk
(0–30%)",0,0
5882,19.7,14,Two year,0.024,"Low Risk
(0–30%)",0,0
5883,20.3,13,Month-to-month,0.1215,"Low Risk
(0–30%)",0,0
5884,59.9,46,One year,0.1425,"Low Risk
(0–30%)",0,1
5885,24.35,23,One year,0.0324,"Low Risk
(0–30%)",0,0
5886,19.75,47,Two year,0.018,"Low Risk
(0–30%)",0,0
5887,50.3,17,Month-to-month,0.1734,"Low Risk
(0–30%)",0,0
5888,95.6,49,Month-to-month,0.4682,"Medium Risk
(30–60%)",0,1
5889,50.25,59,Month-to-month,0.2732,"Low Risk
(0–30%)",0,0
5890,85.35,69,Two year,0.0336,"Low Risk
(0–30%)",0,0
5891,41.6,11,One year,0.2552,"Low Risk
(0–30%)",0,1
5892,51.65,10,Month-to-month,0.2024,"Low Risk
(0–30%)",0,0
5893,24.0,12,Two year,0.0254,"Low Risk
(0–30%)",0,0
5894,100.85,45,Month-to-month,0.4296,"Medium Risk
(30–60%)",0,1
5895,59.85,39,Month-to-month,0.2076,"Low Risk
(0–30%)",0,0
5896,25.45,71,Two year,0.0136,"Low Risk
(0–30%)",0,0
5897,23.9,71,Two year,0.0105,"Low Risk
(0–30%)",0,0
5898,24.15,33,One year,0.0293,"Low Risk
(0–30%)",0,0
5899,75.7,67,Month-to-month,0.2292,"Low Risk
(0–30%)",0,0
5900,40.2,37,Month-to-month,0.124,"Low Risk
(0–30%)",0,1
5901,84.5,49,Month-to-month,0.3514,"Medium Risk
(30–60%)",0,1
5902,50.85,9,Month-to-month,0.2113,"Low Risk
(0–30%)",0,0
5903,91.6,52,Two year,0.0318,"Low Risk
(0–30%)",0,0
5904,98.9,70,One year,0.2046,"Low Risk
(0–30%)",0,0
5905,85.0,1,Month-to-month,0.835,"High Risk
(60–100%)",1,0
5906,78.95,14,Month-to-month,0.6377,"High Risk
(60–100%)",1,1
5907,44.3,1,Month-to-month,0.5418,"Medium Risk
(30–60%)",1,0
5908,20.2,1,Month-to-month,0.3187,"Medium Risk
(30–60%)",0,1
5909,80.2,52,One year,0.0914,"Low Risk
(0–30%)",0,0
5910,60.9,6,Month-to-month,0.2705,"Low Risk
(0–30%)",0,0
5911,34.2,7,Month-to-month,0.184,"Low Risk
(0–30%)",0,0
5912,85.2,47,Month-to-month,0.3576,"Medium Risk
(30–60%)",0,1
5913,87.15,26,One year,0.0574,"Low Risk
(0–30%)",0,0
5914,54.3,25,Month-to-month,0.1339,"Low Risk
(0–30%)",0,0
5915,19.1,69,Two year,0.0159,"Low Risk
(0–30%)",0,0
5916,112.75,72,Two year,0.0411,"Low Risk
(0–30%)",0,0
5917,19.95,4,Month-to-month,0.1831,"Low Risk
(0–30%)",0,0
5918,19.5,59,Two year,0.0153,"Low Risk
(0–30%)",0,0
5919,65.55,67,Two year,0.0272,"Low Risk
(0–30%)",0,0
5920,78.8,26,Month-to-month,0.4207,"Medium Risk
(30–60%)",0,0
5921,78.2,27,One year,0.0911,"Low Risk
(0–30%)",0,0
5922,105.25,72,Two year,0.0667,"Low Risk
(0–30%)",0,0
5923,89.25,6,Month-to-month,0.6474,"High Risk
(60–100%)",1,0
5924,20.65,62,Two year,0.0132,"Low Risk
(0–30%)",0,0
5925,68.7,20,One year,0.1415,"Low Risk
(0–30%)",0,0
5926,78.65,6,Month-to-month,0.1677,"Low Risk
(0–30%)",0,0
5927,24.75,51,Two year,0.0189,"Low Risk
(0–30%)",0,0
5928,19.75,61,Two year,0.0133,"Low Risk
(0–30%)",0,0
5929,89.1,62,Month-to-month,0.2243,"Low Risk
(0–30%)",0,0
5930,84.7,72,Two year,0.0205,"Low Risk
(0–30%)",0,0
5931,98.0,13,Month-to-month,0.694,"High Risk
(60–100%)",1,1
5932,94.45,5,Month-to-month,0.7356,"High Risk
(60–100%)",1,1
5933,105.0,3,Month-to-month,0.8378,"High Risk
(60–100%)",1,1
5934,93.85,26,Month-to-month,0.5683,"Medium Risk
(30–60%)",1,1
5935,59.9,13,Month-to-month,0.3506,"Medium Risk
(30–60%)",0,0
5936,19.95,38,Two year,0.0181,"Low Risk
(0–30%)",0,0
5937,84.0,8,Month-to-month,0.778,"High Risk
(60–100%)",1,1
5938,108.9,34,Month-to-month,0.4123,"Medium Risk
(30–60%)",0,0
5939,33.6,18,Month-to-month,0.1798,"Low Risk
(0–30%)",0,0
5940,85.85,56,One year,0.0588,"Low Risk
(0–30%)",0,0
5941,34.85,36,Month-to-month,0.1501,"Low Risk
(0–30%)",0,0
5942,48.75,9,Month-to-month,0.5337,"Medium Risk
(30–60%)",1,1
5943,84.85,1,Month-to-month,0.8534,"High Risk
(60–100%)",1,1
5944,56.65,12,Month-to-month,0.1412,"Low Risk
(0–30%)",0,1
5945,95.3,57,Month-to-month,0.2147,"Low Risk
(0–30%)",0,0
5946,73.9,42,One year,0.0674,"Low Risk
(0–30%)",0,1
5947,24.5,33,Two year,0.0198,"Low Risk
(0–30%)",0,1
5948,84.6,70,Two year,0.0212,"Low Risk
(0–30%)",0,0
5949,44.95,68,Month-to-month,0.1476,"Low Risk
(0–30%)",0,0
5950,24.7,1,Month-to-month,0.6724,"High Risk
(60–100%)",1,0
5951,100.3,37,Month-to-month,0.3314,"Medium Risk
(30–60%)",0,0
5952,25.45,4,Month-to-month,0.1699,"Low Risk
(0–30%)",0,0
5953,50.7,1,Month-to-month,0.444,"Medium Risk
(30–60%)",0,0
5954,55.0,20,Month-to-month,0.1404,"Low Risk
(0–30%)",0,0
5955,68.4,72,Two year,0.0127,"Low Risk
(0–30%)",0,0
5956,89.9,31,Month-to-month,0.5192,"Medium Risk
(30–60%)",1,1
5957,78.55,18,Month-to-month,0.3915,"Medium Risk
(30–60%)",0,1
5958,55.05,11,Month-to-month,0.2631,"Low Risk
(0–30%)",0,0
5959,19.8,33,Two year,0.016,"Low Risk
(0–30%)",0,0
5960,84.45,62,One year,0.1491,"Low Risk
(0–30%)",0,0
5961,35.9,1,Month-to-month,0.4112,"Medium Risk
(30–60%)",0,0
5962,80.75,16,Month-to-month,0.2369,"Low Risk
(0–30%)",0,0
5963,78.65,22,One year,0.1323,"Low Risk
(0–30%)",0,0
5964,61.75,49,Month-to-month,0.1056,"Low Risk
(0–30%)",0,0
5965,63.7,36,One year,0.0858,"Low Risk
(0–30%)",0,0
5966,99.45,42,Month-to-month,0.4626,"Medium Risk
(30–60%)",0,1
5967,25.2,4,Month-to-month,0.5162,"Medium Risk
(30–60%)",1,1
5968,74.05,12,One year,0.1552,"Low Risk
(0–30%)",0,1
5969,87.6,31,Month-to-month,0.232,"Low Risk
(0–30%)",0,0
5970,89.15,5,Month-to-month,0.6269,"High Risk
(60–100%)",1,0
5971,20.0,66,Two year,0.0128,"Low Risk
(0–30%)",0,0
5972,55.0,15,Month-to-month,0.2065,"Low Risk
(0–30%)",0,1
5973,104.4,64,Two year,0.1534,"Low Risk
(0–30%)",0,0
5974,20.05,10,Month-to-month,0.1121,"Low Risk
(0–30%)",0,0
5975,89.75,7,Month-to-month,0.5841,"Medium Risk
(30–60%)",1,1
5976,34.3,29,Month-to-month,0.1641,"Low Risk
(0–30%)",0,0
5977,20.65,57,Two year,0.0167,"Low Risk
(0–30%)",0,0
5978,84.25,46,Month-to-month,0.2113,"Low Risk
(0–30%)",0,0
5979,19.65,53,Two year,0.0219,"Low Risk
(0–30%)",0,0
5980,79.85,17,One year,0.0816,"Low Risk
(0–30%)",0,0
5981,20.2,38,Two year,0.0181,"Low Risk
(0–30%)",0,0
5982,19.8,15,One year,0.0383,"Low Risk
(0–30%)",0,0
5983,50.35,22,Month-to-month,0.4255,"Medium Risk
(30–60%)",0,0
5984,85.15,14,Month-to-month,0.6966,"High Risk
(60–100%)",1,1
5985,74.6,57,One year,0.0504,"Low Risk
(0–30%)",0,0
5986,79.15,11,Month-to-month,0.5235,"Medium Risk
(30–60%)",1,0
5987,20.35,1,Two year,0.0431,"Low Risk
(0–30%)",0,0
5988,21.05,12,Two year,0.0209,"Low Risk
(0–30%)",0,0
5989,94.6,3,Month-to-month,0.8436,"High Risk
(60–100%)",1,1
5990,94.7,36,Month-to-month,0.3915,"Medium Risk
(30–60%)",0,0
5991,94.25,16,Month-to-month,0.5532,"Medium Risk
(30–60%)",1,1
5992,72.45,65,One year,0.0539,"Low Risk
(0–30%)",0,1
5993,74.95,2,Month-to-month,0.5264,"Medium Risk
(30–60%)",1,0
5994,105.2,42,Month-to-month,0.51,"Medium Risk
(30–60%)",1,1
5995,111.95,72,Two year,0.0313,"Low Risk
(0–30%)",0,0
5996,19.85,62,Two year,0.0143,"Low Risk
(0–30%)",0,0
5997,89.75,6,Month-to-month,0.768,"High Risk
(60–100%)",1,0
5998,20.05,48,Two year,0.0185,"Low Risk
(0–30%)",0,0
5999,108.95,35,Two year,0.2206,"Low Risk
(0–30%)",0,0
6000,19.65,52,One year,0.0297,"Low Risk
(0–30%)",0,0
6001,24.9,1,Month-to-month,0.6026,"High Risk
(60–100%)",1,0
6002,82.85,6,Month-to-month,0.8009,"High Risk
(60–100%)",1,1
6003,93.2,71,Two year,0.0185,"Low Risk
(0–30%)",0,0
6004,84.8,67,One year,0.0382,"Low Risk
(0–30%)",0,0
6005,71.75,60,One year,0.0818,"Low Risk
(0–30%)",0,0
6006,30.35,23,Month-to-month,0.1493,"Low Risk
(0–30%)",0,0
6007,54.85,39,One year,0.1026,"Low Risk
(0–30%)",0,0
6008,19.5,15,One year,0.0403,"Low Risk
(0–30%)",0,0
6009,103.85,53,Month-to-month,0.5626,"Medium Risk
(30–60%)",1,1
6010,24.2,24,Two year,0.0178,"Low Risk
(0–30%)",0,0
6011,19.35,37,Month-to-month,0.0842,"Low Risk
(0–30%)",0,0
6012,83.6,5,Month-to-month,0.6697,"High Risk
(60–100%)",1,1
6013,100.65,50,One year,0.3189,"Medium Risk
(30–60%)",0,0
6014,94.1,54,One year,0.2362,"Low Risk
(0–30%)",0,0
6015,74.55,3,Month-to-month,0.4941,"Medium Risk
(30–60%)",0,0
6016,108.45,68,One year,0.2769,"Low Risk
(0–30%)",0,1
6017,56.15,5,Month-to-month,0.2813,"Low Risk
(0–30%)",0,0
6018,20.35,33,Two year,0.018,"Low Risk
(0–30%)",0,0
6019,80.55,41,One year,0.237,"Low Risk
(0–30%)",0,0
6020,61.25,34,One year,0.0607,"Low Risk
(0–30%)",0,0
6021,20.45,13,Month-to-month,0.111,"Low Risk
(0–30%)",0,0
6022,18.9,20,Month-to-month,0.1042,"Low Risk
(0–30%)",0,0
6023,19.6,51,Two year,0.0213,"Low Risk
(0–30%)",0,0
6024,91.5,3,Month-to-month,0.7675,"High Risk
(60–100%)",1,1
6025,45.2,41,Month-to-month,0.1442,"Low Risk
(0–30%)",0,0
6026,19.45,13,Month-to-month,0.104,"Low Risk
(0–30%)",0,0
6027,25.45,35,Two year,0.0181,"Low Risk
(0–30%)",0,0
6028,80.85,12,Month-to-month,0.3391,"Medium Risk
(30–60%)",0,1
6029,94.9,4,Month-to-month,0.4763,"Medium Risk
(30–60%)",0,0
6030,49.05,43,Month-to-month,0.2518,"Low Risk
(0–30%)",0,1
6031,29.3,12,Month-to-month,0.2188,"Low Risk
(0–30%)",0,0
6032,105.3,68,Month-to-month,0.4862,"Medium Risk
(30–60%)",0,1
6033,88.95,25,Month-to-month,0.5847,"Medium Risk
(30–60%)",1,1
6034,20.25,7,One year,0.0436,"Low Risk
(0–30%)",0,0
6035,110.85,66,One year,0.3022,"Medium Risk
(30–60%)",0,1
6036,110.5,53,One year,0.2303,"Low Risk
(0–30%)",0,0
6037,109.4,63,Month-to-month,0.3344,"Medium Risk
(30–60%)",0,0
6038,114.2,70,Two year,0.0674,"Low Risk
(0–30%)",0,1
6039,36.5,27,Month-to-month,0.2405,"Low Risk
(0–30%)",0,1
6040,70.75,1,Month-to-month,0.7094,"High Risk
(60–100%)",1,1
6041,19.95,5,Month-to-month,0.1344,"Low Risk
(0–30%)",0,0
6042,19.6,37,One year,0.0375,"Low Risk
(0–30%)",0,0
6043,40.15,3,Month-to-month,0.4952,"Medium Risk
(30–60%)",0,1
6044,76.6,12,Month-to-month,0.6281,"High Risk
(60–100%)",1,0
6045,19.6,38,One year,0.0291,"Low Risk
(0–30%)",0,0
6046,85.3,9,Month-to-month,0.5937,"Medium Risk
(30–60%)",1,0
6047,65.85,13,Month-to-month,0.3486,"Medium Risk
(30–60%)",0,0
6048,94.45,29,Month-to-month,0.5981,"Medium Risk
(30–60%)",1,1
6049,20.05,47,Two year,0.0164,"Low Risk
(0–30%)",0,0
6050,99.4,61,Month-to-month,0.2429,"Low Risk
(0–30%)",0,0
6051,20.0,16,Month-to-month,0.0992,"Low Risk
(0–30%)",0,0
6052,78.45,41,Two year,0.0305,"Low Risk
(0–30%)",0,0
6053,25.1,43,Two year,0.0274,"Low Risk
(0–30%)",0,0
6054,97.35,36,Month-to-month,0.4195,"Medium Risk
(30–60%)",0,1
6055,55.0,6,Month-to-month,0.4191,"Medium Risk
(30–60%)",0,0
6056,71.1,58,One year,0.0367,"Low Risk
(0–30%)",0,0
6057,61.55,19,Month-to-month,0.1772,"Low Risk
(0–30%)",0,0
6058,45.9,11,Month-to-month,0.2493,"Low Risk
(0–30%)",0,0
6059,40.3,39,One year,0.0453,"Low Risk
(0–30%)",0,0
6060,87.1,8,Month-to-month,0.6668,"High Risk
(60–100%)",1,0
6061,49.5,26,Month-to-month,0.1937,"Low Risk
(0–30%)",0,0
6062,73.8,53,Month-to-month,0.2091,"Low Risk
(0–30%)",0,0
6063,19.2,70,Two year,0.0142,"Low Risk
(0–30%)",0,0
6064,45.3,1,Month-to-month,0.6389,"High Risk
(60–100%)",1,1
6065,25.0,59,Two year,0.016,"Low Risk
(0–30%)",0,0
6066,94.95,2,Month-to-month,0.6614,"High Risk
(60–100%)",1,1
6067,35.3,7,One year,0.0715,"Low Risk
(0–30%)",0,0
6068,44.55,12,Month-to-month,0.3287,"Medium Risk
(30–60%)",0,1
6069,76.75,59,One year,0.067,"Low Risk
(0–30%)",0,0
6070,81.0,61,Two year,0.0385,"Low Risk
(0–30%)",0,0
6071,105.55,72,Two year,0.0806,"Low Risk
(0–30%)",0,0
6072,18.8,13,Month-to-month,0.0812,"Low Risk
(0–30%)",0,0
6073,24.9,64,One year,0.0235,"Low Risk
(0–30%)",0,0
6074,23.45,1,Month-to-month,0.7043,"High Risk
(60–100%)",1,1
6075,64.9,10,One year,0.1147,"Low Risk
(0–30%)",0,0
6076,61.35,65,One year,0.0289,"Low Risk
(0–30%)",0,0
6077,113.95,62,Two year,0.0831,"Low Risk
(0–30%)",0,0
6078,90.15,55,One year,0.0829,"Low Risk
(0–30%)",0,0
6079,54.1,25,Month-to-month,0.2315,"Low Risk
(0–30%)",0,0
6080,29.7,1,Month-to-month,0.4053,"Medium Risk
(30–60%)",0,1
6081,49.8,1,Month-to-month,0.4379,"Medium Risk
(30–60%)",0,0
6082,101.1,59,Month-to-month,0.3719,"Medium Risk
(30–60%)",0,1
6083,24.4,64,Two year,0.0153,"Low Risk
(0–30%)",0,0
6084,95.0,36,Month-to-month,0.4203,"Medium Risk
(30–60%)",0,0
6085,50.65,3,Month-to-month,0.5354,"Medium Risk
(30–60%)",1,1
6086,69.9,61,Two year,0.0319,"Low Risk
(0–30%)",0,0
6087,39.95,26,One year,0.0974,"Low Risk
(0–30%)",0,0
6088,55.4,1,Month-to-month,0.6747,"High Risk
(60–100%)",1,1
6089,90.6,1,Month-to-month,0.885,"High Risk
(60–100%)",1,1
6090,103.25,68,Two year,0.0676,"Low Risk
(0–30%)",0,0
6091,86.85,2,Month-to-month,0.8131,"High Risk
(60–100%)",1,1
6092,94.25,72,Two year,0.0234,"Low Risk
(0–30%)",0,0
6093,47.05,71,Two year,0.0608,"Low Risk
(0–30%)",0,0
6094,20.55,57,Two year,0.0154,"Low Risk
(0–30%)",0,0
6095,19.65,4,Month-to-month,0.1558,"Low Risk
(0–30%)",0,0
6096,70.2,1,Month-to-month,0.8053,"High Risk
(60–100%)",1,0
6097,81.0,72,Two year,0.0139,"Low Risk
(0–30%)",0,0
6098,75.9,21,One year,0.1197,"Low Risk
(0–30%)",0,0
6099,24.7,71,Two year,0.0108,"Low Risk
(0–30%)",0,0
6100,99.05,29,Month-to-month,0.5504,"Medium Risk
(30–60%)",1,1
6101,110.25,69,Two year,0.1243,"Low Risk
(0–30%)",0,0
6102,85.0,64,Two year,0.0313,"Low Risk
(0–30%)",0,0
6103,19.75,16,Month-to-month,0.0992,"Low Risk
(0–30%)",0,0
6104,23.9,4,One year,0.0607,"Low Risk
(0–30%)",0,0
6105,111.25,52,One year,0.2249,"Low Risk
(0–30%)",0,1
6106,55.1,2,Month-to-month,0.3163,"Medium Risk
(30–60%)",0,1
6107,19.95,1,Month-to-month,0.3303,"Medium Risk
(30–60%)",0,0
6108,25.15,18,Month-to-month,0.2056,"Low Risk
(0–30%)",0,0
6109,54.15,2,Month-to-month,0.4682,"Medium Risk
(30–60%)",0,0
6110,59.8,19,Month-to-month,0.2297,"Low Risk
(0–30%)",0,0
6111,83.85,40,Month-to-month,0.3093,"Medium Risk
(30–60%)",0,0
6112,104.9,66,One year,0.2239,"Low Risk
(0–30%)",0,0
6113,75.3,21,Month-to-month,0.3027,"Medium Risk
(30–60%)",0,0
6114,66.65,8,Month-to-month,0.2857,"Low Risk
(0–30%)",0,0
6115,109.5,72,Two year,0.0303,"Low Risk
(0–30%)",0,0
6116,73.85,48,One year,0.0852,"Low Risk
(0–30%)",0,0
6117,19.3,69,Two year,0.0161,"Low Risk
(0–30%)",0,0
6118,118.2,72,Two year,0.0574,"Low Risk
(0–30%)",0,0
6119,51.45,14,One year,0.0743,"Low Risk
(0–30%)",0,0
6120,59.45,6,Month-to-month,0.3129,"Medium Risk
(30–60%)",0,0
6121,19.5,8,Two year,0.0223,"Low Risk
(0–30%)",0,0
6122,19.55,17,One year,0.0402,"Low Risk
(0–30%)",0,0
6123,93.55,65,One year,0.1126,"Low Risk
(0–30%)",0,0
6124,59.3,57,One year,0.0325,"Low Risk
(0–30%)",0,0
6125,102.25,13,Month-to-month,0.6503,"High Risk
(60–100%)",1,1
6126,95.9,19,Month-to-month,0.4812,"Medium Risk
(30–60%)",0,1
6127,109.8,56,One year,0.1934,"Low Risk
(0–30%)",0,0
6128,78.1,14,Month-to-month,0.5218,"Medium Risk
(30–60%)",1,0
6129,39.9,52,Month-to-month,0.23,"Low Risk
(0–30%)",0,0
6130,64.9,58,Two year,0.0194,"Low Risk
(0–30%)",0,0
6131,95.05,47,Month-to-month,0.4193,"Medium Risk
(30–60%)",0,1
6132,53.4,67,Month-to-month,0.125,"Low Risk
(0–30%)",0,0
6133,24.9,2,Month-to-month,0.5302,"Medium Risk
(30–60%)",1,0
6134,44.7,6,Month-to-month,0.3015,"Medium Risk
(30–60%)",0,0
6135,114.0,71,Two year,0.0398,"Low Risk
(0–30%)",0,0
6136,20.25,46,Two year,0.0173,"Low Risk
(0–30%)",0,0
6137,53.85,5,Month-to-month,0.163,"Low Risk
(0–30%)",0,1
6138,83.85,67,Month-to-month,0.1617,"Low Risk
(0–30%)",0,0
6139,20.2,3,Month-to-month,0.1438,"Low Risk
(0–30%)",0,0
6140,19.95,3,Month-to-month,0.1616,"Low Risk
(0–30%)",0,0
6141,104.2,52,Month-to-month,0.5334,"Medium Risk
(30–60%)",1,1
6142,50.25,42,Month-to-month,0.3601,"Medium Risk
(30–60%)",0,1
6143,20.35,50,One year,0.0321,"Low Risk
(0–30%)",0,0
6144,90.0,23,Month-to-month,0.3233,"Medium Risk
(30–60%)",0,0
6145,54.2,67,Two year,0.0181,"Low Risk
(0–30%)",0,0
6146,99.5,25,Month-to-month,0.5821,"Medium Risk
(30–60%)",1,1
6147,99.1,39,One year,0.1555,"Low Risk
(0–30%)",0,0
6148,66.9,69,Two year,0.0216,"Low Risk
(0–30%)",0,0
6149,25.85,1,One year,0.1519,"Low Risk
(0–30%)",0,0
6150,91.05,32,Month-to-month,0.3752,"Medium Risk
(30–60%)",0,0
6151,71.0,9,Month-to-month,0.4919,"Medium Risk
(30–60%)",0,1
6152,93.2,16,Month-to-month,0.4005,"Medium Risk
(30–60%)",0,1
6153,20.95,60,Two year,0.0143,"Low Risk
(0–30%)",0,0
6154,109.2,72,Two year,0.0495,"Low Risk
(0–30%)",0,0
6155,19.35,5,Month-to-month,0.1229,"Low Risk
(0–30%)",0,1
6156,85.8,26,Month-to-month,0.3329,"Medium Risk
(30–60%)",0,0
6157,19.85,3,Month-to-month,0.1325,"Low Risk
(0–30%)",0,1
6158,19.65,2,Month-to-month,0.2794,"Low Risk
(0–30%)",0,0
6159,20.5,2,One year,0.0463,"Low Risk
(0–30%)",0,0
6160,89.65,36,One year,0.0881,"Low Risk
(0–30%)",0,0
6161,74.35,7,Month-to-month,0.3556,"Medium Risk
(30–60%)",0,0
6162,49.45,60,Two year,0.0678,"Low Risk
(0–30%)",0,0
6163,89.1,19,Month-to-month,0.5689,"Medium Risk
(30–60%)",1,0
6164,75.15,45,Two year,0.0432,"Low Risk
(0–30%)",0,0
6165,70.65,4,Month-to-month,0.6446,"High Risk
(60–100%)",1,0
6166,104.2,31,Month-to-month,0.4924,"Medium Risk
(30–60%)",0,1
6167,90.05,47,Month-to-month,0.2374,"Low Risk
(0–30%)",0,0
6168,79.25,1,Month-to-month,0.8489,"High Risk
(60–100%)",1,1
6169,44.9,1,Month-to-month,0.5498,"Medium Risk
(30–60%)",1,1
6170,19.4,1,Month-to-month,0.2626,"Low Risk
(0–30%)",0,0
6171,88.75,59,Month-to-month,0.2441,"Low Risk
(0–30%)",0,0
6172,70.1,10,Month-to-month,0.5885,"Medium Risk
(30–60%)",1,1
6173,91.0,35,Month-to-month,0.2754,"Low Risk
(0–30%)",0,0
6174,29.65,4,Month-to-month,0.5861,"Medium Risk
(30–60%)",1,1
6175,90.8,32,One year,0.104,"Low Risk
(0–30%)",0,0
6176,77.85,43,Month-to-month,0.4257,"Medium Risk
(30–60%)",0,1
6177,54.3,4,Month-to-month,0.3713,"Medium Risk
(30–60%)",0,1
6178,18.95,54,Two year,0.0184,"Low Risk
(0–30%)",0,0
6179,95.15,11,Month-to-month,0.6928,"High Risk
(60–100%)",1,1
6180,102.4,66,Two year,0.0858,"Low Risk
(0–30%)",0,0
6181,99.9,61,One year,0.2843,"Low Risk
(0–30%)",0,0
6182,88.7,72,Two year,0.0148,"Low Risk
(0–30%)",0,0
6183,54.3,44,One year,0.1699,"Low Risk
(0–30%)",0,0
6184,55.7,41,Month-to-month,0.2388,"Low Risk
(0–30%)",0,0
6185,103.95,50,One year,0.3201,"Medium Risk
(30–60%)",0,0
6186,110.85,47,One year,0.2554,"Low Risk
(0–30%)",0,1
6187,20.15,8,Two year,0.0212,"Low Risk
(0–30%)",0,0
6188,20.05,18,Month-to-month,0.0959,"Low Risk
(0–30%)",0,0
6189,91.95,72,Two year,0.0161,"Low Risk
(0–30%)",0,0
6190,80.5,1,Month-to-month,0.8141,"High Risk
(60–100%)",1,1
6191,55.65,42,Month-to-month,0.3221,"Medium Risk
(30–60%)",0,0
6192,74.7,18,Month-to-month,0.4597,"Medium Risk
(30–60%)",0,0
6193,104.15,13,One year,0.3402,"Medium Risk
(30–60%)",0,0
6194,83.65,68,One year,0.0626,"Low Risk
(0–30%)",0,0
6195,72.2,4,Month-to-month,0.6693,"High Risk
(60–100%)",1,1
6196,110.05,69,Two year,0.1319,"Low Risk
(0–30%)",0,0
6197,51.5,17,Month-to-month,0.1436,"Low Risk
(0–30%)",0,1
6198,25.5,25,Two year,0.019,"Low Risk
(0–30%)",0,0
6199,89.55,43,Month-to-month,0.3725,"Medium Risk
(30–60%)",0,1
6200,19.5,59,Two year,0.014,"Low Risk
(0–30%)",0,0
6201,80.7,5,Month-to-month,0.397,"Medium Risk
(30–60%)",0,0
6202,77.5,21,One year,0.0463,"Low Risk
(0–30%)",0,1
6203,105.1,69,One year,0.0853,"Low Risk
(0–30%)",0,0
6204,25.15,13,Month-to-month,0.2887,"Low Risk
(0–30%)",0,0
6205,95.25,42,Month-to-month,0.3757,"Medium Risk
(30–60%)",0,1
6206,95.65,52,Month-to-month,0.2749,"Low Risk
(0–30%)",0,0
6207,85.0,46,Month-to-month,0.2633,"Low Risk
(0–30%)",0,1
6208,80.8,61,Two year,0.0219,"Low Risk
(0–30%)",0,0
6209,24.85,29,One year,0.1034,"Low Risk
(0–30%)",0,0
6210,54.75,25,One year,0.0656,"Low Risk
(0–30%)",0,0
6211,85.75,5,Month-to-month,0.6561,"High Risk
(60–100%)",1,1
6212,50.75,15,One year,0.2327,"Low Risk
(0–30%)",0,0
6213,20.15,19,Two year,0.0199,"Low Risk
(0–30%)",0,0
6214,20.05,44,Two year,0.0185,"Low Risk
(0–30%)",0,0
6215,98.25,6,Month-to-month,0.8398,"High Risk
(60–100%)",1,1
6216,71.6,58,Two year,0.017,"Low Risk
(0–30%)",0,0
6217,81.45,62,One year,0.0394,"Low Risk
(0–30%)",0,0
6218,58.4,70,One year,0.076,"Low Risk
(0–30%)",0,0
6219,25.7,1,Month-to-month,0.6486,"High Risk
(60–100%)",1,1
6220,53.7,10,Two year,0.0282,"Low Risk
(0–30%)",0,0
6221,19.6,26,One year,0.0375,"Low Risk
(0–30%)",0,0
6222,89.4,66,Month-to-month,0.2345,"Low Risk
(0–30%)",0,0
6223,69.0,7,Month-to-month,0.5881,"Medium Risk
(30–60%)",1,1
6224,84.2,51,One year,0.0654,"Low Risk
(0–30%)",0,0
6225,106.1,72,Two year,0.0412,"Low Risk
(0–30%)",0,0
6226,25.75,65,Two year,0.0165,"Low Risk
(0–30%)",0,0
6227,46.05,2,Month-to-month,0.4808,"Medium Risk
(30–60%)",0,1
6228,64.95,70,One year,0.0294,"Low Risk
(0–30%)",0,0
6229,85.45,72,Two year,0.0345,"Low Risk
(0–30%)",0,0
6230,20.05,1,Month-to-month,0.3467,"Medium Risk
(30–60%)",0,0
6231,76.4,1,Month-to-month,0.8147,"High Risk
(60–100%)",1,1
6232,100.5,5,Month-to-month,0.8485,"High Risk
(60–100%)",1,1
6233,20.7,3,Month-to-month,0.1503,"Low Risk
(0–30%)",0,0
6234,25.3,58,Two year,0.0177,"Low Risk
(0–30%)",0,0
6235,40.05,22,Month-to-month,0.2134,"Low Risk
(0–30%)",0,1
6236,100.6,33,Month-to-month,0.472,"Medium Risk
(30–60%)",0,0
6237,69.95,1,Month-to-month,0.749,"High Risk
(60–100%)",1,1
6238,74.0,54,Month-to-month,0.2915,"Low Risk
(0–30%)",0,0
6239,99.4,72,Two year,0.1291,"Low Risk
(0–30%)",0,0
6240,93.3,1,Month-to-month,0.8756,"High Risk
(60–100%)",1,1
6241,49.15,3,Month-to-month,0.4619,"Medium Risk
(30–60%)",0,1
6242,107.45,72,Two year,0.0319,"Low Risk
(0–30%)",0,0
6243,83.6,72,Two year,0.0256,"Low Risk
(0–30%)",0,0
6244,99.05,54,Month-to-month,0.5147,"Medium Risk
(30–60%)",1,0
6245,80.1,59,One year,0.1365,"Low Risk
(0–30%)",0,0
6246,65.3,54,Two year,0.0387,"Low Risk
(0–30%)",0,0
6247,89.55,60,Two year,0.1386,"Low Risk
(0–30%)",0,0
6248,60.8,60,Two year,0.0326,"Low Risk
(0–30%)",0,0
6249,74.5,3,Month-to-month,0.6401,"High Risk
(60–100%)",1,0
6250,99.15,69,Two year,0.0619,"Low Risk
(0–30%)",0,0
6251,19.25,1,Month-to-month,0.278,"Low Risk
(0–30%)",0,0
6252,39.45,50,Month-to-month,0.1424,"Low Risk
(0–30%)",0,0
6253,44.85,56,Month-to-month,0.1987,"Low Risk
(0–30%)",0,0
6254,97.2,60,Two year,0.0668,"Low Risk
(0–30%)",0,0
6255,110.55,69,One year,0.2266,"Low Risk
(0–30%)",0,0
6256,35.05,1,Month-to-month,0.5477,"Medium Risk
(30–60%)",1,1
6257,73.0,1,Month-to-month,0.7983,"High Risk
(60–100%)",1,1
6258,19.9,3,Month-to-month,0.191,"Low Risk
(0–30%)",0,0
6259,76.95,60,Two year,0.0284,"Low Risk
(0–30%)",0,0
6260,35.4,13,Two year,0.0573,"Low Risk
(0–30%)",0,0
6261,20.45,62,Two year,0.0125,"Low Risk
(0–30%)",0,0
6262,96.75,45,One year,0.1281,"Low Risk
(0–30%)",0,0
6263,54.2,25,One year,0.1311,"Low Risk
(0–30%)",0,0
6264,100.1,44,Two year,0.0889,"Low Risk
(0–30%)",0,0
6265,45.25,2,Month-to-month,0.5146,"Medium Risk
(30–60%)",1,0
6266,83.85,33,Month-to-month,0.4069,"Medium Risk
(30–60%)",0,1
6267,70.1,1,Month-to-month,0.7976,"High Risk
(60–100%)",1,1
6268,20.85,22,One year,0.0357,"Low Risk
(0–30%)",0,0
6269,33.45,35,Month-to-month,0.1532,"Low Risk
(0–30%)",0,0
6270,20.2,29,Two year,0.0165,"Low Risk
(0–30%)",0,0
6271,85.9,27,One year,0.1341,"Low Risk
(0–30%)",0,0
6272,61.0,54,One year,0.0793,"Low Risk
(0–30%)",0,0
6273,70.65,2,Month-to-month,0.6653,"High Risk
(60–100%)",1,1
6274,86.9,57,One year,0.1882,"Low Risk
(0–30%)",0,0
6275,69.4,62,Two year,0.0174,"Low Risk
(0–30%)",0,0
6276,20.35,15,One year,0.0365,"Low Risk
(0–30%)",0,0
6277,20.35,2,Month-to-month,0.2202,"Low Risk
(0–30%)",0,1
6278,104.3,70,Two year,0.133,"Low Risk
(0–30%)",0,0
6279,44.95,21,Month-to-month,0.3061,"Medium Risk
(30–60%)",0,0
6280,49.45,23,One year,0.0972,"Low Risk
(0–30%)",0,0
6281,20.6,6,One year,0.0435,"Low Risk
(0–30%)",0,0
6282,19.55,4,Two year,0.0235,"Low Risk
(0–30%)",0,0
6283,99.0,3,Month-to-month,0.6785,"High Risk
(60–100%)",1,1
6284,93.5,23,Month-to-month,0.6278,"High Risk
(60–100%)",1,0
6285,54.55,26,One year,0.0626,"Low Risk
(0–30%)",0,0
6286,20.05,8,Month-to-month,0.1017,"Low Risk
(0–30%)",0,0
6287,83.95,26,Month-to-month,0.5728,"Medium Risk
(30–60%)",1,1
6288,79.45,2,Month-to-month,0.7823,"High Risk
(60–100%)",1,0
6289,116.2,67,Two year,0.089,"Low Risk
(0–30%)",0,1
6290,93.7,71,Two year,0.0845,"Low Risk
(0–30%)",0,1
6291,79.85,59,One year,0.0559,"Low Risk
(0–30%)",0,0
6292,100.0,39,One year,0.2634,"Low Risk
(0–30%)",0,0
6293,19.6,21,Two year,0.0182,"Low Risk
(0–30%)",0,0
6294,19.7,1,Month-to-month,0.3124,"Medium Risk
(30–60%)",0,1
6295,20.2,48,Two year,0.0162,"Low Risk
(0–30%)",0,0
6296,50.4,31,One year,0.0985,"Low Risk
(0–30%)",0,0
6297,113.35,64,One year,0.1284,"Low Risk
(0–30%)",0,0
6298,80.0,46,Month-to-month,0.2984,"Low Risk
(0–30%)",0,0
6299,80.95,52,Two year,0.0534,"Low Risk
(0–30%)",0,0
6300,24.9,67,Two year,0.0155,"Low Risk
(0–30%)",0,0
6301,54.9,67,Month-to-month,0.2026,"Low Risk
(0–30%)",0,0
6302,75.55,5,Month-to-month,0.633,"High Risk
(60–100%)",1,1
6303,109.25,71,Two year,0.0768,"Low Risk
(0–30%)",0,0
6304,77.65,9,Month-to-month,0.547,"Medium Risk
(30–60%)",1,1
6305,95.0,26,Month-to-month,0.492,"Medium Risk
(30–60%)",0,1
6306,116.3,71,One year,0.1327,"Low Risk
(0–30%)",0,0
6307,19.9,32,Month-to-month,0.0809,"Low Risk
(0–30%)",0,0
6308,70.35,2,Month-to-month,0.5539,"Medium Risk
(30–60%)",1,0
6309,25.6,71,Two year,0.0165,"Low Risk
(0–30%)",0,0
6310,44.45,60,One year,0.0905,"Low Risk
(0–30%)",0,0
6311,100.15,55,One year,0.3324,"Medium Risk
(30–60%)",0,0
6312,105.4,54,One year,0.235,"Low Risk
(0–30%)",0,1
6313,95.85,2,Month-to-month,0.7622,"High Risk
(60–100%)",1,1
6314,73.85,6,Month-to-month,0.6738,"High Risk
(60–100%)",1,0
6315,70.1,48,Two year,0.0394,"Low Risk
(0–30%)",0,0
6316,25.25,63,Two year,0.0131,"Low Risk
(0–30%)",0,0
6317,79.15,1,Month-to-month,0.8656,"High Risk
(60–100%)",1,1
6318,21.05,12,Month-to-month,0.099,"Low Risk
(0–30%)",0,0
6319,24.95,54,Month-to-month,0.1727,"Low Risk
(0–30%)",0,0
6320,64.5,30,One year,0.1019,"Low Risk
(0–30%)",0,0
6321,19.65,30,Month-to-month,0.0826,"Low Risk
(0–30%)",0,1
6322,79.0,4,Month-to-month,0.709,"High Risk
(60–100%)",1,1
6323,105.95,40,One year,0.2959,"Low Risk
(0–30%)",0,0
6324,75.85,9,Month-to-month,0.5346,"Medium Risk
(30–60%)",1,0
6325,91.85,17,Month-to-month,0.3963,"Medium Risk
(30–60%)",0,1
6326,43.6,62,Two year,0.0572,"Low Risk
(0–30%)",0,0
6327,91.25,28,One year,0.1053,"Low Risk
(0–30%)",0,0
6328,89.75,70,Two year,0.0253,"Low Risk
(0–30%)",0,0
6329,104.4,46,Two year,0.1337,"Low Risk
(0–30%)",0,0
6330,90.15,23,Month-to-month,0.351,"Medium Risk
(30–60%)",0,0
6331,40.3,47,One year,0.0496,"Low Risk
(0–30%)",0,0
6332,105.25,68,Two year,0.0883,"Low Risk
(0–30%)",0,0
6333,106.0,60,One year,0.2869,"Low Risk
(0–30%)",0,1
6334,104.0,67,Two year,0.1028,"Low Risk
(0–30%)",0,0
6335,69.65,14,Month-to-month,0.3065,"Medium Risk
(30–60%)",0,0
6336,74.3,57,Month-to-month,0.3283,"Medium Risk
(30–60%)",0,0
6337,100.9,55,One year,0.1426,"Low Risk
(0–30%)",0,0
6338,20.25,1,Month-to-month,0.3532,"Medium Risk
(30–60%)",0,0
6339,49.9,1,Month-to-month,0.4329,"Medium Risk
(30–60%)",0,1
6340,96.9,23,Month-to-month,0.3989,"Medium Risk
(30–60%)",0,0
6341,100.35,13,Month-to-month,0.7227,"High Risk
(60–100%)",1,1
6342,104.1,47,Month-to-month,0.5094,"Medium Risk
(30–60%)",1,0
6343,20.1,38,One year,0.0321,"Low Risk
(0–30%)",0,0
6344,74.95,38,Month-to-month,0.3765,"Medium Risk
(30–60%)",0,1
6345,56.55,2,Month-to-month,0.5774,"Medium Risk
(30–60%)",1,0
6346,49.25,1,Month-to-month,0.4641,"Medium Risk
(30–60%)",0,1
6347,68.6,15,Month-to-month,0.379,"Medium Risk
(30–60%)",0,0
6348,69.05,26,Month-to-month,0.2861,"Low Risk
(0–30%)",0,0
6349,19.7,35,Two year,0.0162,"Low Risk
(0–30%)",0,0
6350,20.05,3,Month-to-month,0.1491,"Low Risk
(0–30%)",0,0
6351,103.7,50,Month-to-month,0.3572,"Medium Risk
(30–60%)",0,1
6352,94.4,42,Month-to-month,0.4209,"Medium Risk
(30–60%)",0,0
6353,54.95,10,Month-to-month,0.1465,"Low Risk
(0–30%)",0,0
6354,93.7,61,One year,0.0795,"Low Risk
(0–30%)",0,0
6355,110.25,68,Two year,0.0881,"Low Risk
(0–30%)",0,0
6356,98.9,10,One year,0.2961,"Low Risk
(0–30%)",0,0
6357,89.75,65,One year,0.0618,"Low Risk
(0–30%)",0,1
6358,80.45,72,Two year,0.0195,"Low Risk
(0–30%)",0,0
6359,79.4,55,Month-to-month,0.2151,"Low Risk
(0–30%)",0,0
6360,20.3,1,Month-to-month,0.3653,"Medium Risk
(30–60%)",0,1
6361,62.8,7,Month-to-month,0.2209,"Low Risk
(0–30%)",0,0
6362,74.9,2,Month-to-month,0.7163,"High Risk
(60–100%)",1,0
6363,74.85,9,Month-to-month,0.4811,"Medium Risk
(30–60%)",0,0
6364,25.85,27,Two year,0.0199,"Low Risk
(0–30%)",0,0
6365,101.95,7,Month-to-month,0.8428,"High Risk
(60–100%)",1,1
6366,68.3,64,Two year,0.0339,"Low Risk
(0–30%)",0,0
6367,48.4,70,Two year,0.0248,"Low Risk
(0–30%)",0,0
6368,94.0,2,Month-to-month,0.8514,"High Risk
(60–100%)",1,1
6369,105.05,67,Two year,0.1035,"Low Risk
(0–30%)",0,0
6370,89.3,45,Month-to-month,0.3634,"Medium Risk
(30–60%)",0,1
6371,25.15,24,Two year,0.0228,"Low Risk
(0–30%)",0,0
6372,19.5,4,Two year,0.0235,"Low Risk
(0–30%)",0,0
6373,92.95,44,Month-to-month,0.3372,"Medium Risk
(30–60%)",0,0
6374,20.7,72,Two year,0.0108,"Low Risk
(0–30%)",0,0
6375,74.3,1,Month-to-month,0.7318,"High Risk
(60–100%)",1,1
6376,19.35,66,Two year,0.0151,"Low Risk
(0–30%)",0,0
6377,44.65,1,Month-to-month,0.4783,"Medium Risk
(30–60%)",0,1
6378,84.05,13,Month-to-month,0.3922,"Medium Risk
(30–60%)",0,1
6379,80.7,10,Month-to-month,0.6259,"High Risk
(60–100%)",1,1
6380,104.35,65,Month-to-month,0.463,"Medium Risk
(30–60%)",0,0
6381,19.55,1,Month-to-month,0.3078,"Medium Risk
(30–60%)",0,0
6382,74.05,38,One year,0.0533,"Low Risk
(0–30%)",0,0
6383,40.1,23,Two year,0.0274,"Low Risk
(0–30%)",0,0
6384,20.1,10,One year,0.0434,"Low Risk
(0–30%)",0,0
6385,101.7,4,Month-to-month,0.7924,"High Risk
(60–100%)",1,1
6386,83.55,72,Two year,0.0194,"Low Risk
(0–30%)",0,0
6387,56.85,35,Month-to-month,0.1374,"Low Risk
(0–30%)",0,0
6388,20.4,1,Month-to-month,0.322,"Medium Risk
(30–60%)",0,1
6389,19.55,58,Two year,0.0151,"Low Risk
(0–30%)",0,0
6390,106.15,70,One year,0.2167,"Low Risk
(0–30%)",0,0
6391,78.95,38,One year,0.1383,"Low Risk
(0–30%)",0,0
6392,49.75,60,Month-to-month,0.2267,"Low Risk
(0–30%)",0,0
6393,92.4,26,Month-to-month,0.409,"Medium Risk
(30–60%)",0,0
6394,58.2,8,One year,0.0491,"Low Risk
(0–30%)",0,0
6395,102.6,41,One year,0.328,"Medium Risk
(30–60%)",0,1
6396,91.95,36,Month-to-month,0.3921,"Medium Risk
(30–60%)",0,0
6397,65.25,54,One year,0.0818,"Low Risk
(0–30%)",0,0
6398,106.0,71,Two year,0.1148,"Low Risk
(0–30%)",0,1
6399,73.1,55,Month-to-month,0.3616,"Medium Risk
(30–60%)",0,0
6400,59.75,72,Two year,0.0193,"Low Risk
(0–30%)",0,0
6401,55.1,3,Month-to-month,0.2311,"Low Risk
(0–30%)",0,1
6402,59.8,54,Two year,0.047,"Low Risk
(0–30%)",0,0
6403,116.6,72,Two year,0.0364,"Low Risk
(0–30%)",0,0
6404,109.3,52,Two year,0.2049,"Low Risk
(0–30%)",0,0
6405,101.4,60,One year,0.1676,"Low Risk
(0–30%)",0,0
6406,50.65,39,Month-to-month,0.2308,"Low Risk
(0–30%)",0,0
6407,56.15,15,One year,0.0824,"Low Risk
(0–30%)",0,0
6408,106.5,69,Two year,0.1962,"Low Risk
(0–30%)",0,1
6409,19.2,43,One year,0.0294,"Low Risk
(0–30%)",0,0
6410,83.0,63,One year,0.0424,"Low Risk
(0–30%)",0,0
6411,70.1,2,Month-to-month,0.5786,"Medium Risk
(30–60%)",1,0
6412,108.3,72,Two year,0.0388,"Low Risk
(0–30%)",0,0
6413,91.05,32,Month-to-month,0.3976,"Medium Risk
(30–60%)",0,1
6414,25.25,40,Two year,0.0181,"Low Risk
(0–30%)",0,0
6415,45.35,58,One year,0.0773,"Low Risk
(0–30%)",0,0
6416,43.9,67,Two year,0.0438,"Low Risk
(0–30%)",0,0
6417,77.5,51,Month-to-month,0.3723,"Medium Risk
(30–60%)",0,1
6418,79.3,31,One year,0.1421,"Low Risk
(0–30%)",0,0
6419,84.9,69,Month-to-month,0.1853,"Low Risk
(0–30%)",0,0
6420,79.25,32,One year,0.1605,"Low Risk
(0–30%)",0,0
6421,71.05,21,Two year,0.0238,"Low Risk
(0–30%)",0,0
6422,53.75,52,One year,0.056,"Low Risk
(0–30%)",0,0
6423,24.25,72,Two year,0.0103,"Low Risk
(0–30%)",0,0
6424,54.2,72,Two year,0.0895,"Low Risk
(0–30%)",0,1
6425,44.25,52,One year,0.0718,"Low Risk
(0–30%)",0,0
6426,50.05,41,One year,0.0592,"Low Risk
(0–30%)",0,0
6427,20.15,41,Two year,0.0185,"Low Risk
(0–30%)",0,0
6428,69.25,6,Month-to-month,0.5814,"Medium Risk
(30–60%)",1,1
6429,69.35,67,One year,0.0305,"Low Risk
(0–30%)",0,0
6430,19.35,16,Month-to-month,0.0948,"Low Risk
(0–30%)",0,0
6431,19.15,17,Two year,0.0189,"Low Risk
(0–30%)",0,0
6432,61.0,35,Month-to-month,0.1151,"Low Risk
(0–30%)",0,0
6433,20.5,58,Two year,0.0143,"Low Risk
(0–30%)",0,0
6434,50.5,1,Month-to-month,0.6557,"High Risk
(60–100%)",1,1
6435,50.2,52,Two year,0.0333,"Low Risk
(0–30%)",0,0
6436,79.6,70,Two year,0.0302,"Low Risk
(0–30%)",0,0
6437,24.9,19,Two year,0.0246,"Low Risk
(0–30%)",0,0
6438,74.4,1,Month-to-month,0.8552,"High Risk
(60–100%)",1,1
6439,106.9,35,Month-to-month,0.3471,"Medium Risk
(30–60%)",0,0
6440,101.35,32,Month-to-month,0.5813,"Medium Risk
(30–60%)",1,0
6441,55.35,17,Month-to-month,0.1382,"Low Risk
(0–30%)",0,0
6442,50.55,67,One year,0.0477,"Low Risk
(0–30%)",0,0
6443,19.5,9,Month-to-month,0.1115,"Low Risk
(0–30%)",0,0
6444,79.45,31,One year,0.1292,"Low Risk
(0–30%)",0,1
6445,90.65,4,Month-to-month,0.5663,"Medium Risk
(30–60%)",1,0
6446,89.85,58,One year,0.0389,"Low Risk
(0–30%)",0,0
6447,79.0,60,One year,0.0577,"Low Risk
(0–30%)",0,0
6448,104.65,58,One year,0.3476,"Medium Risk
(30–60%)",0,1
6449,19.55,1,Month-to-month,0.3124,"Medium Risk
(30–60%)",0,0
6450,19.9,27,Two year,0.0165,"Low Risk
(0–30%)",0,0
6451,116.25,66,One year,0.1616,"Low Risk
(0–30%)",0,0
6452,87.75,15,Month-to-month,0.4282,"Medium Risk
(30–60%)",0,0
6453,100.05,47,Month-to-month,0.6005,"High Risk
(60–100%)",1,1
6454,81.3,41,Month-to-month,0.27,"Low Risk
(0–30%)",0,0
6455,44.3,59,Month-to-month,0.3,"Low Risk
(0–30%)",0,0
6456,70.35,50,Two year,0.0417,"Low Risk
(0–30%)",0,0
6457,44.45,17,One year,0.0623,"Low Risk
(0–30%)",0,0
6458,49.15,6,Month-to-month,0.2776,"Low Risk
(0–30%)",0,0
6459,29.45,51,Month-to-month,0.2066,"Low Risk
(0–30%)",0,0
6460,100.55,44,Month-to-month,0.3353,"Medium Risk
(30–60%)",0,1
6461,85.3,49,Month-to-month,0.2983,"Low Risk
(0–30%)",0,0
6462,95.65,2,Month-to-month,0.6644,"High Risk
(60–100%)",1,1
6463,69.1,59,One year,0.0533,"Low Risk
(0–30%)",0,0
6464,70.35,50,Month-to-month,0.2014,"Low Risk
(0–30%)",0,0
6465,20.6,59,Two year,0.0136,"Low Risk
(0–30%)",0,0
6466,74.15,18,Month-to-month,0.3074,"Medium Risk
(30–60%)",0,0
6467,75.05,10,Month-to-month,0.5772,"Medium Risk
(30–60%)",1,0
6468,44.6,14,One year,0.1131,"Low Risk
(0–30%)",0,0
6469,21.45,35,Two year,0.0189,"Low Risk
(0–30%)",0,0
6470,43.45,8,One year,0.1129,"Low Risk
(0–30%)",0,0
6471,20.05,18,One year,0.0347,"Low Risk
(0–30%)",0,0
6472,94.15,60,One year,0.0697,"Low Risk
(0–30%)",0,0
6473,94.4,1,Month-to-month,0.8247,"High Risk
(60–100%)",1,1
6474,19.55,6,Two year,0.0248,"Low Risk
(0–30%)",0,0
6475,75.9,19,Month-to-month,0.1395,"Low Risk
(0–30%)",0,0
6476,64.15,53,One year,0.0273,"Low Risk
(0–30%)",0,0
6477,109.55,72,Two year,0.0666,"Low Risk
(0–30%)",0,0
6478,110.8,60,Two year,0.1095,"Low Risk
(0–30%)",0,0
6479,55.0,1,Month-to-month,0.5761,"Medium Risk
(30–60%)",1,1
6480,53.45,13,Month-to-month,0.1514,"Low Risk
(0–30%)",0,0
6481,69.95,5,Month-to-month,0.5055,"Medium Risk
(30–60%)",1,0
6482,101.45,1,Month-to-month,0.9096,"High Risk
(60–100%)",1,1
6483,97.0,13,Month-to-month,0.5055,"Medium Risk
(30–60%)",1,0
6484,90.6,37,One year,0.0864,"Low Risk
(0–30%)",0,0
6485,73.55,64,Month-to-month,0.1619,"Low Risk
(0–30%)",0,0
6486,67.95,5,Month-to-month,0.2997,"Low Risk
(0–30%)",0,1
6487,94.35,61,Two year,0.0586,"Low Risk
(0–30%)",0,0
6488,69.5,1,Month-to-month,0.8035,"High Risk
(60–100%)",1,1
6489,18.85,1,Month-to-month,0.3013,"Medium Risk
(30–60%)",0,1
6490,19.4,26,One year,0.0316,"Low Risk
(0–30%)",0,0
6491,69.2,1,Month-to-month,0.8035,"High Risk
(60–100%)",1,1
6492,19.75,24,Two year,0.0193,"Low Risk
(0–30%)",0,0
6493,54.6,17,One year,0.1745,"Low Risk
(0–30%)",0,0
6494,29.8,26,Month-to-month,0.2073,"Low Risk
(0–30%)",0,0
6495,69.65,1,Month-to-month,0.8035,"High Risk
(60–100%)",1,1
6496,101.85,40,Month-to-month,0.4326,"Medium Risk
(30–60%)",0,1
6497,103.05,52,Month-to-month,0.4984,"Medium Risk
(30–60%)",0,0
6498,82.3,1,Month-to-month,0.835,"High Risk
(60–100%)",1,1
6499,20.3,1,Month-to-month,0.3107,"Medium Risk
(30–60%)",0,0
6500,35.1,21,Two year,0.0317,"Low Risk
(0–30%)",0,0
6501,105.7,67,One year,0.2189,"Low Risk
(0–30%)",0,0
6502,56.25,44,Month-to-month,0.1035,"Low Risk
(0–30%)",0,0
6503,60.35,70,One year,0.0864,"Low Risk
(0–30%)",0,0
6504,79.25,3,Month-to-month,0.6175,"High Risk
(60–100%)",1,1
6505,59.8,56,Two year,0.0241,"Low Risk
(0–30%)",0,0
6506,84.6,13,Month-to-month,0.6966,"High Risk
(60–100%)",1,1
6507,93.4,58,Month-to-month,0.2337,"Low Risk
(0–30%)",0,1
6508,94.2,42,Month-to-month,0.4891,"Medium Risk
(30–60%)",0,1
6509,25.05,1,Month-to-month,0.6632,"High Risk
(60–100%)",1,1
6510,99.65,46,Two year,0.0554,"Low Risk
(0–30%)",0,0
6511,50.65,63,Two year,0.0246,"Low Risk
(0–30%)",0,0
6512,60.9,11,Month-to-month,0.2632,"Low Risk
(0–30%)",0,0
6513,59.65,15,Month-to-month,0.1957,"Low Risk
(0–30%)",0,0
6514,64.7,72,Two year,0.0276,"Low Risk
(0–30%)",0,0
6515,25.1,29,Month-to-month,0.2174,"Low Risk
(0–30%)",0,1
6516,48.95,1,Month-to-month,0.5712,"Medium Risk
(30–60%)",1,1
6517,54.85,6,Month-to-month,0.3282,"Medium Risk
(30–60%)",0,0
6518,45.3,1,Month-to-month,0.5757,"Medium Risk
(30–60%)",1,1
6519,91.35,63,One year,0.1511,"Low Risk
(0–30%)",0,0
6520,85.85,2,Month-to-month,0.7248,"High Risk
(60–100%)",1,1
6521,25.1,18,Two year,0.0227,"Low Risk
(0–30%)",0,0
6522,34.0,43,Month-to-month,0.1078,"Low Risk
(0–30%)",0,0
6523,45.9,15,One year,0.0534,"Low Risk
(0–30%)",0,0
6524,95.2,10,Month-to-month,0.6427,"High Risk
(60–100%)",1,1
6525,20.5,55,Two year,0.0153,"Low Risk
(0–30%)",0,0
6526,100.6,49,One year,0.2174,"Low Risk
(0–30%)",0,1
6527,55.3,6,Month-to-month,0.3458,"Medium Risk
(30–60%)",0,1
6528,20.35,70,Two year,0.013,"Low Risk
(0–30%)",0,0
6529,74.85,2,Month-to-month,0.7174,"High Risk
(60–100%)",1,1
6530,36.1,63,One year,0.0356,"Low Risk
(0–30%)",0,0
6531,65.8,25,Month-to-month,0.1413,"Low Risk
(0–30%)",0,0
6532,20.35,18,One year,0.0443,"Low Risk
(0–30%)",0,0
6533,105.8,28,Month-to-month,0.55,"Medium Risk
(30–60%)",1,0
6534,96.75,53,One year,0.1242,"Low Risk
(0–30%)",0,0
6535,102.35,35,One year,0.2689,"Low Risk
(0–30%)",0,1
6536,24.4,1,Month-to-month,0.5133,"Medium Risk
(30–60%)",1,0
6537,115.65,70,One year,0.1868,"Low Risk
(0–30%)",0,1
6538,79.85,2,Month-to-month,0.6529,"High Risk
(60–100%)",1,1
6539,73.05,26,Month-to-month,0.1881,"Low Risk
(0–30%)",0,0
6540,64.35,34,One year,0.0628,"Low Risk
(0–30%)",0,0
6541,20.5,19,Two year,0.0199,"Low Risk
(0–30%)",0,0
6542,76.0,15,Month-to-month,0.4451,"Medium Risk
(30–60%)",0,1
6543,54.75,62,One year,0.0312,"Low Risk
(0–30%)",0,0
6544,104.75,42,Month-to-month,0.469,"Medium Risk
(30–60%)",0,1
6545,74.65,9,Month-to-month,0.2688,"Low Risk
(0–30%)",0,1
6546,51.15,24,Month-to-month,0.21,"Low Risk
(0–30%)",0,0
6547,41.95,68,Two year,0.0491,"Low Risk
(0–30%)",0,0
6548,54.35,31,Month-to-month,0.106,"Low Risk
(0–30%)",0,0
6549,56.25,1,Month-to-month,0.6786,"High Risk
(60–100%)",1,1
6550,106.1,21,Month-to-month,0.6297,"High Risk
(60–100%)",1,1
6551,96.0,63,One year,0.2137,"Low Risk
(0–30%)",0,0
6552,79.75,2,Month-to-month,0.7129,"High Risk
(60–100%)",1,1
6553,61.45,61,Two year,0.0309,"Low Risk
(0–30%)",0,0
6554,68.65,1,Month-to-month,0.7391,"High Risk
(60–100%)",1,1
6555,19.65,18,One year,0.0349,"Low Risk
(0–30%)",0,0
6556,19.0,6,One year,0.0368,"Low Risk
(0–30%)",0,0
6557,100.0,33,Month-to-month,0.5448,"Medium Risk
(30–60%)",1,0
6558,20.25,16,Month-to-month,0.0992,"Low Risk
(0–30%)",0,1
6559,98.7,56,Month-to-month,0.392,"Medium Risk
(30–60%)",0,0
6560,19.8,23,One year,0.0302,"Low Risk
(0–30%)",0,0
6561,73.8,9,Month-to-month,0.5885,"Medium Risk
(30–60%)",1,0
6562,100.2,14,Month-to-month,0.7426,"High Risk
(60–100%)",1,1
6563,74.9,15,Month-to-month,0.4227,"Medium Risk
(30–60%)",0,1
6564,20.05,5,Month-to-month,0.1284,"Low Risk
(0–30%)",0,0
6565,106.2,61,Month-to-month,0.37,"Medium Risk
(30–60%)",0,0
6566,116.55,70,Two year,0.0658,"Low Risk
(0–30%)",0,0
6567,99.7,15,Month-to-month,0.7036,"High Risk
(60–100%)",1,0
6568,19.7,8,Two year,0.0213,"Low Risk
(0–30%)",0,0
6569,19.5,8,Two year,0.0223,"Low Risk
(0–30%)",0,0
6570,29.15,4,Month-to-month,0.3121,"Medium Risk
(30–60%)",0,0
6571,55.0,34,One year,0.0387,"Low Risk
(0–30%)",0,0
6572,90.8,68,Two year,0.0287,"Low Risk
(0–30%)",0,0
6573,51.0,45,One year,0.0951,"Low Risk
(0–30%)",0,0
6574,90.1,9,Month-to-month,0.7831,"High Risk
(60–100%)",1,0
6575,59.05,22,Month-to-month,0.1344,"Low Risk
(0–30%)",0,0
6576,20.3,2,Month-to-month,0.1712,"Low Risk
(0–30%)",0,0
6577,72.95,70,Two year,0.0333,"Low Risk
(0–30%)",0,0
6578,73.55,10,One year,0.0785,"Low Risk
(0–30%)",0,0
6579,84.3,72,Two year,0.0199,"Low Risk
(0–30%)",0,0
6580,78.0,49,One year,0.1134,"Low Risk
(0–30%)",0,0
6581,72.1,54,One year,0.0591,"Low Risk
(0–30%)",0,0
6582,106.75,71,Two year,0.0892,"Low Risk
(0–30%)",0,0
6583,19.25,22,One year,0.0385,"Low Risk
(0–30%)",0,0
6584,20.55,50,Two year,0.0164,"Low Risk
(0–30%)",0,0
6585,20.0,43,One year,0.0291,"Low Risk
(0–30%)",0,0
6586,24.65,45,Two year,0.0202,"Low Risk
(0–30%)",0,0
6587,103.5,64,Month-to-month,0.3134,"Medium Risk
(30–60%)",0,0
6588,23.85,23,Two year,0.0178,"Low Risk
(0–30%)",0,0
6589,25.8,68,Two year,0.0162,"Low Risk
(0–30%)",0,0
6590,70.85,1,Month-to-month,0.7976,"High Risk
(60–100%)",1,1
6591,69.8,2,Month-to-month,0.6204,"High Risk
(60–100%)",1,1
6592,59.45,26,One year,0.0534,"Low Risk
(0–30%)",0,0
6593,54.55,55,Month-to-month,0.1192,"Low Risk
(0–30%)",0,1
6594,20.05,14,Month-to-month,0.1603,"Low Risk
(0–30%)",0,0
6595,82.55,71,Two year,0.0309,"Low Risk
(0–30%)",0,0
6596,81.25,64,One year,0.0587,"Low Risk
(0–30%)",0,0
6597,70.75,7,Month-to-month,0.2649,"Low Risk
(0–30%)",0,1
6598,74.3,57,Two year,0.0215,"Low Risk
(0–30%)",0,0
6599,94.1,13,Month-to-month,0.5548,"Medium Risk
(30–60%)",1,1
6600,29.7,3,Month-to-month,0.2553,"Low Risk
(0–30%)",0,1
6601,109.7,72,Two year,0.0545,"Low Risk
(0–30%)",0,0
6602,96.35,40,Month-to-month,0.3708,"Medium Risk
(30–60%)",0,0
6603,66.6,14,Month-to-month,0.2126,"Low Risk
(0–30%)",0,0
6604,44.5,2,Month-to-month,0.5245,"Medium Risk
(30–60%)",1,0
6605,110.9,66,One year,0.2424,"Low Risk
(0–30%)",0,1
6606,105.0,38,Month-to-month,0.5279,"Medium Risk
(30–60%)",1,1
6607,25.3,1,Month-to-month,0.6724,"High Risk
(60–100%)",1,1
6608,55.15,22,One year,0.0747,"Low Risk
(0–30%)",0,1
6609,20.1,1,Month-to-month,0.3888,"Medium Risk
(30–60%)",0,1
6610,80.1,5,Month-to-month,0.679,"High Risk
(60–100%)",1,0
6611,69.05,29,One year,0.0407,"Low Risk
(0–30%)",0,0
6612,69.9,1,Month-to-month,0.7502,"High Risk
(60–100%)",1,1
6613,20.4,3,Month-to-month,0.1387,"Low Risk
(0–30%)",0,0
6614,19.7,71,Two year,0.0107,"Low Risk
(0–30%)",0,0
6615,50.1,9,Month-to-month,0.3306,"Medium Risk
(30–60%)",0,0
6616,101.4,43,Month-to-month,0.5284,"Medium Risk
(30–60%)",1,1
6617,83.45,48,One year,0.1063,"Low Risk
(0–30%)",0,0
6618,86.65,26,Month-to-month,0.3147,"Medium Risk
(30–60%)",0,0
6619,20.15,9,Month-to-month,0.1185,"Low Risk
(0–30%)",0,0
6620,80.8,1,Month-to-month,0.8499,"High Risk
(60–100%)",1,1
6621,19.4,46,Two year,0.0164,"Low Risk
(0–30%)",0,0
6622,62.05,2,Month-to-month,0.5059,"Medium Risk
(30–60%)",1,1
6623,76.45,1,Month-to-month,0.881,"High Risk
(60–100%)",1,1
6624,60.05,64,Two year,0.0243,"Low Risk
(0–30%)",0,0
6625,91.3,12,Month-to-month,0.7234,"High Risk
(60–100%)",1,1
6626,95.75,6,Month-to-month,0.7456,"High Risk
(60–100%)",1,1
6627,20.35,59,One year,0.0255,"Low Risk
(0–30%)",0,0
6628,94.05,7,One year,0.3119,"Medium Risk
(30–60%)",0,0
6629,84.1,72,Two year,0.0338,"Low Risk
(0–30%)",0,0
6630,78.75,16,Month-to-month,0.5381,"Medium Risk
(30–60%)",1,0
6631,55.55,25,Month-to-month,0.1674,"Low Risk
(0–30%)",0,0
6632,62.65,34,Month-to-month,0.13,"Low Risk
(0–30%)",0,1
6633,74.5,1,Month-to-month,0.8462,"High Risk
(60–100%)",1,1
6634,102.1,10,Month-to-month,0.6996,"High Risk
(60–100%)",1,1
6635,20.1,24,One year,0.0327,"Low Risk
(0–30%)",0,0
6636,70.3,10,One year,0.0788,"Low Risk
(0–30%)",0,0
6637,53.65,69,One year,0.0366,"Low Risk
(0–30%)",0,0
6638,20.75,57,Two year,0.0172,"Low Risk
(0–30%)",0,0
6639,103.4,50,One year,0.1908,"Low Risk
(0–30%)",0,0
6640,50.8,28,One year,0.0395,"Low Risk
(0–30%)",0,0
6641,50.15,16,Month-to-month,0.2621,"Low Risk
(0–30%)",0,1
6642,79.0,25,Month-to-month,0.1277,"Low Risk
(0–30%)",0,0
6643,74.6,3,Month-to-month,0.6102,"High Risk
(60–100%)",1,0
6644,96.5,61,One year,0.2107,"Low Risk
(0–30%)",0,0
6645,20.1,2,Month-to-month,0.1712,"Low Risk
(0–30%)",0,0
6646,19.4,51,One year,0.0285,"Low Risk
(0–30%)",0,0
6647,77.55,71,Two year,0.0251,"Low Risk
(0–30%)",0,0
6648,20.05,20,Month-to-month,0.0791,"Low Risk
(0–30%)",0,0
6649,19.85,6,Month-to-month,0.1075,"Low Risk
(0–30%)",0,0
6650,20.2,6,Month-to-month,0.1233,"Low Risk
(0–30%)",0,0
6651,67.45,29,Month-to-month,0.0904,"Low Risk
(0–30%)",0,0
6652,18.55,36,Two year,0.0177,"Low Risk
(0–30%)",0,0
6653,29.75,28,Month-to-month,0.2251,"Low Risk
(0–30%)",0,0
6654,86.5,7,Month-to-month,0.7867,"High Risk
(60–100%)",1,1
6655,24.2,63,Two year,0.0165,"Low Risk
(0–30%)",0,0
6656,23.55,48,Two year,0.0164,"Low Risk
(0–30%)",0,0
6657,20.45,49,One year,0.0338,"Low Risk
(0–30%)",0,0
6658,81.45,27,Month-to-month,0.514,"Medium Risk
(30–60%)",1,1
6659,92.3,72,Two year,0.0178,"Low Risk
(0–30%)",0,0
6660,69.15,1,Month-to-month,0.8035,"High Risk
(60–100%)",1,1
6661,53.65,72,Two year,0.0223,"Low Risk
(0–30%)",0,0
6662,39.65,47,One year,0.0399,"Low Risk
(0–30%)",0,0
6663,54.65,1,Month-to-month,0.6672,"High Risk
(60–100%)",1,0
6664,104.8,36,One year,0.2994,"Low Risk
(0–30%)",0,0
6665,29.3,43,Month-to-month,0.1511,"Low Risk
(0–30%)",0,0
6666,83.85,27,Month-to-month,0.2503,"Low Risk
(0–30%)",0,0
6667,79.55,9,Month-to-month,0.6409,"High Risk
(60–100%)",1,1
6668,103.65,38,Month-to-month,0.5098,"Medium Risk
(30–60%)",1,0
6669,99.05,35,Month-to-month,0.5352,"Medium Risk
(30–60%)",1,0
6670,73.35,0,Two year,0.0421,"Low Risk
(0–30%)",0,0
6671,100.05,59,Two year,0.0721,"Low Risk
(0–30%)",0,0
6672,20.35,27,Two year,0.0182,"Low Risk
(0–30%)",0,0
6673,43.95,2,Month-to-month,0.5188,"Medium Risk
(30–60%)",1,0
6674,23.5,7,Month-to-month,0.1221,"Low Risk
(0–30%)",0,0
6675,70.7,36,One year,0.1208,"Low Risk
(0–30%)",0,0
6676,94.3,41,Month-to-month,0.2903,"Low Risk
(0–30%)",0,0
6677,29.15,13,Month-to-month,0.2972,"Low Risk
(0–30%)",0,0
6678,20.85,19,Two year,0.0182,"Low Risk
(0–30%)",0,0
6679,37.7,60,Two year,0.018,"Low Risk
(0–30%)",0,0
6680,95.5,48,Two year,0.0678,"Low Risk
(0–30%)",0,1
6681,91.05,3,Month-to-month,0.7488,"High Risk
(60–100%)",1,1
6682,92.45,69,Two year,0.049,"Low Risk
(0–30%)",0,0
6683,44.15,43,One year,0.1238,"Low Risk
(0–30%)",0,0
6684,36.05,11,One year,0.0605,"Low Risk
(0–30%)",0,0
6685,50.25,45,Month-to-month,0.1961,"Low Risk
(0–30%)",0,0
6686,109.75,72,Two year,0.0667,"Low Risk
(0–30%)",0,0
6687,79.2,2,Month-to-month,0.7198,"High Risk
(60–100%)",1,1
6688,20.3,12,Two year,0.0223,"Low Risk
(0–30%)",0,0
6689,112.35,67,One year,0.1513,"Low Risk
(0–30%)",0,0
6690,94.3,37,Two year,0.0761,"Low Risk
(0–30%)",0,0
6691,41.15,39,One year,0.0411,"Low Risk
(0–30%)",0,0
6692,74.65,41,Month-to-month,0.1385,"Low Risk
(0–30%)",0,0
6693,48.25,25,Month-to-month,0.3655,"Medium Risk
(30–60%)",0,0
6694,76.15,8,Two year,0.0325,"Low Risk
(0–30%)",0,0
6695,71.1,71,Two year,0.0154,"Low Risk
(0–30%)",0,0
6696,96.55,5,Month-to-month,0.6724,"High Risk
(60–100%)",1,0
6697,79.3,30,One year,0.1168,"Low Risk
(0–30%)",0,0
6698,89.6,40,One year,0.1349,"Low Risk
(0–30%)",0,0
6699,20.5,54,Two year,0.0231,"Low Risk
(0–30%)",0,0
6700,106.3,72,Two year,0.1175,"Low Risk
(0–30%)",0,0
6701,100.35,28,One year,0.2021,"Low Risk
(0–30%)",0,0
6702,85.6,18,Month-to-month,0.4346,"Medium Risk
(30–60%)",0,0
6703,45.25,2,Month-to-month,0.7122,"High Risk
(60–100%)",1,1
6704,106.15,59,One year,0.2259,"Low Risk
(0–30%)",0,0
6705,51.1,22,Month-to-month,0.2182,"Low Risk
(0–30%)",0,0
6706,19.9,1,Month-to-month,0.3421,"Medium Risk
(30–60%)",0,0
6707,25.7,72,Two year,0.0208,"Low Risk
(0–30%)",0,0
6708,74.3,14,Month-to-month,0.6256,"High Risk
(60–100%)",1,1
6709,99.4,50,One year,0.2406,"Low Risk
(0–30%)",0,0
6710,69.7,48,One year,0.0415,"Low Risk
(0–30%)",0,0
6711,98.35,49,Month-to-month,0.4676,"Medium Risk
(30–60%)",0,0
6712,85.45,28,Month-to-month,0.3844,"Medium Risk
(30–60%)",0,0
6713,95.9,68,Month-to-month,0.3743,"Medium Risk
(30–60%)",0,0
6714,100.75,13,Month-to-month,0.6019,"High Risk
(60–100%)",1,0
6715,89.2,11,Month-to-month,0.7272,"High Risk
(60–100%)",1,0
6716,74.1,3,Month-to-month,0.6864,"High Risk
(60–100%)",1,1
6717,100.6,57,Month-to-month,0.4534,"Medium Risk
(30–60%)",0,1
6718,75.0,3,Month-to-month,0.5883,"Medium Risk
(30–60%)",1,1
6719,25.75,72,Two year,0.0116,"Low Risk
(0–30%)",0,0
6720,84.1,70,Two year,0.0614,"Low Risk
(0–30%)",0,0
6721,79.3,49,Two year,0.0452,"Low Risk
(0–30%)",0,0
6722,107.05,67,One year,0.1976,"Low Risk
(0–30%)",0,0
6723,20.05,46,Two year,0.0191,"Low Risk
(0–30%)",0,0
6724,70.2,64,Two year,0.0247,"Low Risk
(0–30%)",0,1
6725,19.5,37,Month-to-month,0.0827,"Low Risk
(0–30%)",0,0
6726,70.75,2,Month-to-month,0.5696,"Medium Risk
(30–60%)",1,1
6727,45.3,13,Month-to-month,0.4297,"Medium Risk
(30–60%)",0,0
6728,115.15,72,Two year,0.0393,"Low Risk
(0–30%)",0,0
6729,72.95,68,Two year,0.0381,"Low Risk
(0–30%)",0,0
6730,19.65,15,One year,0.0347,"Low Risk
(0–30%)",0,0
6731,19.55,24,Two year,0.0219,"Low Risk
(0–30%)",0,0
6732,89.55,24,Month-to-month,0.4732,"Medium Risk
(30–60%)",0,0
6733,50.35,27,Month-to-month,0.1212,"Low Risk
(0–30%)",0,0
6734,50.25,12,Month-to-month,0.1752,"Low Risk
(0–30%)",0,1
6735,87.25,71,Two year,0.0142,"Low Risk
(0–30%)",0,0
6736,20.8,67,Two year,0.0148,"Low Risk
(0–30%)",0,0
6737,109.25,63,Two year,0.1095,"Low Risk
(0–30%)",0,0
6738,20.35,1,Month-to-month,0.3107,"Medium Risk
(30–60%)",0,0
6739,55.9,4,Month-to-month,0.4577,"Medium Risk
(30–60%)",0,0
6740,79.2,40,Month-to-month,0.2385,"Low Risk
(0–30%)",0,1
6741,96.0,12,Month-to-month,0.6812,"High Risk
(60–100%)",1,1
6742,79.2,52,Two year,0.0389,"Low Risk
(0–30%)",0,0
6743,24.0,10,Month-to-month,0.1972,"Low Risk
(0–30%)",0,0
6744,101.35,68,One year,0.1002,"Low Risk
(0–30%)",0,0
6745,100.1,54,Month-to-month,0.4687,"Medium Risk
(30–60%)",0,1
6746,56.5,4,Month-to-month,0.2516,"Low Risk
(0–30%)",0,1
6747,35.45,52,One year,0.039,"Low Risk
(0–30%)",0,0
6748,85.0,1,Month-to-month,0.8557,"High Risk
(60–100%)",1,1
6749,79.4,70,One year,0.0438,"Low Risk
(0–30%)",0,0
6750,35.2,43,One year,0.0589,"Low Risk
(0–30%)",0,0
6751,19.65,52,Two year,0.018,"Low Risk
(0–30%)",0,0
6752,49.85,12,Two year,0.0408,"Low Risk
(0–30%)",0,0
6753,68.75,56,One year,0.0505,"Low Risk
(0–30%)",0,0
6754,61.9,0,Two year,0.0264,"Low Risk
(0–30%)",0,0
6755,79.9,42,Month-to-month,0.355,"Medium Risk
(30–60%)",0,0
6756,89.75,22,Month-to-month,0.438,"Medium Risk
(30–60%)",0,0
6757,59.3,51,One year,0.0876,"Low Risk
(0–30%)",0,1
6758,19.4,27,Month-to-month,0.0919,"Low Risk
(0–30%)",0,0
6759,93.65,51,One year,0.1485,"Low Risk
(0–30%)",0,0
6760,49.4,4,Month-to-month,0.2993,"Low Risk
(0–30%)",0,1
6761,19.9,1,Month-to-month,0.3821,"Medium Risk
(30–60%)",0,0
6762,55.0,35,Month-to-month,0.1572,"Low Risk
(0–30%)",0,1
6763,72.9,71,One year,0.0657,"Low Risk
(0–30%)",0,0
6764,69.2,1,Month-to-month,0.8035,"High Risk
(60–100%)",1,1
6765,25.6,69,Two year,0.0154,"Low Risk
(0–30%)",0,0
6766,19.75,14,One year,0.0347,"Low Risk
(0–30%)",0,0
6767,55.7,57,Month-to-month,0.1109,"Low Risk
(0–30%)",0,0
6768,117.5,72,Two year,0.0368,"Low Risk
(0–30%)",0,0
6769,19.85,48,Two year,0.0181,"Low Risk
(0–30%)",0,0
6770,78.9,4,Month-to-month,0.6646,"High Risk
(60–100%)",1,0
6771,20.65,31,Month-to-month,0.0998,"Low Risk
(0–30%)",0,0
6772,62.3,38,One year,0.1141,"Low Risk
(0–30%)",0,1
6773,92.5,37,Month-to-month,0.522,"Medium Risk
(30–60%)",1,1
6774,19.65,1,Month-to-month,0.3238,"Medium Risk
(30–60%)",0,0
6775,79.75,57,Two year,0.0687,"Low Risk
(0–30%)",0,0
6776,79.95,62,Two year,0.0288,"Low Risk
(0–30%)",0,0
6777,29.9,3,Month-to-month,0.5132,"Medium Risk
(30–60%)",1,0
6778,19.75,72,Two year,0.016,"Low Risk
(0–30%)",0,0
6779,45.0,29,Month-to-month,0.0975,"Low Risk
(0–30%)",0,0
6780,44.8,13,Month-to-month,0.168,"Low Risk
(0–30%)",0,0
6781,69.65,3,Month-to-month,0.5373,"Medium Risk
(30–60%)",1,1
6782,51.1,11,Month-to-month,0.2296,"Low Risk
(0–30%)",0,0
6783,53.15,21,Two year,0.0236,"Low Risk
(0–30%)",0,0
6784,24.7,19,Month-to-month,0.1126,"Low Risk
(0–30%)",0,0
6785,111.6,61,Two year,0.1376,"Low Risk
(0–30%)",0,1
6786,48.55,11,Month-to-month,0.1603,"Low Risk
(0–30%)",0,1
6787,109.95,35,Month-to-month,0.4022,"Medium Risk
(30–60%)",0,0
6788,20.8,25,Month-to-month,0.0791,"Low Risk
(0–30%)",0,0
6789,20.2,1,Month-to-month,0.3819,"Medium Risk
(30–60%)",0,1
6790,25.6,67,Two year,0.0192,"Low Risk
(0–30%)",0,0
6791,39.65,19,Month-to-month,0.4557,"Medium Risk
(30–60%)",0,1
6792,24.9,56,One year,0.0506,"Low Risk
(0–30%)",0,1
6793,108.4,72,Two year,0.0597,"Low Risk
(0–30%)",0,0
6794,19.55,43,Two year,0.0185,"Low Risk
(0–30%)",0,0
6795,85.1,55,Month-to-month,0.2287,"Low Risk
(0–30%)",0,0
6796,56.7,2,Month-to-month,0.2845,"Low Risk
(0–30%)",0,1
6797,69.05,27,Month-to-month,0.283,"Low Risk
(0–30%)",0,0
6798,70.15,13,Month-to-month,0.4211,"Medium Risk
(30–60%)",0,0
6799,111.15,70,Two year,0.1135,"Low Risk
(0–30%)",0,0
6800,105.95,14,One year,0.2513,"Low Risk
(0–30%)",0,1
6801,89.35,19,One year,0.1521,"Low Risk
(0–30%)",0,0
6802,89.1,20,Month-to-month,0.3711,"Medium Risk
(30–60%)",0,0
6803,91.25,43,One year,0.0563,"Low Risk
(0–30%)",0,0
6804,90.35,5,Month-to-month,0.4923,"Medium Risk
(30–60%)",0,0
6805,105.55,70,One year,0.1959,"Low Risk
(0–30%)",0,0
6806,19.1,40,Two year,0.0164,"Low Risk
(0–30%)",0,0
6807,20.4,6,Two year,0.0259,"Low Risk
(0–30%)",0,0
6808,100.45,39,Two year,0.1126,"Low Risk
(0–30%)",0,0
6809,74.95,4,Month-to-month,0.6726,"High Risk
(60–100%)",1,1
6810,29.7,15,Month-to-month,0.3655,"Medium Risk
(30–60%)",0,1
6811,50.35,1,Month-to-month,0.7451,"High Risk
(60–100%)",1,1
6812,85.7,45,Month-to-month,0.1984,"Low Risk
(0–30%)",0,0
6813,47.85,64,Two year,0.0366,"Low Risk
(0–30%)",0,1
6814,94.0,57,Month-to-month,0.2657,"Low Risk
(0–30%)",0,0
6815,69.85,72,Two year,0.0129,"Low Risk
(0–30%)",0,0
6816,70.3,1,Month-to-month,0.7976,"High Risk
(60–100%)",1,1
6817,25.85,72,Two year,0.0116,"Low Risk
(0–30%)",0,0
6818,71.1,3,Two year,0.0317,"Low Risk
(0–30%)",0,0
6819,98.8,55,Month-to-month,0.4825,"Medium Risk
(30–60%)",0,1
6820,93.35,59,Month-to-month,0.3006,"Medium Risk
(30–60%)",0,0
6821,99.85,18,Month-to-month,0.5194,"Medium Risk
(30–60%)",1,1
6822,80.3,32,Month-to-month,0.3596,"Medium Risk
(30–60%)",0,1
6823,50.55,4,Month-to-month,0.2491,"Low Risk
(0–30%)",0,0
6824,80.45,66,Month-to-month,0.2535,"Low Risk
(0–30%)",0,1
6825,81.3,27,Month-to-month,0.5335,"Medium Risk
(30–60%)",1,0
6826,20.7,4,Month-to-month,0.1558,"Low Risk
(0–30%)",0,0
6827,79.05,60,Month-to-month,0.0857,"Low Risk
(0–30%)",0,0
6828,19.05,8,Two year,0.0198,"Low Risk
(0–30%)",0,0
6829,19.6,8,Two year,0.0213,"Low Risk
(0–30%)",0,0
6830,20.2,35,Two year,0.0194,"Low Risk
(0–30%)",0,0
6831,86.8,7,Month-to-month,0.7646,"High Risk
(60–100%)",1,1
6832,20.9,53,Two year,0.0158,"Low Risk
(0–30%)",0,0
6833,103.6,18,Month-to-month,0.5141,"Medium Risk
(30–60%)",1,0
6834,38.8,15,Two year,0.0991,"Low Risk
(0–30%)",0,0
6835,88.4,67,One year,0.1004,"Low Risk
(0–30%)",0,0
6836,84.2,6,Month-to-month,0.666,"High Risk
(60–100%)",1,1
6837,79.7,6,Month-to-month,0.6875,"High Risk
(60–100%)",1,0
6838,99.0,13,Month-to-month,0.6102,"High Risk
(60–100%)",1,1
6839,100.75,11,Month-to-month,0.7928,"High Risk
(60–100%)",1,1
6840,19.3,1,Month-to-month,0.318,"Medium Risk
(30–60%)",0,0
6841,55.75,5,Month-to-month,0.1826,"Low Risk
(0–30%)",0,0
6842,19.95,13,One year,0.0445,"Low Risk
(0–30%)",0,0
6843,91.75,9,Month-to-month,0.4682,"Medium Risk
(30–60%)",0,1
6844,89.65,29,Month-to-month,0.259,"Low Risk
(0–30%)",0,0
6845,45.85,1,Month-to-month,0.606,"High Risk
(60–100%)",1,0
6846,79.55,1,Month-to-month,0.8612,"High Risk
(60–100%)",1,1
6847,55.95,18,Month-to-month,0.1764,"Low Risk
(0–30%)",0,0
6848,69.0,2,Month-to-month,0.408,"Medium Risk
(30–60%)",0,0
6849,83.55,30,Month-to-month,0.2932,"Low Risk
(0–30%)",0,0
6850,65.7,66,Two year,0.0169,"Low Risk
(0–30%)",0,0
6851,94.9,38,Two year,0.0897,"Low Risk
(0–30%)",0,0
6852,61.9,44,Month-to-month,0.1344,"Low Risk
(0–30%)",0,0
6853,111.1,54,Month-to-month,0.3576,"Medium Risk
(30–60%)",0,1
6854,20.0,2,Month-to-month,0.2202,"Low Risk
(0–30%)",0,0
6855,67.7,42,One year,0.0664,"Low Risk
(0–30%)",0,0
6856,25.15,58,Two year,0.0134,"Low Risk
(0–30%)",0,0
6857,92.85,58,Month-to-month,0.3255,"Medium Risk
(30–60%)",0,0
6858,89.1,25,Month-to-month,0.5507,"Medium Risk
(30–60%)",1,1
6859,111.3,71,Two year,0.0375,"Low Risk
(0–30%)",0,0
6860,101.9,37,Month-to-month,0.4419,"Medium Risk
(30–60%)",0,1
6861,91.65,14,Month-to-month,0.5815,"Medium Risk
(30–60%)",1,1
6862,88.85,4,Month-to-month,0.8074,"High Risk
(60–100%)",1,1
6863,60.6,48,One year,0.0496,"Low Risk
(0–30%)",0,0
6864,25.3,3,Month-to-month,0.5649,"Medium Risk
(30–60%)",1,1
6865,65.5,8,Two year,0.0364,"Low Risk
(0–30%)",0,0
6866,95.45,1,Month-to-month,0.8979,"High Risk
(60–100%)",1,1
6867,19.95,67,Two year,0.0154,"Low Risk
(0–30%)",0,0
6868,91.1,13,Month-to-month,0.6499,"High Risk
(60–100%)",1,1
6869,54.15,45,One year,0.071,"Low Risk
(0–30%)",0,1
6870,74.6,49,Month-to-month,0.2724,"Low Risk
(0–30%)",0,0
6871,94.6,52,Month-to-month,0.2813,"Low Risk
(0–30%)",0,0
6872,81.15,63,One year,0.0458,"Low Risk
(0–30%)",0,0
6873,89.05,68,Two year,0.0231,"Low Risk
(0–30%)",0,0
6874,49.2,31,Month-to-month,0.1313,"Low Risk
(0–30%)",0,0
6875,19.45,64,Two year,0.0152,"Low Risk
(0–30%)",0,0
6876,104.3,62,One year,0.2008,"Low Risk
(0–30%)",0,0
6877,69.7,1,Month-to-month,0.717,"High Risk
(60–100%)",1,1
6878,89.5,6,Month-to-month,0.7065,"High Risk
(60–100%)",1,1
6879,86.05,21,Month-to-month,0.4407,"Medium Risk
(30–60%)",0,0
6880,25.2,72,Two year,0.01,"Low Risk
(0–30%)",0,0
6881,35.15,32,Month-to-month,0.1835,"Low Risk
(0–30%)",0,0
6882,99.65,71,One year,0.0529,"Low Risk
(0–30%)",0,0
6883,105.35,34,Month-to-month,0.2996,"Low Risk
(0–30%)",0,0
6884,35.15,3,Month-to-month,0.6549,"High Risk
(60–100%)",1,1
6885,73.75,12,Month-to-month,0.4844,"Medium Risk
(30–60%)",0,1
6886,101.35,8,Month-to-month,0.7473,"High Risk
(60–100%)",1,1
6887,24.3,35,Two year,0.0174,"Low Risk
(0–30%)",0,0
6888,80.7,3,Month-to-month,0.7086,"High Risk
(60–100%)",1,0
6889,89.85,3,Month-to-month,0.6441,"High Risk
(60–100%)",1,0
6890,61.1,53,One year,0.1255,"Low Risk
(0–30%)",0,0
6891,29.05,4,Month-to-month,0.4127,"Medium Risk
(30–60%)",0,0
6892,99.7,48,One year,0.1684,"Low Risk
(0–30%)",0,0
6893,55.9,6,Month-to-month,0.1599,"Low Risk
(0–30%)",0,1
6894,105.9,3,Month-to-month,0.8255,"High Risk
(60–100%)",1,1
6895,46.0,54,Two year,0.043,"Low Risk
(0–30%)",0,0
6896,43.95,1,Month-to-month,0.4807,"Medium Risk
(30–60%)",0,1
6897,80.4,62,Month-to-month,0.1209,"Low Risk
(0–30%)",0,0
6898,100.05,22,One year,0.2622,"Low Risk
(0–30%)",0,0
6899,45.1,1,Month-to-month,0.5544,"Medium Risk
(30–60%)",1,1
6900,94.0,51,One year,0.2195,"Low Risk
(0–30%)",0,0
6901,68.95,30,One year,0.1041,"Low Risk
(0–30%)",0,0
6902,68.45,56,One year,0.0372,"Low Risk
(0–30%)",0,0
6903,69.0,35,One year,0.1375,"Low Risk
(0–30%)",0,0
6904,43.85,64,Month-to-month,0.1973,"Low Risk
(0–30%)",0,0
6905,44.5,30,Month-to-month,0.303,"Medium Risk
(30–60%)",0,0
6906,18.7,25,Two year,0.018,"Low Risk
(0–30%)",0,0
6907,70.25,41,Month-to-month,0.2534,"Low Risk
(0–30%)",0,1
6908,55.35,9,Month-to-month,0.3061,"Medium Risk
(30–60%)",0,1
6909,53.55,1,Month-to-month,0.4322,"Medium Risk
(30–60%)",0,0
6910,114.6,70,Two year,0.0693,"Low Risk
(0–30%)",0,0
6911,20.1,57,Two year,0.0164,"Low Risk
(0–30%)",0,0
6912,85.5,9,Month-to-month,0.7673,"High Risk
(60–100%)",1,0
6913,108.75,69,One year,0.164,"Low Risk
(0–30%)",0,0
6914,103.0,43,Month-to-month,0.544,"Medium Risk
(30–60%)",1,1
6915,97.85,72,Two year,0.1329,"Low Risk
(0–30%)",0,0
6916,19.55,44,Two year,0.0173,"Low Risk
(0–30%)",0,0
6917,84.05,72,Two year,0.024,"Low Risk
(0–30%)",0,0
6918,103.75,33,One year,0.2759,"Low Risk
(0–30%)",0,1
6919,89.4,54,Month-to-month,0.2349,"Low Risk
(0–30%)",0,0
6920,19.7,27,Two year,0.0165,"Low Risk
(0–30%)",0,0
6921,79.85,54,Month-to-month,0.2399,"Low Risk
(0–30%)",0,0
6922,74.45,3,Month-to-month,0.5067,"Medium Risk
(30–60%)",1,0
6923,74.1,53,One year,0.0806,"Low Risk
(0–30%)",0,0
6924,69.35,1,Month-to-month,0.8035,"High Risk
(60–100%)",1,1
6925,18.8,15,One year,0.0339,"Low Risk
(0–30%)",0,0
6926,73.85,56,Month-to-month,0.283,"Low Risk
(0–30%)",0,1
6927,64.4,5,Month-to-month,0.145,"Low Risk
(0–30%)",0,0
6928,55.8,48,One year,0.0893,"Low Risk
(0–30%)",0,0
6929,20.05,25,Month-to-month,0.0758,"Low Risk
(0–30%)",0,0
6930,75.15,3,Month-to-month,0.6864,"High Risk
(60–100%)",1,1
6931,99.15,58,One year,0.1233,"Low Risk
(0–30%)",0,0
6932,56.75,10,Month-to-month,0.2976,"Low Risk
(0–30%)",0,0
6933,69.6,1,Month-to-month,0.8035,"High Risk
(60–100%)",1,1
6934,104.15,71,Two year,0.075,"Low Risk
(0–30%)",0,0
6935,110.8,65,Two year,0.0848,"Low Risk
(0–30%)",0,0
6936,80.15,5,Month-to-month,0.7289,"High Risk
(60–100%)",1,1
6937,35.75,28,Month-to-month,0.1538,"Low Risk
(0–30%)",0,0
6938,69.9,67,Two year,0.0381,"Low Risk
(0–30%)",0,0
6939,89.2,35,One year,0.0992,"Low Risk
(0–30%)",0,0
6940,55.65,72,Two year,0.0146,"Low Risk
(0–30%)",0,0
6941,50.7,61,One year,0.0428,"Low Risk
(0–30%)",0,0
6942,20.0,68,Two year,0.0192,"Low Risk
(0–30%)",0,0
6943,30.5,1,Month-to-month,0.3821,"Medium Risk
(30–60%)",0,1
6944,19.1,3,Month-to-month,0.168,"Low Risk
(0–30%)",0,0
6945,98.3,70,Two year,0.0707,"Low Risk
(0–30%)",0,1
6946,45.55,48,Month-to-month,0.1762,"Low Risk
(0–30%)",0,0
6947,101.05,68,One year,0.1965,"Low Risk
(0–30%)",0,0
6948,103.7,47,One year,0.2577,"Low Risk
(0–30%)",0,0
6949,36.25,32,One year,0.0704,"Low Risk
(0–30%)",0,0
6950,49.4,5,Month-to-month,0.2367,"Low Risk
(0–30%)",0,0
6951,19.9,49,Two year,0.0194,"Low Risk
(0–30%)",0,0
6952,107.4,48,Month-to-month,0.4349,"Medium Risk
(30–60%)",0,1
6953,82.0,13,Month-to-month,0.697,"High Risk
(60–100%)",1,1
6954,19.8,15,Month-to-month,0.116,"Low Risk
(0–30%)",0,0
6955,45.05,12,Month-to-month,0.3501,"Medium Risk
(30–60%)",0,0
6956,64.55,67,Two year,0.0229,"Low Risk
(0–30%)",0,0
6957,86.25,9,Month-to-month,0.5402,"Medium Risk
(30–60%)",1,0
6958,19.75,13,Two year,0.024,"Low Risk
(0–30%)",0,0
6959,89.1,38,One year,0.1781,"Low Risk
(0–30%)",0,0
6960,95.55,42,Month-to-month,0.4984,"Medium Risk
(30–60%)",0,0
6961,75.4,24,Month-to-month,0.365,"Medium Risk
(30–60%)",0,1
6962,101.25,27,Month-to-month,0.5209,"Medium Risk
(30–60%)",1,1
6963,102.6,9,Month-to-month,0.7109,"High Risk
(60–100%)",1,0
6964,56.3,49,One year,0.1084,"Low Risk
(0–30%)",0,0
6965,94.2,61,Month-to-month,0.1875,"Low Risk
(0–30%)",0,0
6966,43.05,50,One year,0.0556,"Low Risk
(0–30%)",0,0
6967,89.5,25,Month-to-month,0.5884,"Medium Risk
(30–60%)",1,1
6968,74.4,22,Month-to-month,0.4131,"Medium Risk
(30–60%)",0,1
6969,20.5,1,Month-to-month,0.3107,"Medium Risk
(30–60%)",0,1
6970,74.35,4,Month-to-month,0.7486,"High Risk
(60–100%)",1,1
6971,99.75,18,Month-to-month,0.4612,"Medium Risk
(30–60%)",0,1
6972,111.95,56,One year,0.3036,"Medium Risk
(30–60%)",0,1
6973,94.0,53,One year,0.1767,"Low Risk
(0–30%)",0,0
6974,98.85,51,One year,0.354,"Medium Risk
(30–60%)",0,0
6975,64.35,24,Two year,0.0438,"Low Risk
(0–30%)",0,0
6976,72.0,62,Two year,0.028,"Low Risk
(0–30%)",0,0
6977,49.7,24,Month-to-month,0.1937,"Low Risk
(0–30%)",0,0
6978,80.7,70,Two year,0.0287,"Low Risk
(0–30%)",0,0
6979,24.2,1,Month-to-month,0.4902,"Medium Risk
(30–60%)",0,0
6980,39.0,16,Month-to-month,0.3032,"Medium Risk
(30–60%)",0,1
6981,65.45,8,Month-to-month,0.2966,"Low Risk
(0–30%)",0,0
6982,74.35,72,Two year,0.0213,"Low Risk
(0–30%)",0,0
6983,83.2,23,Month-to-month,0.2552,"Low Risk
(0–30%)",0,0
6984,25.0,31,Month-to-month,0.1604,"Low Risk
(0–30%)",0,0
6985,40.2,37,One year,0.0576,"Low Risk
(0–30%)",0,0
6986,94.1,30,Month-to-month,0.3445,"Medium Risk
(30–60%)",0,1
6987,108.35,35,One year,0.2942,"Low Risk
(0–30%)",0,0
6988,69.5,23,Month-to-month,0.147,"Low Risk
(0–30%)",0,0
6989,76.0,20,One year,0.0973,"Low Risk
(0–30%)",0,0
6990,93.6,36,Month-to-month,0.3674,"Medium Risk
(30–60%)",0,0
6991,95.65,8,Month-to-month,0.6319,"High Risk
(60–100%)",1,1
6992,100.55,71,One year,0.1211,"Low Risk
(0–30%)",0,0
6993,88.05,50,Month-to-month,0.4608,"Medium Risk
(30–60%)",0,1
6994,24.45,43,One year,0.0363,"Low Risk
(0–30%)",0,0
6995,89.55,57,Two year,0.0203,"Low Risk
(0–30%)",0,0
6996,66.5,41,One year,0.107,"Low Risk
(0–30%)",0,1
6997,76.1,27,Month-to-month,0.3778,"Medium Risk
(30–60%)",0,0
6998,80.5,13,Month-to-month,0.5953,"Medium Risk
(30–60%)",1,0
6999,35.45,3,Month-to-month,0.3482,"Medium Risk
(30–60%)",0,1
7000,20.55,67,One year,0.0317,"Low Risk
(0–30%)",0,0
7001,49.9,3,Month-to-month,0.4268,"Medium Risk
(30–60%)",0,1
7002,105.4,64,Two year,0.1044,"Low Risk
(0–30%)",0,0
7003,35.75,26,Month-to-month,0.1943,"Low Risk
(0–30%)",0,0
7004,95.1,38,Month-to-month,0.3666,"Medium Risk
(30–60%)",0,0
7005,19.3,23,One year,0.0316,"Low Risk
(0–30%)",0,0
7006,104.5,40,Month-to-month,0.4473,"Medium Risk
(30–60%)",0,1
7007,63.1,72,Two year,0.0262,"Low Risk
(0–30%)",0,0
7008,75.05,3,Month-to-month,0.6993,"High Risk
(60–100%)",1,1
7009,81.0,23,Month-to-month,0.5413,"Medium Risk
(30–60%)",1,1
7010,74.45,1,Month-to-month,0.8552,"High Risk
(60–100%)",1,1
7011,60.4,4,Month-to-month,0.1729,"Low Risk
(0–30%)",0,1
7012,84.95,62,Two year,0.0355,"Low Risk
(0–30%)",0,0
7013,93.4,40,Month-to-month,0.3757,"Medium Risk
(30–60%)",0,0
7014,89.2,41,Month-to-month,0.4763,"Medium Risk
(30–60%)",0,0
7015,85.2,34,Month-to-month,0.3741,"Medium Risk
(30–60%)",0,0
7016,49.95,1,Month-to-month,0.5499,"Medium Risk
(30–60%)",1,0
7017,20.65,51,Two year,0.0189,"Low Risk
(0–30%)",0,0
7018,70.65,1,Month-to-month,0.7502,"High Risk
(60–100%)",1,1
7019,20.15,39,Two year,0.0185,"Low Risk
(0–30%)",0,0
7020,19.2,12,Month-to-month,0.1318,"Low Risk
(0–30%)",0,0
7021,59.8,12,One year,0.1477,"Low Risk
(0–30%)",0,1
7022,104.95,72,One year,0.2259,"Low Risk
(0–30%)",0,0
7023,103.5,63,Month-to-month,0.4362,"Medium Risk
(30–60%)",0,0
7024,84.8,44,Month-to-month,0.2625,"Low Risk
(0–30%)",0,0
7025,95.05,18,Month-to-month,0.4213,"Medium Risk
(30–60%)",0,0
7026,44.2,9,Month-to-month,0.2825,"Low Risk
(0–30%)",0,1
7027,73.35,13,Month-to-month,0.1576,"Low Risk
(0–30%)",0,0
7028,64.1,68,Two year,0.0295,"Low Risk
(0–30%)",0,0
7029,44.4,6,Month-to-month,0.6142,"High Risk
(60–100%)",1,0
7030,20.05,2,Month-to-month,0.2073,"Low Risk
(0–30%)",0,0
7031,60.0,55,One year,0.0433,"Low Risk
(0–30%)",0,0
7032,75.75,1,Month-to-month,0.8635,"High Risk
(60–100%)",1,1
7033,69.5,38,Month-to-month,0.2938,"Low Risk
(0–30%)",0,0
7034,102.95,67,Month-to-month,0.2923,"Low Risk
(0–30%)",0,1
7035,78.7,19,Month-to-month,0.363,"Medium Risk
(30–60%)",0,0
7036,60.65,12,One year,0.1724,"Low Risk
(0–30%)",0,0
7037,21.15,72,Two year,0.0132,"Low Risk
(0–30%)",0,0
7038,84.8,24,One year,0.0786,"Low Risk
(0–30%)",0,0
7039,103.2,72,One year,0.1193,"Low Risk
(0–30%)",0,0
7040,29.6,11,Month-to-month,0.3116,"Medium Risk
(30–60%)",0,0
7041,74.4,4,Month-to-month,0.7045,"High Risk
(60–100%)",1,1
7042,105.65,66,Two year,0.1224,"Low Risk
(0–30%)",0,0
